version_id,commit_sha,viewer_count,iteration,viewer_index,operation,event_type,run_type,evidence_type,request_sent_ms_monotonic,database_operation_completed_ms_monotonic,websocket_broadcast_ms_monotonic,second_client_received_ms_monotonic,second_client_store_updated_ms_monotonic,ui_rendered_ms_monotonic,api_commit_latency_ms,commit_to_broadcast_latency_ms,broadcast_to_receive_latency_ms,receive_to_render_latency_ms,total_event_to_receive_ms,total_event_to_render_ms,response_status,lost_event,duplicate_event,out_of_order_event,sample_size,caveat
realtime_final,c1007231c2bf1dc77091bb381df5462de3dd6b6f,1,1,1,comment_create,new_comment,measured_warm,node_websocket_client_timing,381.464,394.935,,394.525,,,13.471,,,,13.060,,201,0,0,0,10,"Database completion is approximated by HTTP response completion. Server broadcast timestamp, client-store update, and browser render were not instrumented and remain blank."
realtime_final,c1007231c2bf1dc77091bb381df5462de3dd6b6f,1,1,1,comment_edit,comment_updated,measured_warm,node_websocket_client_timing,428.137,439.759,,439.360,,,11.621,,,,11.223,,200,0,0,0,10,"Database completion is approximated by HTTP response completion. Server broadcast timestamp, client-store update, and browser render were not instrumented and remain blank."
realtime_final,c1007231c2bf1dc77091bb381df5462de3dd6b6f,1,1,1,rating_update,rating_updated,measured_warm,node_websocket_client_timing,474.052,484.052,,483.624,,,10.000,,,,9.572,,200,0,0,0,10,"Database completion is approximated by HTTP response completion. Server broadcast timestamp, client-store update, and browser render were not instrumented and remain blank."
realtime_final,c1007231c2bf1dc77091bb381df5462de3dd6b6f,1,1,1,comment_delete,comment_deleted,measured_warm,node_websocket_client_timing,520.212,530.859,,530.348,,,10.647,,,,10.136,,200,0,0,0,10,"Database completion is approximated by HTTP response completion. Server broadcast timestamp, client-store update, and browser render were not instrumented and remain blank."
realtime_final,c1007231c2bf1dc77091bb381df5462de3dd6b6f,1,2,1,comment_create,new_comment,measured_warm,node_websocket_client_timing,565.220,576.168,,575.510,,,10.949,,,,10.290,,201,0,0,0,10,"Database completion is approximated by HTTP response completion. Server broadcast timestamp, client-store update, and browser render were not instrumented and remain blank."
realtime_final,c1007231c2bf1dc77091bb381df5462de3dd6b6f,1,2,1,comment_edit,comment_updated,measured_warm,node_websocket_client_timing,611.894,623.273,,622.907,,,11.379,,,,11.013,,200,0,0,0,10,"Database completion is approximated by HTTP response completion. Server broadcast timestamp, client-store update, and browser render were not instrumented and remain blank."
realtime_final,c1007231c2bf1dc77091bb381df5462de3dd6b6f,1,2,1,rating_update,rating_updated,measured_warm,node_websocket_client_timing,658.458,677.070,,676.774,,,18.611,,,,18.316,,200,0,0,0,10,"Database completion is approximated by HTTP response completion. Server broadcast timestamp, client-store update, and browser render were not instrumented and remain blank."
realtime_final,c1007231c2bf1dc77091bb381df5462de3dd6b6f,1,2,1,comment_delete,comment_deleted,measured_warm,node_websocket_client_timing,719.867,729.454,,729.154,,,9.587,,,,9.288,,200,0,0,0,10,"Database completion is approximated by HTTP response completion. Server broadcast timestamp, client-store update, and browser render were not instrumented and remain blank."
realtime_final,c1007231c2bf1dc77091bb381df5462de3dd6b6f,1,3,1,comment_create,new_comment,measured_warm,node_websocket_client_timing,765.269,776.466,,776.121,,,11.197,,,,10.852,,201,0,0,0,10,"Database completion is approximated by HTTP response completion. Server broadcast timestamp, client-store update, and browser render were not instrumented and remain blank."
realtime_final,c1007231c2bf1dc77091bb381df5462de3dd6b6f,1,3,1,comment_edit,comment_updated,measured_warm,node_websocket_client_timing,811.994,831.116,,830.852,,,19.122,,,,18.859,,200,0,0,0,10,"Database completion is approximated by HTTP response completion. Server broadcast timestamp, client-store update, and browser render were not instrumented and remain blank."
realtime_final,c1007231c2bf1dc77091bb381df5462de3dd6b6f,1,3,1,rating_update,rating_updated,measured_warm,node_websocket_client_timing,873.215,886.191,,885.841,,,12.976,,,,12.626,,200,0,0,0,10,"Database completion is approximated by HTTP response completion. Server broadcast timestamp, client-store update, and browser render were not instrumented and remain blank."
realtime_final,c1007231c2bf1dc77091bb381df5462de3dd6b6f,1,3,1,comment_delete,comment_deleted,measured_warm,node_websocket_client_timing,919.755,930.810,,930.501,,,11.056,,,,10.746,,200,0,0,0,10,"Database completion is approximated by HTTP response completion. Server broadcast timestamp, client-store update, and browser render were not instrumented and remain blank."
realtime_final,c1007231c2bf1dc77091bb381df5462de3dd6b6f,1,4,1,comment_create,new_comment,measured_warm,node_websocket_client_timing,966.422,976.660,,976.289,,,10.239,,,,9.867,,201,0,0,0,10,"Database completion is approximated by HTTP response completion. Server broadcast timestamp, client-store update, and browser render were not instrumented and remain blank."
realtime_final,c1007231c2bf1dc77091bb381df5462de3dd6b6f,1,4,1,comment_edit,comment_updated,measured_warm,node_websocket_client_timing,1012.415,1024.951,,1024.539,,,12.536,,,,12.123,,200,0,0,0,10,"Database completion is approximated by HTTP response completion. Server broadcast timestamp, client-store update, and browser render were not instrumented and remain blank."
realtime_final,c1007231c2bf1dc77091bb381df5462de3dd6b6f,1,4,1,rating_update,rating_updated,measured_warm,node_websocket_client_timing,1058.661,1071.276,,1070.867,,,12.615,,,,12.206,,200,0,0,0,10,"Database completion is approximated by HTTP response completion. Server broadcast timestamp, client-store update, and browser render were not instrumented and remain blank."
realtime_final,c1007231c2bf1dc77091bb381df5462de3dd6b6f,1,4,1,comment_delete,comment_deleted,measured_warm,node_websocket_client_timing,1104.701,1141.407,,1141.001,,,36.705,,,,36.299,,200,0,0,0,10,"Database completion is approximated by HTTP response completion. Server broadcast timestamp, client-store update, and browser render were not instrumented and remain blank."
realtime_final,c1007231c2bf1dc77091bb381df5462de3dd6b6f,1,5,1,comment_create,new_comment,measured_warm,node_websocket_client_timing,1181.996,1193.063,,1192.568,,,11.068,,,,10.572,,201,0,0,0,10,"Database completion is approximated by HTTP response completion. Server broadcast timestamp, client-store update, and browser render were not instrumented and remain blank."
realtime_final,c1007231c2bf1dc77091bb381df5462de3dd6b6f,1,5,1,comment_edit,comment_updated,measured_warm,node_websocket_client_timing,1227.381,1265.827,,1265.505,,,38.446,,,,38.124,,200,0,0,0,10,"Database completion is approximated by HTTP response completion. Server broadcast timestamp, client-store update, and browser render were not instrumented and remain blank."
realtime_final,c1007231c2bf1dc77091bb381df5462de3dd6b6f,1,5,1,rating_update,rating_updated,measured_warm,node_websocket_client_timing,1304.077,1319.335,,1318.857,,,15.258,,,,14.780,,200,0,0,0,10,"Database completion is approximated by HTTP response completion. Server broadcast timestamp, client-store update, and browser render were not instrumented and remain blank."
realtime_final,c1007231c2bf1dc77091bb381df5462de3dd6b6f,1,5,1,comment_delete,comment_deleted,measured_warm,node_websocket_client_timing,1350.420,1362.034,,1361.714,,,11.614,,,,11.295,,200,0,0,0,10,"Database completion is approximated by HTTP response completion. Server broadcast timestamp, client-store update, and browser render were not instrumented and remain blank."
realtime_final,c1007231c2bf1dc77091bb381df5462de3dd6b6f,1,6,1,comment_create,new_comment,measured_warm,node_websocket_client_timing,1396.500,1407.503,,1407.225,,,11.003,,,,10.725,,201,0,0,0,10,"Database completion is approximated by HTTP response completion. Server broadcast timestamp, client-store update, and browser render were not instrumented and remain blank."
realtime_final,c1007231c2bf1dc77091bb381df5462de3dd6b6f,1,6,1,comment_edit,comment_updated,measured_warm,node_websocket_client_timing,1443.477,1454.706,,1454.442,,,11.228,,,,10.964,,200,0,0,0,10,"Database completion is approximated by HTTP response completion. Server broadcast timestamp, client-store update, and browser render were not instrumented and remain blank."
realtime_final,c1007231c2bf1dc77091bb381df5462de3dd6b6f,1,6,1,rating_update,rating_updated,measured_warm,node_websocket_client_timing,1489.129,1501.660,,1501.354,,,12.532,,,,12.226,,200,0,0,0,10,"Database completion is approximated by HTTP response completion. Server broadcast timestamp, client-store update, and browser render were not instrumented and remain blank."
realtime_final,c1007231c2bf1dc77091bb381df5462de3dd6b6f,1,6,1,comment_delete,comment_deleted,measured_warm,node_websocket_client_timing,1535.217,1546.490,,1546.188,,,11.272,,,,10.970,,200,0,0,0,10,"Database completion is approximated by HTTP response completion. Server broadcast timestamp, client-store update, and browser render were not instrumented and remain blank."
realtime_final,c1007231c2bf1dc77091bb381df5462de3dd6b6f,1,7,1,comment_create,new_comment,measured_warm,node_websocket_client_timing,1581.602,1592.970,,1592.667,,,11.367,,,,11.065,,201,0,0,0,10,"Database completion is approximated by HTTP response completion. Server broadcast timestamp, client-store update, and browser render were not instrumented and remain blank."
realtime_final,c1007231c2bf1dc77091bb381df5462de3dd6b6f,1,7,1,comment_edit,comment_updated,measured_warm,node_websocket_client_timing,1628.040,1640.387,,1640.057,,,12.348,,,,12.018,,200,0,0,0,10,"Database completion is approximated by HTTP response completion. Server broadcast timestamp, client-store update, and browser render were not instrumented and remain blank."
realtime_final,c1007231c2bf1dc77091bb381df5462de3dd6b6f,1,7,1,rating_update,rating_updated,measured_warm,node_websocket_client_timing,1674.425,1684.478,,1684.221,,,10.054,,,,9.796,,200,0,0,0,10,"Database completion is approximated by HTTP response completion. Server broadcast timestamp, client-store update, and browser render were not instrumented and remain blank."
realtime_final,c1007231c2bf1dc77091bb381df5462de3dd6b6f,1,7,1,comment_delete,comment_deleted,measured_warm,node_websocket_client_timing,1720.400,1730.664,,1730.371,,,10.263,,,,9.970,,200,0,0,0,10,"Database completion is approximated by HTTP response completion. Server broadcast timestamp, client-store update, and browser render were not instrumented and remain blank."
realtime_final,c1007231c2bf1dc77091bb381df5462de3dd6b6f,1,8,1,comment_create,new_comment,measured_warm,node_websocket_client_timing,1766.502,1776.401,,1776.109,,,9.899,,,,9.607,,201,0,0,0,10,"Database completion is approximated by HTTP response completion. Server broadcast timestamp, client-store update, and browser render were not instrumented and remain blank."
realtime_final,c1007231c2bf1dc77091bb381df5462de3dd6b6f,1,8,1,comment_edit,comment_updated,measured_warm,node_websocket_client_timing,1811.867,1822.129,,1821.908,,,10.262,,,,10.042,,200,0,0,0,10,"Database completion is approximated by HTTP response completion. Server broadcast timestamp, client-store update, and browser render were not instrumented and remain blank."
realtime_final,c1007231c2bf1dc77091bb381df5462de3dd6b6f,1,8,1,rating_update,rating_updated,measured_warm,node_websocket_client_timing,1857.684,1869.443,,1869.015,,,11.759,,,,11.331,,200,0,0,0,10,"Database completion is approximated by HTTP response completion. Server broadcast timestamp, client-store update, and browser render were not instrumented and remain blank."
realtime_final,c1007231c2bf1dc77091bb381df5462de3dd6b6f,1,8,1,comment_delete,comment_deleted,measured_warm,node_websocket_client_timing,1904.254,1913.302,,1913.041,,,9.048,,,,8.787,,200,0,0,0,10,"Database completion is approximated by HTTP response completion. Server broadcast timestamp, client-store update, and browser render were not instrumented and remain blank."
realtime_final,c1007231c2bf1dc77091bb381df5462de3dd6b6f,1,9,1,comment_create,new_comment,measured_warm,node_websocket_client_timing,1949.852,1962.840,,1962.575,,,12.987,,,,12.722,,201,0,0,0,10,"Database completion is approximated by HTTP response completion. Server broadcast timestamp, client-store update, and browser render were not instrumented and remain blank."
realtime_final,c1007231c2bf1dc77091bb381df5462de3dd6b6f,1,9,1,comment_edit,comment_updated,measured_warm,node_websocket_client_timing,1995.850,2006.168,,2005.737,,,10.319,,,,9.887,,200,0,0,0,10,"Database completion is approximated by HTTP response completion. Server broadcast timestamp, client-store update, and browser render were not instrumented and remain blank."
realtime_final,c1007231c2bf1dc77091bb381df5462de3dd6b6f,1,9,1,rating_update,rating_updated,measured_warm,node_websocket_client_timing,2042.424,2059.583,,2059.329,,,17.159,,,,16.905,,200,0,0,0,10,"Database completion is approximated by HTTP response completion. Server broadcast timestamp, client-store update, and browser render were not instrumented and remain blank."
realtime_final,c1007231c2bf1dc77091bb381df5462de3dd6b6f,1,9,1,comment_delete,comment_deleted,measured_warm,node_websocket_client_timing,2104.489,2114.127,,2113.880,,,9.637,,,,9.391,,200,0,0,0,10,"Database completion is approximated by HTTP response completion. Server broadcast timestamp, client-store update, and browser render were not instrumented and remain blank."
realtime_final,c1007231c2bf1dc77091bb381df5462de3dd6b6f,1,10,1,comment_create,new_comment,measured_warm,node_websocket_client_timing,2151.880,2164.232,,2163.994,,,12.352,,,,12.113,,201,0,0,0,10,"Database completion is approximated by HTTP response completion. Server broadcast timestamp, client-store update, and browser render were not instrumented and remain blank."
realtime_final,c1007231c2bf1dc77091bb381df5462de3dd6b6f,1,10,1,comment_edit,comment_updated,measured_warm,node_websocket_client_timing,2197.430,2224.017,,2223.692,,,26.587,,,,26.262,,200,0,0,0,10,"Database completion is approximated by HTTP response completion. Server broadcast timestamp, client-store update, and browser render were not instrumented and remain blank."
realtime_final,c1007231c2bf1dc77091bb381df5462de3dd6b6f,1,10,1,rating_update,rating_updated,measured_warm,node_websocket_client_timing,2258.427,2273.821,,2273.490,,,15.394,,,,15.063,,200,0,0,0,10,"Database completion is approximated by HTTP response completion. Server broadcast timestamp, client-store update, and browser render were not instrumented and remain blank."
realtime_final,c1007231c2bf1dc77091bb381df5462de3dd6b6f,1,10,1,comment_delete,comment_deleted,measured_warm,node_websocket_client_timing,2304.469,2316.075,,2315.786,,,11.607,,,,11.317,,200,0,0,0,10,"Database completion is approximated by HTTP response completion. Server broadcast timestamp, client-store update, and browser render were not instrumented and remain blank."
realtime_final,c1007231c2bf1dc77091bb381df5462de3dd6b6f,5,1,1,comment_create,new_comment,measured_warm,node_websocket_client_timing,3067.968,3079.286,,3078.955,,,11.318,,,,10.987,,201,0,0,0,10,"Database completion is approximated by HTTP response completion. Server broadcast timestamp, client-store update, and browser render were not instrumented and remain blank."
realtime_final,c1007231c2bf1dc77091bb381df5462de3dd6b6f,5,1,2,comment_create,new_comment,measured_warm,node_websocket_client_timing,3067.968,3079.286,,3079.015,,,11.318,,,,11.047,,201,0,0,0,10,"Database completion is approximated by HTTP response completion. Server broadcast timestamp, client-store update, and browser render were not instrumented and remain blank."
realtime_final,c1007231c2bf1dc77091bb381df5462de3dd6b6f,5,1,3,comment_create,new_comment,measured_warm,node_websocket_client_timing,3067.968,3079.286,,3079.041,,,11.318,,,,11.073,,201,0,0,0,10,"Database completion is approximated by HTTP response completion. Server broadcast timestamp, client-store update, and browser render were not instrumented and remain blank."
realtime_final,c1007231c2bf1dc77091bb381df5462de3dd6b6f,5,1,4,comment_create,new_comment,measured_warm,node_websocket_client_timing,3067.968,3079.286,,3079.085,,,11.318,,,,11.117,,201,0,0,0,10,"Database completion is approximated by HTTP response completion. Server broadcast timestamp, client-store update, and browser render were not instrumented and remain blank."
realtime_final,c1007231c2bf1dc77091bb381df5462de3dd6b6f,5,1,5,comment_create,new_comment,measured_warm,node_websocket_client_timing,3067.968,3079.286,,3079.108,,,11.318,,,,11.140,,201,0,0,0,10,"Database completion is approximated by HTTP response completion. Server broadcast timestamp, client-store update, and browser render were not instrumented and remain blank."
realtime_final,c1007231c2bf1dc77091bb381df5462de3dd6b6f,5,1,1,comment_edit,comment_updated,measured_warm,node_websocket_client_timing,3115.393,3127.885,,3127.552,,,12.492,,,,12.159,,200,0,0,0,10,"Database completion is approximated by HTTP response completion. Server broadcast timestamp, client-store update, and browser render were not instrumented and remain blank."
realtime_final,c1007231c2bf1dc77091bb381df5462de3dd6b6f,5,1,2,comment_edit,comment_updated,measured_warm,node_websocket_client_timing,3115.393,3127.885,,3127.605,,,12.492,,,,12.212,,200,0,0,0,10,"Database completion is approximated by HTTP response completion. Server broadcast timestamp, client-store update, and browser render were not instrumented and remain blank."
realtime_final,c1007231c2bf1dc77091bb381df5462de3dd6b6f,5,1,3,comment_edit,comment_updated,measured_warm,node_websocket_client_timing,3115.393,3127.885,,3127.624,,,12.492,,,,12.231,,200,0,0,0,10,"Database completion is approximated by HTTP response completion. Server broadcast timestamp, client-store update, and browser render were not instrumented and remain blank."
realtime_final,c1007231c2bf1dc77091bb381df5462de3dd6b6f,5,1,4,comment_edit,comment_updated,measured_warm,node_websocket_client_timing,3115.393,3127.885,,3127.647,,,12.492,,,,12.254,,200,0,0,0,10,"Database completion is approximated by HTTP response completion. Server broadcast timestamp, client-store update, and browser render were not instrumented and remain blank."
realtime_final,c1007231c2bf1dc77091bb381df5462de3dd6b6f,5,1,5,comment_edit,comment_updated,measured_warm,node_websocket_client_timing,3115.393,3127.885,,3127.668,,,12.492,,,,12.275,,200,0,0,0,10,"Database completion is approximated by HTTP response completion. Server broadcast timestamp, client-store update, and browser render were not instrumented and remain blank."
realtime_final,c1007231c2bf1dc77091bb381df5462de3dd6b6f,5,1,1,rating_update,rating_updated,measured_warm,node_websocket_client_timing,3160.703,3206.002,,3205.694,,,45.299,,,,44.992,,200,0,0,0,10,"Database completion is approximated by HTTP response completion. Server broadcast timestamp, client-store update, and browser render were not instrumented and remain blank."
realtime_final,c1007231c2bf1dc77091bb381df5462de3dd6b6f,5,1,2,rating_update,rating_updated,measured_warm,node_websocket_client_timing,3160.703,3206.002,,3205.744,,,45.299,,,,45.041,,200,0,0,0,10,"Database completion is approximated by HTTP response completion. Server broadcast timestamp, client-store update, and browser render were not instrumented and remain blank."
realtime_final,c1007231c2bf1dc77091bb381df5462de3dd6b6f,5,1,3,rating_update,rating_updated,measured_warm,node_websocket_client_timing,3160.703,3206.002,,3205.766,,,45.299,,,,45.064,,200,0,0,0,10,"Database completion is approximated by HTTP response completion. Server broadcast timestamp, client-store update, and browser render were not instrumented and remain blank."
realtime_final,c1007231c2bf1dc77091bb381df5462de3dd6b6f,5,1,4,rating_update,rating_updated,measured_warm,node_websocket_client_timing,3160.703,3206.002,,3205.786,,,45.299,,,,45.083,,200,0,0,0,10,"Database completion is approximated by HTTP response completion. Server broadcast timestamp, client-store update, and browser render were not instrumented and remain blank."
realtime_final,c1007231c2bf1dc77091bb381df5462de3dd6b6f,5,1,5,rating_update,rating_updated,measured_warm,node_websocket_client_timing,3160.703,3206.002,,3205.803,,,45.299,,,,45.100,,200,0,0,0,10,"Database completion is approximated by HTTP response completion. Server broadcast timestamp, client-store update, and browser render were not instrumented and remain blank."
realtime_final,c1007231c2bf1dc77091bb381df5462de3dd6b6f,5,1,1,comment_delete,comment_deleted,measured_warm,node_websocket_client_timing,3236.602,3266.254,,3265.891,,,29.651,,,,29.289,,200,0,0,0,10,"Database completion is approximated by HTTP response completion. Server broadcast timestamp, client-store update, and browser render were not instrumented and remain blank."
realtime_final,c1007231c2bf1dc77091bb381df5462de3dd6b6f,5,1,2,comment_delete,comment_deleted,measured_warm,node_websocket_client_timing,3236.602,3266.254,,3265.945,,,29.651,,,,29.343,,200,0,0,0,10,"Database completion is approximated by HTTP response completion. Server broadcast timestamp, client-store update, and browser render were not instrumented and remain blank."
realtime_final,c1007231c2bf1dc77091bb381df5462de3dd6b6f,5,1,3,comment_delete,comment_deleted,measured_warm,node_websocket_client_timing,3236.602,3266.254,,3265.962,,,29.651,,,,29.360,,200,0,0,0,10,"Database completion is approximated by HTTP response completion. Server broadcast timestamp, client-store update, and browser render were not instrumented and remain blank."
realtime_final,c1007231c2bf1dc77091bb381df5462de3dd6b6f,5,1,4,comment_delete,comment_deleted,measured_warm,node_websocket_client_timing,3236.602,3266.254,,3265.977,,,29.651,,,,29.374,,200,0,0,0,10,"Database completion is approximated by HTTP response completion. Server broadcast timestamp, client-store update, and browser render were not instrumented and remain blank."
realtime_final,c1007231c2bf1dc77091bb381df5462de3dd6b6f,5,1,5,comment_delete,comment_deleted,measured_warm,node_websocket_client_timing,3236.602,3266.254,,3265.994,,,29.651,,,,29.392,,200,0,0,0,10,"Database completion is approximated by HTTP response completion. Server broadcast timestamp, client-store update, and browser render were not instrumented and remain blank."
realtime_final,c1007231c2bf1dc77091bb381df5462de3dd6b6f,5,2,1,comment_create,new_comment,measured_warm,node_websocket_client_timing,3298.854,3344.851,,3344.542,,,45.998,,,,45.688,,201,0,0,0,10,"Database completion is approximated by HTTP response completion. Server broadcast timestamp, client-store update, and browser render were not instrumented and remain blank."
realtime_final,c1007231c2bf1dc77091bb381df5462de3dd6b6f,5,2,2,comment_create,new_comment,measured_warm,node_websocket_client_timing,3298.854,3344.851,,3344.595,,,45.998,,,,45.741,,201,0,0,0,10,"Database completion is approximated by HTTP response completion. Server broadcast timestamp, client-store update, and browser render were not instrumented and remain blank."
realtime_final,c1007231c2bf1dc77091bb381df5462de3dd6b6f,5,2,3,comment_create,new_comment,measured_warm,node_websocket_client_timing,3298.854,3344.851,,3344.614,,,45.998,,,,45.760,,201,0,0,0,10,"Database completion is approximated by HTTP response completion. Server broadcast timestamp, client-store update, and browser render were not instrumented and remain blank."
realtime_final,c1007231c2bf1dc77091bb381df5462de3dd6b6f,5,2,4,comment_create,new_comment,measured_warm,node_websocket_client_timing,3298.854,3344.851,,3344.630,,,45.998,,,,45.776,,201,0,0,0,10,"Database completion is approximated by HTTP response completion. Server broadcast timestamp, client-store update, and browser render were not instrumented and remain blank."
realtime_final,c1007231c2bf1dc77091bb381df5462de3dd6b6f,5,2,5,comment_create,new_comment,measured_warm,node_websocket_client_timing,3298.854,3344.851,,3344.646,,,45.998,,,,45.793,,201,0,0,0,10,"Database completion is approximated by HTTP response completion. Server broadcast timestamp, client-store update, and browser render were not instrumented and remain blank."
realtime_final,c1007231c2bf1dc77091bb381df5462de3dd6b6f,5,2,1,comment_edit,comment_updated,measured_warm,node_websocket_client_timing,3375.109,3389.064,,3388.587,,,13.955,,,,13.478,,200,0,0,0,10,"Database completion is approximated by HTTP response completion. Server broadcast timestamp, client-store update, and browser render were not instrumented and remain blank."
realtime_final,c1007231c2bf1dc77091bb381df5462de3dd6b6f,5,2,2,comment_edit,comment_updated,measured_warm,node_websocket_client_timing,3375.109,3389.064,,3388.677,,,13.955,,,,13.568,,200,0,0,0,10,"Database completion is approximated by HTTP response completion. Server broadcast timestamp, client-store update, and browser render were not instrumented and remain blank."
realtime_final,c1007231c2bf1dc77091bb381df5462de3dd6b6f,5,2,3,comment_edit,comment_updated,measured_warm,node_websocket_client_timing,3375.109,3389.064,,3388.711,,,13.955,,,,13.602,,200,0,0,0,10,"Database completion is approximated by HTTP response completion. Server broadcast timestamp, client-store update, and browser render were not instrumented and remain blank."
realtime_final,c1007231c2bf1dc77091bb381df5462de3dd6b6f,5,2,4,comment_edit,comment_updated,measured_warm,node_websocket_client_timing,3375.109,3389.064,,3388.735,,,13.955,,,,13.626,,200,0,0,0,10,"Database completion is approximated by HTTP response completion. Server broadcast timestamp, client-store update, and browser render were not instrumented and remain blank."
realtime_final,c1007231c2bf1dc77091bb381df5462de3dd6b6f,5,2,5,comment_edit,comment_updated,measured_warm,node_websocket_client_timing,3375.109,3389.064,,3388.765,,,13.955,,,,13.656,,200,0,0,0,10,"Database completion is approximated by HTTP response completion. Server broadcast timestamp, client-store update, and browser render were not instrumented and remain blank."
realtime_final,c1007231c2bf1dc77091bb381df5462de3dd6b6f,5,2,1,rating_update,rating_updated,measured_warm,node_websocket_client_timing,3422.349,3436.078,,3435.776,,,13.728,,,,13.427,,200,0,0,0,10,"Database completion is approximated by HTTP response completion. Server broadcast timestamp, client-store update, and browser render were not instrumented and remain blank."
realtime_final,c1007231c2bf1dc77091bb381df5462de3dd6b6f,5,2,2,rating_update,rating_updated,measured_warm,node_websocket_client_timing,3422.349,3436.078,,3435.841,,,13.728,,,,13.492,,200,0,0,0,10,"Database completion is approximated by HTTP response completion. Server broadcast timestamp, client-store update, and browser render were not instrumented and remain blank."
realtime_final,c1007231c2bf1dc77091bb381df5462de3dd6b6f,5,2,3,rating_update,rating_updated,measured_warm,node_websocket_client_timing,3422.349,3436.078,,3435.862,,,13.728,,,,13.512,,200,0,0,0,10,"Database completion is approximated by HTTP response completion. Server broadcast timestamp, client-store update, and browser render were not instrumented and remain blank."
realtime_final,c1007231c2bf1dc77091bb381df5462de3dd6b6f,5,2,4,rating_update,rating_updated,measured_warm,node_websocket_client_timing,3422.349,3436.078,,3435.878,,,13.728,,,,13.529,,200,0,0,0,10,"Database completion is approximated by HTTP response completion. Server broadcast timestamp, client-store update, and browser render were not instrumented and remain blank."
realtime_final,c1007231c2bf1dc77091bb381df5462de3dd6b6f,5,2,5,rating_update,rating_updated,measured_warm,node_websocket_client_timing,3422.349,3436.078,,3435.897,,,13.728,,,,13.548,,200,0,0,0,10,"Database completion is approximated by HTTP response completion. Server broadcast timestamp, client-store update, and browser render were not instrumented and remain blank."
realtime_final,c1007231c2bf1dc77091bb381df5462de3dd6b6f,5,2,1,comment_delete,comment_deleted,measured_warm,node_websocket_client_timing,3469.171,3478.803,,3478.146,,,9.632,,,,8.975,,200,0,0,0,10,"Database completion is approximated by HTTP response completion. Server broadcast timestamp, client-store update, and browser render were not instrumented and remain blank."
realtime_final,c1007231c2bf1dc77091bb381df5462de3dd6b6f,5,2,2,comment_delete,comment_deleted,measured_warm,node_websocket_client_timing,3469.171,3478.803,,3478.208,,,9.632,,,,9.037,,200,0,0,0,10,"Database completion is approximated by HTTP response completion. Server broadcast timestamp, client-store update, and browser render were not instrumented and remain blank."
realtime_final,c1007231c2bf1dc77091bb381df5462de3dd6b6f,5,2,3,comment_delete,comment_deleted,measured_warm,node_websocket_client_timing,3469.171,3478.803,,3478.228,,,9.632,,,,9.058,,200,0,0,0,10,"Database completion is approximated by HTTP response completion. Server broadcast timestamp, client-store update, and browser render were not instrumented and remain blank."
realtime_final,c1007231c2bf1dc77091bb381df5462de3dd6b6f,5,2,4,comment_delete,comment_deleted,measured_warm,node_websocket_client_timing,3469.171,3478.803,,3478.254,,,9.632,,,,9.083,,200,0,0,0,10,"Database completion is approximated by HTTP response completion. Server broadcast timestamp, client-store update, and browser render were not instrumented and remain blank."
realtime_final,c1007231c2bf1dc77091bb381df5462de3dd6b6f,5,2,5,comment_delete,comment_deleted,measured_warm,node_websocket_client_timing,3469.171,3478.803,,3478.276,,,9.632,,,,9.106,,200,0,0,0,10,"Database completion is approximated by HTTP response completion. Server broadcast timestamp, client-store update, and browser render were not instrumented and remain blank."
realtime_final,c1007231c2bf1dc77091bb381df5462de3dd6b6f,5,3,1,comment_create,new_comment,measured_warm,node_websocket_client_timing,3515.421,3525.610,,3524.847,,,10.188,,,,9.426,,201,0,0,0,10,"Database completion is approximated by HTTP response completion. Server broadcast timestamp, client-store update, and browser render were not instrumented and remain blank."
realtime_final,c1007231c2bf1dc77091bb381df5462de3dd6b6f,5,3,2,comment_create,new_comment,measured_warm,node_websocket_client_timing,3515.421,3525.610,,3524.914,,,10.188,,,,9.493,,201,0,0,0,10,"Database completion is approximated by HTTP response completion. Server broadcast timestamp, client-store update, and browser render were not instrumented and remain blank."
realtime_final,c1007231c2bf1dc77091bb381df5462de3dd6b6f,5,3,3,comment_create,new_comment,measured_warm,node_websocket_client_timing,3515.421,3525.610,,3524.938,,,10.188,,,,9.517,,201,0,0,0,10,"Database completion is approximated by HTTP response completion. Server broadcast timestamp, client-store update, and browser render were not instrumented and remain blank."
realtime_final,c1007231c2bf1dc77091bb381df5462de3dd6b6f,5,3,4,comment_create,new_comment,measured_warm,node_websocket_client_timing,3515.421,3525.610,,3524.960,,,10.188,,,,9.539,,201,0,0,0,10,"Database completion is approximated by HTTP response completion. Server broadcast timestamp, client-store update, and browser render were not instrumented and remain blank."
realtime_final,c1007231c2bf1dc77091bb381df5462de3dd6b6f,5,3,5,comment_create,new_comment,measured_warm,node_websocket_client_timing,3515.421,3525.610,,3525.140,,,10.188,,,,9.718,,201,0,0,0,10,"Database completion is approximated by HTTP response completion. Server broadcast timestamp, client-store update, and browser render were not instrumented and remain blank."
realtime_final,c1007231c2bf1dc77091bb381df5462de3dd6b6f,5,3,1,comment_edit,comment_updated,measured_warm,node_websocket_client_timing,3560.814,3575.189,,3574.685,,,14.376,,,,13.871,,200,0,0,0,10,"Database completion is approximated by HTTP response completion. Server broadcast timestamp, client-store update, and browser render were not instrumented and remain blank."
realtime_final,c1007231c2bf1dc77091bb381df5462de3dd6b6f,5,3,2,comment_edit,comment_updated,measured_warm,node_websocket_client_timing,3560.814,3575.189,,3574.774,,,14.376,,,,13.961,,200,0,0,0,10,"Database completion is approximated by HTTP response completion. Server broadcast timestamp, client-store update, and browser render were not instrumented and remain blank."
realtime_final,c1007231c2bf1dc77091bb381df5462de3dd6b6f,5,3,3,comment_edit,comment_updated,measured_warm,node_websocket_client_timing,3560.814,3575.189,,3574.809,,,14.376,,,,13.996,,200,0,0,0,10,"Database completion is approximated by HTTP response completion. Server broadcast timestamp, client-store update, and browser render were not instrumented and remain blank."
realtime_final,c1007231c2bf1dc77091bb381df5462de3dd6b6f,5,3,4,comment_edit,comment_updated,measured_warm,node_websocket_client_timing,3560.814,3575.189,,3574.883,,,14.376,,,,14.069,,200,0,0,0,10,"Database completion is approximated by HTTP response completion. Server broadcast timestamp, client-store update, and browser render were not instrumented and remain blank."
realtime_final,c1007231c2bf1dc77091bb381df5462de3dd6b6f,5,3,5,comment_edit,comment_updated,measured_warm,node_websocket_client_timing,3560.814,3575.189,,3574.928,,,14.376,,,,14.114,,200,0,0,0,10,"Database completion is approximated by HTTP response completion. Server broadcast timestamp, client-store update, and browser render were not instrumented and remain blank."
realtime_final,c1007231c2bf1dc77091bb381df5462de3dd6b6f,5,3,1,rating_update,rating_updated,measured_warm,node_websocket_client_timing,3606.666,3617.940,,3617.372,,,11.274,,,,10.706,,200,0,0,0,10,"Database completion is approximated by HTTP response completion. Server broadcast timestamp, client-store update, and browser render were not instrumented and remain blank."
realtime_final,c1007231c2bf1dc77091bb381df5462de3dd6b6f,5,3,2,rating_update,rating_updated,measured_warm,node_websocket_client_timing,3606.666,3617.940,,3617.469,,,11.274,,,,10.803,,200,0,0,0,10,"Database completion is approximated by HTTP response completion. Server broadcast timestamp, client-store update, and browser render were not instrumented and remain blank."
realtime_final,c1007231c2bf1dc77091bb381df5462de3dd6b6f,5,3,3,rating_update,rating_updated,measured_warm,node_websocket_client_timing,3606.666,3617.940,,3617.496,,,11.274,,,,10.830,,200,0,0,0,10,"Database completion is approximated by HTTP response completion. Server broadcast timestamp, client-store update, and browser render were not instrumented and remain blank."
realtime_final,c1007231c2bf1dc77091bb381df5462de3dd6b6f,5,3,4,rating_update,rating_updated,measured_warm,node_websocket_client_timing,3606.666,3617.940,,3617.562,,,11.274,,,,10.895,,200,0,0,0,10,"Database completion is approximated by HTTP response completion. Server broadcast timestamp, client-store update, and browser render were not instrumented and remain blank."
realtime_final,c1007231c2bf1dc77091bb381df5462de3dd6b6f,5,3,5,rating_update,rating_updated,measured_warm,node_websocket_client_timing,3606.666,3617.940,,3617.607,,,11.274,,,,10.941,,200,0,0,0,10,"Database completion is approximated by HTTP response completion. Server broadcast timestamp, client-store update, and browser render were not instrumented and remain blank."
realtime_final,c1007231c2bf1dc77091bb381df5462de3dd6b6f,5,3,1,comment_delete,comment_deleted,measured_warm,node_websocket_client_timing,3652.857,3662.102,,3661.783,,,9.245,,,,8.926,,200,0,0,0,10,"Database completion is approximated by HTTP response completion. Server broadcast timestamp, client-store update, and browser render were not instrumented and remain blank."
realtime_final,c1007231c2bf1dc77091bb381df5462de3dd6b6f,5,3,2,comment_delete,comment_deleted,measured_warm,node_websocket_client_timing,3652.857,3662.102,,3661.840,,,9.245,,,,8.983,,200,0,0,0,10,"Database completion is approximated by HTTP response completion. Server broadcast timestamp, client-store update, and browser render were not instrumented and remain blank."
realtime_final,c1007231c2bf1dc77091bb381df5462de3dd6b6f,5,3,3,comment_delete,comment_deleted,measured_warm,node_websocket_client_timing,3652.857,3662.102,,3661.860,,,9.245,,,,9.003,,200,0,0,0,10,"Database completion is approximated by HTTP response completion. Server broadcast timestamp, client-store update, and browser render were not instrumented and remain blank."
realtime_final,c1007231c2bf1dc77091bb381df5462de3dd6b6f,5,3,4,comment_delete,comment_deleted,measured_warm,node_websocket_client_timing,3652.857,3662.102,,3661.884,,,9.245,,,,9.027,,200,0,0,0,10,"Database completion is approximated by HTTP response completion. Server broadcast timestamp, client-store update, and browser render were not instrumented and remain blank."
realtime_final,c1007231c2bf1dc77091bb381df5462de3dd6b6f,5,3,5,comment_delete,comment_deleted,measured_warm,node_websocket_client_timing,3652.857,3662.102,,3661.905,,,9.245,,,,9.048,,200,0,0,0,10,"Database completion is approximated by HTTP response completion. Server broadcast timestamp, client-store update, and browser render were not instrumented and remain blank."
realtime_final,c1007231c2bf1dc77091bb381df5462de3dd6b6f,5,4,1,comment_create,new_comment,measured_warm,node_websocket_client_timing,3699.450,3709.840,,3709.459,,,10.390,,,,10.009,,201,0,0,0,10,"Database completion is approximated by HTTP response completion. Server broadcast timestamp, client-store update, and browser render were not instrumented and remain blank."
realtime_final,c1007231c2bf1dc77091bb381df5462de3dd6b6f,5,4,2,comment_create,new_comment,measured_warm,node_websocket_client_timing,3699.450,3709.840,,3709.554,,,10.390,,,,10.104,,201,0,0,0,10,"Database completion is approximated by HTTP response completion. Server broadcast timestamp, client-store update, and browser render were not instrumented and remain blank."
realtime_final,c1007231c2bf1dc77091bb381df5462de3dd6b6f,5,4,3,comment_create,new_comment,measured_warm,node_websocket_client_timing,3699.450,3709.840,,3709.579,,,10.390,,,,10.129,,201,0,0,0,10,"Database completion is approximated by HTTP response completion. Server broadcast timestamp, client-store update, and browser render were not instrumented and remain blank."
realtime_final,c1007231c2bf1dc77091bb381df5462de3dd6b6f,5,4,4,comment_create,new_comment,measured_warm,node_websocket_client_timing,3699.450,3709.840,,3709.598,,,10.390,,,,10.148,,201,0,0,0,10,"Database completion is approximated by HTTP response completion. Server broadcast timestamp, client-store update, and browser render were not instrumented and remain blank."
realtime_final,c1007231c2bf1dc77091bb381df5462de3dd6b6f,5,4,5,comment_create,new_comment,measured_warm,node_websocket_client_timing,3699.450,3709.840,,3709.620,,,10.390,,,,10.170,,201,0,0,0,10,"Database completion is approximated by HTTP response completion. Server broadcast timestamp, client-store update, and browser render were not instrumented and remain blank."
realtime_final,c1007231c2bf1dc77091bb381df5462de3dd6b6f,5,4,1,comment_edit,comment_updated,measured_warm,node_websocket_client_timing,3746.327,3756.090,,3755.451,,,9.762,,,,9.123,,200,0,0,0,10,"Database completion is approximated by HTTP response completion. Server broadcast timestamp, client-store update, and browser render were not instrumented and remain blank."
realtime_final,c1007231c2bf1dc77091bb381df5462de3dd6b6f,5,4,2,comment_edit,comment_updated,measured_warm,node_websocket_client_timing,3746.327,3756.090,,3755.521,,,9.762,,,,9.193,,200,0,0,0,10,"Database completion is approximated by HTTP response completion. Server broadcast timestamp, client-store update, and browser render were not instrumented and remain blank."
realtime_final,c1007231c2bf1dc77091bb381df5462de3dd6b6f,5,4,3,comment_edit,comment_updated,measured_warm,node_websocket_client_timing,3746.327,3756.090,,3755.544,,,9.762,,,,9.217,,200,0,0,0,10,"Database completion is approximated by HTTP response completion. Server broadcast timestamp, client-store update, and browser render were not instrumented and remain blank."
realtime_final,c1007231c2bf1dc77091bb381df5462de3dd6b6f,5,4,4,comment_edit,comment_updated,measured_warm,node_websocket_client_timing,3746.327,3756.090,,3755.564,,,9.762,,,,9.237,,200,0,0,0,10,"Database completion is approximated by HTTP response completion. Server broadcast timestamp, client-store update, and browser render were not instrumented and remain blank."
realtime_final,c1007231c2bf1dc77091bb381df5462de3dd6b6f,5,4,5,comment_edit,comment_updated,measured_warm,node_websocket_client_timing,3746.327,3756.090,,3755.607,,,9.762,,,,9.279,,200,0,0,0,10,"Database completion is approximated by HTTP response completion. Server broadcast timestamp, client-store update, and browser render were not instrumented and remain blank."
realtime_final,c1007231c2bf1dc77091bb381df5462de3dd6b6f,5,4,1,rating_update,rating_updated,measured_warm,node_websocket_client_timing,3792.876,3803.398,,3802.976,,,10.523,,,,10.101,,200,0,0,0,10,"Database completion is approximated by HTTP response completion. Server broadcast timestamp, client-store update, and browser render were not instrumented and remain blank."
realtime_final,c1007231c2bf1dc77091bb381df5462de3dd6b6f,5,4,2,rating_update,rating_updated,measured_warm,node_websocket_client_timing,3792.876,3803.398,,3803.043,,,10.523,,,,10.168,,200,0,0,0,10,"Database completion is approximated by HTTP response completion. Server broadcast timestamp, client-store update, and browser render were not instrumented and remain blank."
realtime_final,c1007231c2bf1dc77091bb381df5462de3dd6b6f,5,4,3,rating_update,rating_updated,measured_warm,node_websocket_client_timing,3792.876,3803.398,,3803.064,,,10.523,,,,10.189,,200,0,0,0,10,"Database completion is approximated by HTTP response completion. Server broadcast timestamp, client-store update, and browser render were not instrumented and remain blank."
realtime_final,c1007231c2bf1dc77091bb381df5462de3dd6b6f,5,4,4,rating_update,rating_updated,measured_warm,node_websocket_client_timing,3792.876,3803.398,,3803.081,,,10.523,,,,10.205,,200,0,0,0,10,"Database completion is approximated by HTTP response completion. Server broadcast timestamp, client-store update, and browser render were not instrumented and remain blank."
realtime_final,c1007231c2bf1dc77091bb381df5462de3dd6b6f,5,4,5,rating_update,rating_updated,measured_warm,node_websocket_client_timing,3792.876,3803.398,,3803.101,,,10.523,,,,10.225,,200,0,0,0,10,"Database completion is approximated by HTTP response completion. Server broadcast timestamp, client-store update, and browser render were not instrumented and remain blank."
realtime_final,c1007231c2bf1dc77091bb381df5462de3dd6b6f,5,4,1,comment_delete,comment_deleted,measured_warm,node_websocket_client_timing,3840.035,3848.838,,3848.507,,,8.803,,,,8.472,,200,0,0,0,10,"Database completion is approximated by HTTP response completion. Server broadcast timestamp, client-store update, and browser render were not instrumented and remain blank."
realtime_final,c1007231c2bf1dc77091bb381df5462de3dd6b6f,5,4,2,comment_delete,comment_deleted,measured_warm,node_websocket_client_timing,3840.035,3848.838,,3848.569,,,8.803,,,,8.534,,200,0,0,0,10,"Database completion is approximated by HTTP response completion. Server broadcast timestamp, client-store update, and browser render were not instrumented and remain blank."
realtime_final,c1007231c2bf1dc77091bb381df5462de3dd6b6f,5,4,3,comment_delete,comment_deleted,measured_warm,node_websocket_client_timing,3840.035,3848.838,,3848.590,,,8.803,,,,8.555,,200,0,0,0,10,"Database completion is approximated by HTTP response completion. Server broadcast timestamp, client-store update, and browser render were not instrumented and remain blank."
realtime_final,c1007231c2bf1dc77091bb381df5462de3dd6b6f,5,4,4,comment_delete,comment_deleted,measured_warm,node_websocket_client_timing,3840.035,3848.838,,3848.626,,,8.803,,,,8.591,,200,0,0,0,10,"Database completion is approximated by HTTP response completion. Server broadcast timestamp, client-store update, and browser render were not instrumented and remain blank."
realtime_final,c1007231c2bf1dc77091bb381df5462de3dd6b6f,5,4,5,comment_delete,comment_deleted,measured_warm,node_websocket_client_timing,3840.035,3848.838,,3848.646,,,8.803,,,,8.611,,200,0,0,0,10,"Database completion is approximated by HTTP response completion. Server broadcast timestamp, client-store update, and browser render were not instrumented and remain blank."
realtime_final,c1007231c2bf1dc77091bb381df5462de3dd6b6f,5,5,1,comment_create,new_comment,measured_warm,node_websocket_client_timing,3886.564,3896.573,,3896.095,,,10.009,,,,9.531,,201,0,0,0,10,"Database completion is approximated by HTTP response completion. Server broadcast timestamp, client-store update, and browser render were not instrumented and remain blank."
realtime_final,c1007231c2bf1dc77091bb381df5462de3dd6b6f,5,5,2,comment_create,new_comment,measured_warm,node_websocket_client_timing,3886.564,3896.573,,3896.165,,,10.009,,,,9.601,,201,0,0,0,10,"Database completion is approximated by HTTP response completion. Server broadcast timestamp, client-store update, and browser render were not instrumented and remain blank."
realtime_final,c1007231c2bf1dc77091bb381df5462de3dd6b6f,5,5,3,comment_create,new_comment,measured_warm,node_websocket_client_timing,3886.564,3896.573,,3896.220,,,10.009,,,,9.656,,201,0,0,0,10,"Database completion is approximated by HTTP response completion. Server broadcast timestamp, client-store update, and browser render were not instrumented and remain blank."
realtime_final,c1007231c2bf1dc77091bb381df5462de3dd6b6f,5,5,4,comment_create,new_comment,measured_warm,node_websocket_client_timing,3886.564,3896.573,,3896.237,,,10.009,,,,9.673,,201,0,0,0,10,"Database completion is approximated by HTTP response completion. Server broadcast timestamp, client-store update, and browser render were not instrumented and remain blank."
realtime_final,c1007231c2bf1dc77091bb381df5462de3dd6b6f,5,5,5,comment_create,new_comment,measured_warm,node_websocket_client_timing,3886.564,3896.573,,3896.323,,,10.009,,,,9.759,,201,0,0,0,10,"Database completion is approximated by HTTP response completion. Server broadcast timestamp, client-store update, and browser render were not instrumented and remain blank."
realtime_final,c1007231c2bf1dc77091bb381df5462de3dd6b6f,5,5,1,comment_edit,comment_updated,measured_warm,node_websocket_client_timing,3933.007,3942.949,,3942.647,,,9.943,,,,9.641,,200,0,0,0,10,"Database completion is approximated by HTTP response completion. Server broadcast timestamp, client-store update, and browser render were not instrumented and remain blank."
realtime_final,c1007231c2bf1dc77091bb381df5462de3dd6b6f,5,5,2,comment_edit,comment_updated,measured_warm,node_websocket_client_timing,3933.007,3942.949,,3942.709,,,9.943,,,,9.702,,200,0,0,0,10,"Database completion is approximated by HTTP response completion. Server broadcast timestamp, client-store update, and browser render were not instrumented and remain blank."
realtime_final,c1007231c2bf1dc77091bb381df5462de3dd6b6f,5,5,3,comment_edit,comment_updated,measured_warm,node_websocket_client_timing,3933.007,3942.949,,3942.730,,,9.943,,,,9.724,,200,0,0,0,10,"Database completion is approximated by HTTP response completion. Server broadcast timestamp, client-store update, and browser render were not instrumented and remain blank."
realtime_final,c1007231c2bf1dc77091bb381df5462de3dd6b6f,5,5,4,comment_edit,comment_updated,measured_warm,node_websocket_client_timing,3933.007,3942.949,,3942.748,,,9.943,,,,9.742,,200,0,0,0,10,"Database completion is approximated by HTTP response completion. Server broadcast timestamp, client-store update, and browser render were not instrumented and remain blank."
realtime_final,c1007231c2bf1dc77091bb381df5462de3dd6b6f,5,5,5,comment_edit,comment_updated,measured_warm,node_websocket_client_timing,3933.007,3942.949,,3942.772,,,9.943,,,,9.765,,200,0,0,0,10,"Database completion is approximated by HTTP response completion. Server broadcast timestamp, client-store update, and browser render were not instrumented and remain blank."
realtime_final,c1007231c2bf1dc77091bb381df5462de3dd6b6f,5,5,1,rating_update,rating_updated,measured_warm,node_websocket_client_timing,3979.306,3990.045,,3989.741,,,10.739,,,,10.436,,200,0,0,0,10,"Database completion is approximated by HTTP response completion. Server broadcast timestamp, client-store update, and browser render were not instrumented and remain blank."
realtime_final,c1007231c2bf1dc77091bb381df5462de3dd6b6f,5,5,2,rating_update,rating_updated,measured_warm,node_websocket_client_timing,3979.306,3990.045,,3989.804,,,10.739,,,,10.498,,200,0,0,0,10,"Database completion is approximated by HTTP response completion. Server broadcast timestamp, client-store update, and browser render were not instrumented and remain blank."
realtime_final,c1007231c2bf1dc77091bb381df5462de3dd6b6f,5,5,3,rating_update,rating_updated,measured_warm,node_websocket_client_timing,3979.306,3990.045,,3989.825,,,10.739,,,,10.519,,200,0,0,0,10,"Database completion is approximated by HTTP response completion. Server broadcast timestamp, client-store update, and browser render were not instrumented and remain blank."
realtime_final,c1007231c2bf1dc77091bb381df5462de3dd6b6f,5,5,4,rating_update,rating_updated,measured_warm,node_websocket_client_timing,3979.306,3990.045,,3989.842,,,10.739,,,,10.536,,200,0,0,0,10,"Database completion is approximated by HTTP response completion. Server broadcast timestamp, client-store update, and browser render were not instrumented and remain blank."
realtime_final,c1007231c2bf1dc77091bb381df5462de3dd6b6f,5,5,5,rating_update,rating_updated,measured_warm,node_websocket_client_timing,3979.306,3990.045,,3989.861,,,10.739,,,,10.555,,200,0,0,0,10,"Database completion is approximated by HTTP response completion. Server broadcast timestamp, client-store update, and browser render were not instrumented and remain blank."
realtime_final,c1007231c2bf1dc77091bb381df5462de3dd6b6f,5,5,1,comment_delete,comment_deleted,measured_warm,node_websocket_client_timing,4025.963,4036.451,,4035.905,,,10.488,,,,9.942,,200,0,0,0,10,"Database completion is approximated by HTTP response completion. Server broadcast timestamp, client-store update, and browser render were not instrumented and remain blank."
realtime_final,c1007231c2bf1dc77091bb381df5462de3dd6b6f,5,5,2,comment_delete,comment_deleted,measured_warm,node_websocket_client_timing,4025.963,4036.451,,4036.012,,,10.488,,,,10.049,,200,0,0,0,10,"Database completion is approximated by HTTP response completion. Server broadcast timestamp, client-store update, and browser render were not instrumented and remain blank."
realtime_final,c1007231c2bf1dc77091bb381df5462de3dd6b6f,5,5,3,comment_delete,comment_deleted,measured_warm,node_websocket_client_timing,4025.963,4036.451,,4036.120,,,10.488,,,,10.157,,200,0,0,0,10,"Database completion is approximated by HTTP response completion. Server broadcast timestamp, client-store update, and browser render were not instrumented and remain blank."
realtime_final,c1007231c2bf1dc77091bb381df5462de3dd6b6f,5,5,4,comment_delete,comment_deleted,measured_warm,node_websocket_client_timing,4025.963,4036.451,,4036.185,,,10.488,,,,10.223,,200,0,0,0,10,"Database completion is approximated by HTTP response completion. Server broadcast timestamp, client-store update, and browser render were not instrumented and remain blank."
realtime_final,c1007231c2bf1dc77091bb381df5462de3dd6b6f,5,5,5,comment_delete,comment_deleted,measured_warm,node_websocket_client_timing,4025.963,4036.451,,4036.241,,,10.488,,,,10.279,,200,0,0,0,10,"Database completion is approximated by HTTP response completion. Server broadcast timestamp, client-store update, and browser render were not instrumented and remain blank."
realtime_final,c1007231c2bf1dc77091bb381df5462de3dd6b6f,5,6,1,comment_create,new_comment,measured_warm,node_websocket_client_timing,4070.943,4080.838,,4080.547,,,9.895,,,,9.604,,201,0,0,0,10,"Database completion is approximated by HTTP response completion. Server broadcast timestamp, client-store update, and browser render were not instrumented and remain blank."
realtime_final,c1007231c2bf1dc77091bb381df5462de3dd6b6f,5,6,2,comment_create,new_comment,measured_warm,node_websocket_client_timing,4070.943,4080.838,,4080.606,,,9.895,,,,9.664,,201,0,0,0,10,"Database completion is approximated by HTTP response completion. Server broadcast timestamp, client-store update, and browser render were not instrumented and remain blank."
realtime_final,c1007231c2bf1dc77091bb381df5462de3dd6b6f,5,6,3,comment_create,new_comment,measured_warm,node_websocket_client_timing,4070.943,4080.838,,4080.627,,,9.895,,,,9.685,,201,0,0,0,10,"Database completion is approximated by HTTP response completion. Server broadcast timestamp, client-store update, and browser render were not instrumented and remain blank."
realtime_final,c1007231c2bf1dc77091bb381df5462de3dd6b6f,5,6,4,comment_create,new_comment,measured_warm,node_websocket_client_timing,4070.943,4080.838,,4080.644,,,9.895,,,,9.702,,201,0,0,0,10,"Database completion is approximated by HTTP response completion. Server broadcast timestamp, client-store update, and browser render were not instrumented and remain blank."
realtime_final,c1007231c2bf1dc77091bb381df5462de3dd6b6f,5,6,5,comment_create,new_comment,measured_warm,node_websocket_client_timing,4070.943,4080.838,,4080.664,,,9.895,,,,9.722,,201,0,0,0,10,"Database completion is approximated by HTTP response completion. Server broadcast timestamp, client-store update, and browser render were not instrumented and remain blank."
realtime_final,c1007231c2bf1dc77091bb381df5462de3dd6b6f,5,6,1,comment_edit,comment_updated,measured_warm,node_websocket_client_timing,4116.955,4127.645,,4127.323,,,10.690,,,,10.368,,200,0,0,0,10,"Database completion is approximated by HTTP response completion. Server broadcast timestamp, client-store update, and browser render were not instrumented and remain blank."
realtime_final,c1007231c2bf1dc77091bb381df5462de3dd6b6f,5,6,2,comment_edit,comment_updated,measured_warm,node_websocket_client_timing,4116.955,4127.645,,4127.386,,,10.690,,,,10.431,,200,0,0,0,10,"Database completion is approximated by HTTP response completion. Server broadcast timestamp, client-store update, and browser render were not instrumented and remain blank."
realtime_final,c1007231c2bf1dc77091bb381df5462de3dd6b6f,5,6,3,comment_edit,comment_updated,measured_warm,node_websocket_client_timing,4116.955,4127.645,,4127.412,,,10.690,,,,10.457,,200,0,0,0,10,"Database completion is approximated by HTTP response completion. Server broadcast timestamp, client-store update, and browser render were not instrumented and remain blank."
realtime_final,c1007231c2bf1dc77091bb381df5462de3dd6b6f,5,6,4,comment_edit,comment_updated,measured_warm,node_websocket_client_timing,4116.955,4127.645,,4127.432,,,10.690,,,,10.476,,200,0,0,0,10,"Database completion is approximated by HTTP response completion. Server broadcast timestamp, client-store update, and browser render were not instrumented and remain blank."
realtime_final,c1007231c2bf1dc77091bb381df5462de3dd6b6f,5,6,5,comment_edit,comment_updated,measured_warm,node_websocket_client_timing,4116.955,4127.645,,4127.455,,,10.690,,,,10.500,,200,0,0,0,10,"Database completion is approximated by HTTP response completion. Server broadcast timestamp, client-store update, and browser render were not instrumented and remain blank."
realtime_final,c1007231c2bf1dc77091bb381df5462de3dd6b6f,5,6,1,rating_update,rating_updated,measured_warm,node_websocket_client_timing,4162.818,4174.165,,4173.851,,,11.347,,,,11.033,,200,0,0,0,10,"Database completion is approximated by HTTP response completion. Server broadcast timestamp, client-store update, and browser render were not instrumented and remain blank."
realtime_final,c1007231c2bf1dc77091bb381df5462de3dd6b6f,5,6,2,rating_update,rating_updated,measured_warm,node_websocket_client_timing,4162.818,4174.165,,4173.906,,,11.347,,,,11.088,,200,0,0,0,10,"Database completion is approximated by HTTP response completion. Server broadcast timestamp, client-store update, and browser render were not instrumented and remain blank."
realtime_final,c1007231c2bf1dc77091bb381df5462de3dd6b6f,5,6,3,rating_update,rating_updated,measured_warm,node_websocket_client_timing,4162.818,4174.165,,4173.935,,,11.347,,,,11.117,,200,0,0,0,10,"Database completion is approximated by HTTP response completion. Server broadcast timestamp, client-store update, and browser render were not instrumented and remain blank."
realtime_final,c1007231c2bf1dc77091bb381df5462de3dd6b6f,5,6,4,rating_update,rating_updated,measured_warm,node_websocket_client_timing,4162.818,4174.165,,4173.952,,,11.347,,,,11.133,,200,0,0,0,10,"Database completion is approximated by HTTP response completion. Server broadcast timestamp, client-store update, and browser render were not instrumented and remain blank."
realtime_final,c1007231c2bf1dc77091bb381df5462de3dd6b6f,5,6,5,rating_update,rating_updated,measured_warm,node_websocket_client_timing,4162.818,4174.165,,4173.972,,,11.347,,,,11.154,,200,0,0,0,10,"Database completion is approximated by HTTP response completion. Server broadcast timestamp, client-store update, and browser render were not instrumented and remain blank."
realtime_final,c1007231c2bf1dc77091bb381df5462de3dd6b6f,5,6,1,comment_delete,comment_deleted,measured_warm,node_websocket_client_timing,4207.984,4217.183,,4216.846,,,9.199,,,,8.862,,200,0,0,0,10,"Database completion is approximated by HTTP response completion. Server broadcast timestamp, client-store update, and browser render were not instrumented and remain blank."
realtime_final,c1007231c2bf1dc77091bb381df5462de3dd6b6f,5,6,2,comment_delete,comment_deleted,measured_warm,node_websocket_client_timing,4207.984,4217.183,,4216.936,,,9.199,,,,8.953,,200,0,0,0,10,"Database completion is approximated by HTTP response completion. Server broadcast timestamp, client-store update, and browser render were not instrumented and remain blank."
realtime_final,c1007231c2bf1dc77091bb381df5462de3dd6b6f,5,6,3,comment_delete,comment_deleted,measured_warm,node_websocket_client_timing,4207.984,4217.183,,4216.959,,,9.199,,,,8.975,,200,0,0,0,10,"Database completion is approximated by HTTP response completion. Server broadcast timestamp, client-store update, and browser render were not instrumented and remain blank."
realtime_final,c1007231c2bf1dc77091bb381df5462de3dd6b6f,5,6,4,comment_delete,comment_deleted,measured_warm,node_websocket_client_timing,4207.984,4217.183,,4216.976,,,9.199,,,,8.993,,200,0,0,0,10,"Database completion is approximated by HTTP response completion. Server broadcast timestamp, client-store update, and browser render were not instrumented and remain blank."
realtime_final,c1007231c2bf1dc77091bb381df5462de3dd6b6f,5,6,5,comment_delete,comment_deleted,measured_warm,node_websocket_client_timing,4207.984,4217.183,,4216.995,,,9.199,,,,9.012,,200,0,0,0,10,"Database completion is approximated by HTTP response completion. Server broadcast timestamp, client-store update, and browser render were not instrumented and remain blank."
realtime_final,c1007231c2bf1dc77091bb381df5462de3dd6b6f,5,7,1,comment_create,new_comment,measured_warm,node_websocket_client_timing,4253.677,4265.414,,4264.984,,,11.737,,,,11.307,,201,0,0,0,10,"Database completion is approximated by HTTP response completion. Server broadcast timestamp, client-store update, and browser render were not instrumented and remain blank."
realtime_final,c1007231c2bf1dc77091bb381df5462de3dd6b6f,5,7,2,comment_create,new_comment,measured_warm,node_websocket_client_timing,4253.677,4265.414,,4265.110,,,11.737,,,,11.434,,201,0,0,0,10,"Database completion is approximated by HTTP response completion. Server broadcast timestamp, client-store update, and browser render were not instrumented and remain blank."
realtime_final,c1007231c2bf1dc77091bb381df5462de3dd6b6f,5,7,3,comment_create,new_comment,measured_warm,node_websocket_client_timing,4253.677,4265.414,,4265.135,,,11.737,,,,11.458,,201,0,0,0,10,"Database completion is approximated by HTTP response completion. Server broadcast timestamp, client-store update, and browser render were not instrumented and remain blank."
realtime_final,c1007231c2bf1dc77091bb381df5462de3dd6b6f,5,7,4,comment_create,new_comment,measured_warm,node_websocket_client_timing,4253.677,4265.414,,4265.155,,,11.737,,,,11.478,,201,0,0,0,10,"Database completion is approximated by HTTP response completion. Server broadcast timestamp, client-store update, and browser render were not instrumented and remain blank."
realtime_final,c1007231c2bf1dc77091bb381df5462de3dd6b6f,5,7,5,comment_create,new_comment,measured_warm,node_websocket_client_timing,4253.677,4265.414,,4265.205,,,11.737,,,,11.528,,201,0,0,0,10,"Database completion is approximated by HTTP response completion. Server broadcast timestamp, client-store update, and browser render were not instrumented and remain blank."
realtime_final,c1007231c2bf1dc77091bb381df5462de3dd6b6f,5,7,1,comment_edit,comment_updated,measured_warm,node_websocket_client_timing,4299.499,4309.888,,4309.566,,,10.389,,,,10.067,,200,0,0,0,10,"Database completion is approximated by HTTP response completion. Server broadcast timestamp, client-store update, and browser render were not instrumented and remain blank."
realtime_final,c1007231c2bf1dc77091bb381df5462de3dd6b6f,5,7,2,comment_edit,comment_updated,measured_warm,node_websocket_client_timing,4299.499,4309.888,,4309.628,,,10.389,,,,10.129,,200,0,0,0,10,"Database completion is approximated by HTTP response completion. Server broadcast timestamp, client-store update, and browser render were not instrumented and remain blank."
realtime_final,c1007231c2bf1dc77091bb381df5462de3dd6b6f,5,7,3,comment_edit,comment_updated,measured_warm,node_websocket_client_timing,4299.499,4309.888,,4309.652,,,10.389,,,,10.153,,200,0,0,0,10,"Database completion is approximated by HTTP response completion. Server broadcast timestamp, client-store update, and browser render were not instrumented and remain blank."
realtime_final,c1007231c2bf1dc77091bb381df5462de3dd6b6f,5,7,4,comment_edit,comment_updated,measured_warm,node_websocket_client_timing,4299.499,4309.888,,4309.670,,,10.389,,,,10.171,,200,0,0,0,10,"Database completion is approximated by HTTP response completion. Server broadcast timestamp, client-store update, and browser render were not instrumented and remain blank."
realtime_final,c1007231c2bf1dc77091bb381df5462de3dd6b6f,5,7,5,comment_edit,comment_updated,measured_warm,node_websocket_client_timing,4299.499,4309.888,,4309.692,,,10.389,,,,10.193,,200,0,0,0,10,"Database completion is approximated by HTTP response completion. Server broadcast timestamp, client-store update, and browser render were not instrumented and remain blank."
realtime_final,c1007231c2bf1dc77091bb381df5462de3dd6b6f,5,7,1,rating_update,rating_updated,measured_warm,node_websocket_client_timing,4345.822,4357.060,,4356.624,,,11.238,,,,10.802,,200,0,0,0,10,"Database completion is approximated by HTTP response completion. Server broadcast timestamp, client-store update, and browser render were not instrumented and remain blank."
realtime_final,c1007231c2bf1dc77091bb381df5462de3dd6b6f,5,7,2,rating_update,rating_updated,measured_warm,node_websocket_client_timing,4345.822,4357.060,,4356.691,,,11.238,,,,10.869,,200,0,0,0,10,"Database completion is approximated by HTTP response completion. Server broadcast timestamp, client-store update, and browser render were not instrumented and remain blank."
realtime_final,c1007231c2bf1dc77091bb381df5462de3dd6b6f,5,7,3,rating_update,rating_updated,measured_warm,node_websocket_client_timing,4345.822,4357.060,,4356.713,,,11.238,,,,10.891,,200,0,0,0,10,"Database completion is approximated by HTTP response completion. Server broadcast timestamp, client-store update, and browser render were not instrumented and remain blank."
realtime_final,c1007231c2bf1dc77091bb381df5462de3dd6b6f,5,7,4,rating_update,rating_updated,measured_warm,node_websocket_client_timing,4345.822,4357.060,,4356.731,,,11.238,,,,10.908,,200,0,0,0,10,"Database completion is approximated by HTTP response completion. Server broadcast timestamp, client-store update, and browser render were not instrumented and remain blank."
realtime_final,c1007231c2bf1dc77091bb381df5462de3dd6b6f,5,7,5,rating_update,rating_updated,measured_warm,node_websocket_client_timing,4345.822,4357.060,,4356.752,,,11.238,,,,10.929,,200,0,0,0,10,"Database completion is approximated by HTTP response completion. Server broadcast timestamp, client-store update, and browser render were not instrumented and remain blank."
realtime_final,c1007231c2bf1dc77091bb381df5462de3dd6b6f,5,7,1,comment_delete,comment_deleted,measured_warm,node_websocket_client_timing,4392.468,4406.434,,4406.114,,,13.966,,,,13.646,,200,0,0,0,10,"Database completion is approximated by HTTP response completion. Server broadcast timestamp, client-store update, and browser render were not instrumented and remain blank."
realtime_final,c1007231c2bf1dc77091bb381df5462de3dd6b6f,5,7,2,comment_delete,comment_deleted,measured_warm,node_websocket_client_timing,4392.468,4406.434,,4406.178,,,13.966,,,,13.709,,200,0,0,0,10,"Database completion is approximated by HTTP response completion. Server broadcast timestamp, client-store update, and browser render were not instrumented and remain blank."
realtime_final,c1007231c2bf1dc77091bb381df5462de3dd6b6f,5,7,3,comment_delete,comment_deleted,measured_warm,node_websocket_client_timing,4392.468,4406.434,,4406.200,,,13.966,,,,13.731,,200,0,0,0,10,"Database completion is approximated by HTTP response completion. Server broadcast timestamp, client-store update, and browser render were not instrumented and remain blank."
realtime_final,c1007231c2bf1dc77091bb381df5462de3dd6b6f,5,7,4,comment_delete,comment_deleted,measured_warm,node_websocket_client_timing,4392.468,4406.434,,4406.216,,,13.966,,,,13.748,,200,0,0,0,10,"Database completion is approximated by HTTP response completion. Server broadcast timestamp, client-store update, and browser render were not instrumented and remain blank."
realtime_final,c1007231c2bf1dc77091bb381df5462de3dd6b6f,5,7,5,comment_delete,comment_deleted,measured_warm,node_websocket_client_timing,4392.468,4406.434,,4406.238,,,13.966,,,,13.769,,200,0,0,0,10,"Database completion is approximated by HTTP response completion. Server broadcast timestamp, client-store update, and browser render were not instrumented and remain blank."
realtime_final,c1007231c2bf1dc77091bb381df5462de3dd6b6f,5,8,1,comment_create,new_comment,measured_warm,node_websocket_client_timing,4439.323,4449.294,,4448.940,,,9.971,,,,9.617,,201,0,0,0,10,"Database completion is approximated by HTTP response completion. Server broadcast timestamp, client-store update, and browser render were not instrumented and remain blank."
realtime_final,c1007231c2bf1dc77091bb381df5462de3dd6b6f,5,8,2,comment_create,new_comment,measured_warm,node_websocket_client_timing,4439.323,4449.294,,4449.004,,,9.971,,,,9.680,,201,0,0,0,10,"Database completion is approximated by HTTP response completion. Server broadcast timestamp, client-store update, and browser render were not instrumented and remain blank."
realtime_final,c1007231c2bf1dc77091bb381df5462de3dd6b6f,5,8,3,comment_create,new_comment,measured_warm,node_websocket_client_timing,4439.323,4449.294,,4449.026,,,9.971,,,,9.702,,201,0,0,0,10,"Database completion is approximated by HTTP response completion. Server broadcast timestamp, client-store update, and browser render were not instrumented and remain blank."
realtime_final,c1007231c2bf1dc77091bb381df5462de3dd6b6f,5,8,4,comment_create,new_comment,measured_warm,node_websocket_client_timing,4439.323,4449.294,,4449.044,,,9.971,,,,9.721,,201,0,0,0,10,"Database completion is approximated by HTTP response completion. Server broadcast timestamp, client-store update, and browser render were not instrumented and remain blank."
realtime_final,c1007231c2bf1dc77091bb381df5462de3dd6b6f,5,8,5,comment_create,new_comment,measured_warm,node_websocket_client_timing,4439.323,4449.294,,4449.069,,,9.971,,,,9.746,,201,0,0,0,10,"Database completion is approximated by HTTP response completion. Server broadcast timestamp, client-store update, and browser render were not instrumented and remain blank."
realtime_final,c1007231c2bf1dc77091bb381df5462de3dd6b6f,5,8,1,comment_edit,comment_updated,measured_warm,node_websocket_client_timing,4484.421,4494.948,,4494.544,,,10.527,,,,10.123,,200,0,0,0,10,"Database completion is approximated by HTTP response completion. Server broadcast timestamp, client-store update, and browser render were not instrumented and remain blank."
realtime_final,c1007231c2bf1dc77091bb381df5462de3dd6b6f,5,8,2,comment_edit,comment_updated,measured_warm,node_websocket_client_timing,4484.421,4494.948,,4494.662,,,10.527,,,,10.241,,200,0,0,0,10,"Database completion is approximated by HTTP response completion. Server broadcast timestamp, client-store update, and browser render were not instrumented and remain blank."
realtime_final,c1007231c2bf1dc77091bb381df5462de3dd6b6f,5,8,3,comment_edit,comment_updated,measured_warm,node_websocket_client_timing,4484.421,4494.948,,4494.687,,,10.527,,,,10.266,,200,0,0,0,10,"Database completion is approximated by HTTP response completion. Server broadcast timestamp, client-store update, and browser render were not instrumented and remain blank."
realtime_final,c1007231c2bf1dc77091bb381df5462de3dd6b6f,5,8,4,comment_edit,comment_updated,measured_warm,node_websocket_client_timing,4484.421,4494.948,,4494.707,,,10.527,,,,10.285,,200,0,0,0,10,"Database completion is approximated by HTTP response completion. Server broadcast timestamp, client-store update, and browser render were not instrumented and remain blank."
realtime_final,c1007231c2bf1dc77091bb381df5462de3dd6b6f,5,8,5,comment_edit,comment_updated,measured_warm,node_websocket_client_timing,4484.421,4494.948,,4494.734,,,10.527,,,,10.313,,200,0,0,0,10,"Database completion is approximated by HTTP response completion. Server broadcast timestamp, client-store update, and browser render were not instrumented and remain blank."
realtime_final,c1007231c2bf1dc77091bb381df5462de3dd6b6f,5,8,1,rating_update,rating_updated,measured_warm,node_websocket_client_timing,4529.683,4539.234,,4538.920,,,9.551,,,,9.237,,200,0,0,0,10,"Database completion is approximated by HTTP response completion. Server broadcast timestamp, client-store update, and browser render were not instrumented and remain blank."
realtime_final,c1007231c2bf1dc77091bb381df5462de3dd6b6f,5,8,2,rating_update,rating_updated,measured_warm,node_websocket_client_timing,4529.683,4539.234,,4538.973,,,9.551,,,,9.290,,200,0,0,0,10,"Database completion is approximated by HTTP response completion. Server broadcast timestamp, client-store update, and browser render were not instrumented and remain blank."
realtime_final,c1007231c2bf1dc77091bb381df5462de3dd6b6f,5,8,3,rating_update,rating_updated,measured_warm,node_websocket_client_timing,4529.683,4539.234,,4538.999,,,9.551,,,,9.316,,200,0,0,0,10,"Database completion is approximated by HTTP response completion. Server broadcast timestamp, client-store update, and browser render were not instrumented and remain blank."
realtime_final,c1007231c2bf1dc77091bb381df5462de3dd6b6f,5,8,4,rating_update,rating_updated,measured_warm,node_websocket_client_timing,4529.683,4539.234,,4539.023,,,9.551,,,,9.340,,200,0,0,0,10,"Database completion is approximated by HTTP response completion. Server broadcast timestamp, client-store update, and browser render were not instrumented and remain blank."
realtime_final,c1007231c2bf1dc77091bb381df5462de3dd6b6f,5,8,5,rating_update,rating_updated,measured_warm,node_websocket_client_timing,4529.683,4539.234,,4539.044,,,9.551,,,,9.361,,200,0,0,0,10,"Database completion is approximated by HTTP response completion. Server broadcast timestamp, client-store update, and browser render were not instrumented and remain blank."
realtime_final,c1007231c2bf1dc77091bb381df5462de3dd6b6f,5,8,1,comment_delete,comment_deleted,measured_warm,node_websocket_client_timing,4576.691,4586.075,,4585.722,,,9.384,,,,9.031,,200,0,0,0,10,"Database completion is approximated by HTTP response completion. Server broadcast timestamp, client-store update, and browser render were not instrumented and remain blank."
realtime_final,c1007231c2bf1dc77091bb381df5462de3dd6b6f,5,8,2,comment_delete,comment_deleted,measured_warm,node_websocket_client_timing,4576.691,4586.075,,4585.784,,,9.384,,,,9.093,,200,0,0,0,10,"Database completion is approximated by HTTP response completion. Server broadcast timestamp, client-store update, and browser render were not instrumented and remain blank."
realtime_final,c1007231c2bf1dc77091bb381df5462de3dd6b6f,5,8,3,comment_delete,comment_deleted,measured_warm,node_websocket_client_timing,4576.691,4586.075,,4585.804,,,9.384,,,,9.113,,200,0,0,0,10,"Database completion is approximated by HTTP response completion. Server broadcast timestamp, client-store update, and browser render were not instrumented and remain blank."
realtime_final,c1007231c2bf1dc77091bb381df5462de3dd6b6f,5,8,4,comment_delete,comment_deleted,measured_warm,node_websocket_client_timing,4576.691,4586.075,,4585.824,,,9.384,,,,9.133,,200,0,0,0,10,"Database completion is approximated by HTTP response completion. Server broadcast timestamp, client-store update, and browser render were not instrumented and remain blank."
realtime_final,c1007231c2bf1dc77091bb381df5462de3dd6b6f,5,8,5,comment_delete,comment_deleted,measured_warm,node_websocket_client_timing,4576.691,4586.075,,4585.872,,,9.384,,,,9.182,,200,0,0,0,10,"Database completion is approximated by HTTP response completion. Server broadcast timestamp, client-store update, and browser render were not instrumented and remain blank."
realtime_final,c1007231c2bf1dc77091bb381df5462de3dd6b6f,5,9,1,comment_create,new_comment,measured_warm,node_websocket_client_timing,4622.569,4632.303,,4631.907,,,9.734,,,,9.338,,201,0,0,0,10,"Database completion is approximated by HTTP response completion. Server broadcast timestamp, client-store update, and browser render were not instrumented and remain blank."
realtime_final,c1007231c2bf1dc77091bb381df5462de3dd6b6f,5,9,2,comment_create,new_comment,measured_warm,node_websocket_client_timing,4622.569,4632.303,,4631.969,,,9.734,,,,9.400,,201,0,0,0,10,"Database completion is approximated by HTTP response completion. Server broadcast timestamp, client-store update, and browser render were not instrumented and remain blank."
realtime_final,c1007231c2bf1dc77091bb381df5462de3dd6b6f,5,9,3,comment_create,new_comment,measured_warm,node_websocket_client_timing,4622.569,4632.303,,4632.031,,,9.734,,,,9.462,,201,0,0,0,10,"Database completion is approximated by HTTP response completion. Server broadcast timestamp, client-store update, and browser render were not instrumented and remain blank."
realtime_final,c1007231c2bf1dc77091bb381df5462de3dd6b6f,5,9,4,comment_create,new_comment,measured_warm,node_websocket_client_timing,4622.569,4632.303,,4632.053,,,9.734,,,,9.484,,201,0,0,0,10,"Database completion is approximated by HTTP response completion. Server broadcast timestamp, client-store update, and browser render were not instrumented and remain blank."
realtime_final,c1007231c2bf1dc77091bb381df5462de3dd6b6f,5,9,5,comment_create,new_comment,measured_warm,node_websocket_client_timing,4622.569,4632.303,,4632.075,,,9.734,,,,9.506,,201,0,0,0,10,"Database completion is approximated by HTTP response completion. Server broadcast timestamp, client-store update, and browser render were not instrumented and remain blank."
realtime_final,c1007231c2bf1dc77091bb381df5462de3dd6b6f,5,9,1,comment_edit,comment_updated,measured_warm,node_websocket_client_timing,4668.484,4680.458,,4679.787,,,11.975,,,,11.304,,200,0,0,0,10,"Database completion is approximated by HTTP response completion. Server broadcast timestamp, client-store update, and browser render were not instrumented and remain blank."
realtime_final,c1007231c2bf1dc77091bb381df5462de3dd6b6f,5,9,2,comment_edit,comment_updated,measured_warm,node_websocket_client_timing,4668.484,4680.458,,4679.891,,,11.975,,,,11.407,,200,0,0,0,10,"Database completion is approximated by HTTP response completion. Server broadcast timestamp, client-store update, and browser render were not instrumented and remain blank."
realtime_final,c1007231c2bf1dc77091bb381df5462de3dd6b6f,5,9,3,comment_edit,comment_updated,measured_warm,node_websocket_client_timing,4668.484,4680.458,,4679.916,,,11.975,,,,11.432,,200,0,0,0,10,"Database completion is approximated by HTTP response completion. Server broadcast timestamp, client-store update, and browser render were not instrumented and remain blank."
realtime_final,c1007231c2bf1dc77091bb381df5462de3dd6b6f,5,9,4,comment_edit,comment_updated,measured_warm,node_websocket_client_timing,4668.484,4680.458,,4679.936,,,11.975,,,,11.452,,200,0,0,0,10,"Database completion is approximated by HTTP response completion. Server broadcast timestamp, client-store update, and browser render were not instrumented and remain blank."
realtime_final,c1007231c2bf1dc77091bb381df5462de3dd6b6f,5,9,5,comment_edit,comment_updated,measured_warm,node_websocket_client_timing,4668.484,4680.458,,4679.963,,,11.975,,,,11.480,,200,0,0,0,10,"Database completion is approximated by HTTP response completion. Server broadcast timestamp, client-store update, and browser render were not instrumented and remain blank."
realtime_final,c1007231c2bf1dc77091bb381df5462de3dd6b6f,5,9,1,rating_update,rating_updated,measured_warm,node_websocket_client_timing,4714.748,4724.950,,4724.661,,,10.202,,,,9.913,,200,0,0,0,10,"Database completion is approximated by HTTP response completion. Server broadcast timestamp, client-store update, and browser render were not instrumented and remain blank."
realtime_final,c1007231c2bf1dc77091bb381df5462de3dd6b6f,5,9,2,rating_update,rating_updated,measured_warm,node_websocket_client_timing,4714.748,4724.950,,4724.732,,,10.202,,,,9.984,,200,0,0,0,10,"Database completion is approximated by HTTP response completion. Server broadcast timestamp, client-store update, and browser render were not instrumented and remain blank."
realtime_final,c1007231c2bf1dc77091bb381df5462de3dd6b6f,5,9,3,rating_update,rating_updated,measured_warm,node_websocket_client_timing,4714.748,4724.950,,4724.752,,,10.202,,,,10.005,,200,0,0,0,10,"Database completion is approximated by HTTP response completion. Server broadcast timestamp, client-store update, and browser render were not instrumented and remain blank."
realtime_final,c1007231c2bf1dc77091bb381df5462de3dd6b6f,5,9,4,rating_update,rating_updated,measured_warm,node_websocket_client_timing,4714.748,4724.950,,4724.767,,,10.202,,,,10.019,,200,0,0,0,10,"Database completion is approximated by HTTP response completion. Server broadcast timestamp, client-store update, and browser render were not instrumented and remain blank."
realtime_final,c1007231c2bf1dc77091bb381df5462de3dd6b6f,5,9,5,rating_update,rating_updated,measured_warm,node_websocket_client_timing,4714.748,4724.950,,4724.783,,,10.202,,,,10.035,,200,0,0,0,10,"Database completion is approximated by HTTP response completion. Server broadcast timestamp, client-store update, and browser render were not instrumented and remain blank."
realtime_final,c1007231c2bf1dc77091bb381df5462de3dd6b6f,5,9,1,comment_delete,comment_deleted,measured_warm,node_websocket_client_timing,4759.701,4768.013,,4767.670,,,8.312,,,,7.970,,200,0,0,0,10,"Database completion is approximated by HTTP response completion. Server broadcast timestamp, client-store update, and browser render were not instrumented and remain blank."
realtime_final,c1007231c2bf1dc77091bb381df5462de3dd6b6f,5,9,2,comment_delete,comment_deleted,measured_warm,node_websocket_client_timing,4759.701,4768.013,,4767.724,,,8.312,,,,8.023,,200,0,0,0,10,"Database completion is approximated by HTTP response completion. Server broadcast timestamp, client-store update, and browser render were not instrumented and remain blank."
realtime_final,c1007231c2bf1dc77091bb381df5462de3dd6b6f,5,9,3,comment_delete,comment_deleted,measured_warm,node_websocket_client_timing,4759.701,4768.013,,4767.742,,,8.312,,,,8.041,,200,0,0,0,10,"Database completion is approximated by HTTP response completion. Server broadcast timestamp, client-store update, and browser render were not instrumented and remain blank."
realtime_final,c1007231c2bf1dc77091bb381df5462de3dd6b6f,5,9,4,comment_delete,comment_deleted,measured_warm,node_websocket_client_timing,4759.701,4768.013,,4767.755,,,8.312,,,,8.054,,200,0,0,0,10,"Database completion is approximated by HTTP response completion. Server broadcast timestamp, client-store update, and browser render were not instrumented and remain blank."
realtime_final,c1007231c2bf1dc77091bb381df5462de3dd6b6f,5,9,5,comment_delete,comment_deleted,measured_warm,node_websocket_client_timing,4759.701,4768.013,,4767.772,,,8.312,,,,8.071,,200,0,0,0,10,"Database completion is approximated by HTTP response completion. Server broadcast timestamp, client-store update, and browser render were not instrumented and remain blank."
realtime_final,c1007231c2bf1dc77091bb381df5462de3dd6b6f,5,10,1,comment_create,new_comment,measured_warm,node_websocket_client_timing,4805.245,4814.164,,4813.862,,,8.918,,,,8.617,,201,0,0,0,10,"Database completion is approximated by HTTP response completion. Server broadcast timestamp, client-store update, and browser render were not instrumented and remain blank."
realtime_final,c1007231c2bf1dc77091bb381df5462de3dd6b6f,5,10,2,comment_create,new_comment,measured_warm,node_websocket_client_timing,4805.245,4814.164,,4813.920,,,8.918,,,,8.674,,201,0,0,0,10,"Database completion is approximated by HTTP response completion. Server broadcast timestamp, client-store update, and browser render were not instrumented and remain blank."
realtime_final,c1007231c2bf1dc77091bb381df5462de3dd6b6f,5,10,3,comment_create,new_comment,measured_warm,node_websocket_client_timing,4805.245,4814.164,,4813.941,,,8.918,,,,8.696,,201,0,0,0,10,"Database completion is approximated by HTTP response completion. Server broadcast timestamp, client-store update, and browser render were not instrumented and remain blank."
realtime_final,c1007231c2bf1dc77091bb381df5462de3dd6b6f,5,10,4,comment_create,new_comment,measured_warm,node_websocket_client_timing,4805.245,4814.164,,4813.957,,,8.918,,,,8.712,,201,0,0,0,10,"Database completion is approximated by HTTP response completion. Server broadcast timestamp, client-store update, and browser render were not instrumented and remain blank."
realtime_final,c1007231c2bf1dc77091bb381df5462de3dd6b6f,5,10,5,comment_create,new_comment,measured_warm,node_websocket_client_timing,4805.245,4814.164,,4813.976,,,8.918,,,,8.731,,201,0,0,0,10,"Database completion is approximated by HTTP response completion. Server broadcast timestamp, client-store update, and browser render were not instrumented and remain blank."
realtime_final,c1007231c2bf1dc77091bb381df5462de3dd6b6f,5,10,1,comment_edit,comment_updated,measured_warm,node_websocket_client_timing,4850.651,4860.588,,4860.070,,,9.938,,,,9.420,,200,0,0,0,10,"Database completion is approximated by HTTP response completion. Server broadcast timestamp, client-store update, and browser render were not instrumented and remain blank."
realtime_final,c1007231c2bf1dc77091bb381df5462de3dd6b6f,5,10,2,comment_edit,comment_updated,measured_warm,node_websocket_client_timing,4850.651,4860.588,,4860.173,,,9.938,,,,9.522,,200,0,0,0,10,"Database completion is approximated by HTTP response completion. Server broadcast timestamp, client-store update, and browser render were not instrumented and remain blank."
realtime_final,c1007231c2bf1dc77091bb381df5462de3dd6b6f,5,10,3,comment_edit,comment_updated,measured_warm,node_websocket_client_timing,4850.651,4860.588,,4860.227,,,9.938,,,,9.576,,200,0,0,0,10,"Database completion is approximated by HTTP response completion. Server broadcast timestamp, client-store update, and browser render were not instrumented and remain blank."
realtime_final,c1007231c2bf1dc77091bb381df5462de3dd6b6f,5,10,4,comment_edit,comment_updated,measured_warm,node_websocket_client_timing,4850.651,4860.588,,4860.275,,,9.938,,,,9.624,,200,0,0,0,10,"Database completion is approximated by HTTP response completion. Server broadcast timestamp, client-store update, and browser render were not instrumented and remain blank."
realtime_final,c1007231c2bf1dc77091bb381df5462de3dd6b6f,5,10,5,comment_edit,comment_updated,measured_warm,node_websocket_client_timing,4850.651,4860.588,,4860.325,,,9.938,,,,9.674,,200,0,0,0,10,"Database completion is approximated by HTTP response completion. Server broadcast timestamp, client-store update, and browser render were not instrumented and remain blank."
realtime_final,c1007231c2bf1dc77091bb381df5462de3dd6b6f,5,10,1,rating_update,rating_updated,measured_warm,node_websocket_client_timing,4895.887,4907.768,,4907.273,,,11.881,,,,11.386,,200,0,0,0,10,"Database completion is approximated by HTTP response completion. Server broadcast timestamp, client-store update, and browser render were not instrumented and remain blank."
realtime_final,c1007231c2bf1dc77091bb381df5462de3dd6b6f,5,10,2,rating_update,rating_updated,measured_warm,node_websocket_client_timing,4895.887,4907.768,,4907.324,,,11.881,,,,11.437,,200,0,0,0,10,"Database completion is approximated by HTTP response completion. Server broadcast timestamp, client-store update, and browser render were not instrumented and remain blank."
realtime_final,c1007231c2bf1dc77091bb381df5462de3dd6b6f,5,10,3,rating_update,rating_updated,measured_warm,node_websocket_client_timing,4895.887,4907.768,,4907.343,,,11.881,,,,11.456,,200,0,0,0,10,"Database completion is approximated by HTTP response completion. Server broadcast timestamp, client-store update, and browser render were not instrumented and remain blank."
realtime_final,c1007231c2bf1dc77091bb381df5462de3dd6b6f,5,10,4,rating_update,rating_updated,measured_warm,node_websocket_client_timing,4895.887,4907.768,,4907.356,,,11.881,,,,11.469,,200,0,0,0,10,"Database completion is approximated by HTTP response completion. Server broadcast timestamp, client-store update, and browser render were not instrumented and remain blank."
realtime_final,c1007231c2bf1dc77091bb381df5462de3dd6b6f,5,10,5,rating_update,rating_updated,measured_warm,node_websocket_client_timing,4895.887,4907.768,,4907.373,,,11.881,,,,11.486,,200,0,0,0,10,"Database completion is approximated by HTTP response completion. Server broadcast timestamp, client-store update, and browser render were not instrumented and remain blank."
realtime_final,c1007231c2bf1dc77091bb381df5462de3dd6b6f,5,10,1,comment_delete,comment_deleted,measured_warm,node_websocket_client_timing,4940.880,4952.713,,4952.374,,,11.833,,,,11.494,,200,0,0,0,10,"Database completion is approximated by HTTP response completion. Server broadcast timestamp, client-store update, and browser render were not instrumented and remain blank."
realtime_final,c1007231c2bf1dc77091bb381df5462de3dd6b6f,5,10,2,comment_delete,comment_deleted,measured_warm,node_websocket_client_timing,4940.880,4952.713,,4952.421,,,11.833,,,,11.541,,200,0,0,0,10,"Database completion is approximated by HTTP response completion. Server broadcast timestamp, client-store update, and browser render were not instrumented and remain blank."
realtime_final,c1007231c2bf1dc77091bb381df5462de3dd6b6f,5,10,3,comment_delete,comment_deleted,measured_warm,node_websocket_client_timing,4940.880,4952.713,,4952.444,,,11.833,,,,11.564,,200,0,0,0,10,"Database completion is approximated by HTTP response completion. Server broadcast timestamp, client-store update, and browser render were not instrumented and remain blank."
realtime_final,c1007231c2bf1dc77091bb381df5462de3dd6b6f,5,10,4,comment_delete,comment_deleted,measured_warm,node_websocket_client_timing,4940.880,4952.713,,4952.461,,,11.833,,,,11.581,,200,0,0,0,10,"Database completion is approximated by HTTP response completion. Server broadcast timestamp, client-store update, and browser render were not instrumented and remain blank."
realtime_final,c1007231c2bf1dc77091bb381df5462de3dd6b6f,5,10,5,comment_delete,comment_deleted,measured_warm,node_websocket_client_timing,4940.880,4952.713,,4952.528,,,11.833,,,,11.648,,200,0,0,0,10,"Database completion is approximated by HTTP response completion. Server broadcast timestamp, client-store update, and browser render were not instrumented and remain blank."
realtime_final,c1007231c2bf1dc77091bb381df5462de3dd6b6f,10,1,1,comment_create,new_comment,measured_warm,node_websocket_client_timing,6271.267,6288.750,,6288.173,,,17.483,,,,16.906,,201,0,0,0,10,"Database completion is approximated by HTTP response completion. Server broadcast timestamp, client-store update, and browser render were not instrumented and remain blank."
realtime_final,c1007231c2bf1dc77091bb381df5462de3dd6b6f,10,1,2,comment_create,new_comment,measured_warm,node_websocket_client_timing,6271.267,6288.750,,6288.261,,,17.483,,,,16.995,,201,0,0,0,10,"Database completion is approximated by HTTP response completion. Server broadcast timestamp, client-store update, and browser render were not instrumented and remain blank."
realtime_final,c1007231c2bf1dc77091bb381df5462de3dd6b6f,10,1,3,comment_create,new_comment,measured_warm,node_websocket_client_timing,6271.267,6288.750,,6288.288,,,17.483,,,,17.021,,201,0,0,0,10,"Database completion is approximated by HTTP response completion. Server broadcast timestamp, client-store update, and browser render were not instrumented and remain blank."
realtime_final,c1007231c2bf1dc77091bb381df5462de3dd6b6f,10,1,4,comment_create,new_comment,measured_warm,node_websocket_client_timing,6271.267,6288.750,,6288.314,,,17.483,,,,17.047,,201,0,0,0,10,"Database completion is approximated by HTTP response completion. Server broadcast timestamp, client-store update, and browser render were not instrumented and remain blank."
realtime_final,c1007231c2bf1dc77091bb381df5462de3dd6b6f,10,1,5,comment_create,new_comment,measured_warm,node_websocket_client_timing,6271.267,6288.750,,6288.334,,,17.483,,,,17.068,,201,0,0,0,10,"Database completion is approximated by HTTP response completion. Server broadcast timestamp, client-store update, and browser render were not instrumented and remain blank."
realtime_final,c1007231c2bf1dc77091bb381df5462de3dd6b6f,10,1,6,comment_create,new_comment,measured_warm,node_websocket_client_timing,6271.267,6288.750,,6288.354,,,17.483,,,,17.087,,201,0,0,0,10,"Database completion is approximated by HTTP response completion. Server broadcast timestamp, client-store update, and browser render were not instrumented and remain blank."
realtime_final,c1007231c2bf1dc77091bb381df5462de3dd6b6f,10,1,7,comment_create,new_comment,measured_warm,node_websocket_client_timing,6271.267,6288.750,,6288.378,,,17.483,,,,17.111,,201,0,0,0,10,"Database completion is approximated by HTTP response completion. Server broadcast timestamp, client-store update, and browser render were not instrumented and remain blank."
realtime_final,c1007231c2bf1dc77091bb381df5462de3dd6b6f,10,1,8,comment_create,new_comment,measured_warm,node_websocket_client_timing,6271.267,6288.750,,6288.439,,,17.483,,,,17.172,,201,0,0,0,10,"Database completion is approximated by HTTP response completion. Server broadcast timestamp, client-store update, and browser render were not instrumented and remain blank."
realtime_final,c1007231c2bf1dc77091bb381df5462de3dd6b6f,10,1,9,comment_create,new_comment,measured_warm,node_websocket_client_timing,6271.267,6288.750,,6288.465,,,17.483,,,,17.198,,201,0,0,0,10,"Database completion is approximated by HTTP response completion. Server broadcast timestamp, client-store update, and browser render were not instrumented and remain blank."
realtime_final,c1007231c2bf1dc77091bb381df5462de3dd6b6f,10,1,10,comment_create,new_comment,measured_warm,node_websocket_client_timing,6271.267,6288.750,,6288.488,,,17.483,,,,17.221,,201,0,0,0,10,"Database completion is approximated by HTTP response completion. Server broadcast timestamp, client-store update, and browser render were not instrumented and remain blank."
realtime_final,c1007231c2bf1dc77091bb381df5462de3dd6b6f,10,1,1,comment_edit,comment_updated,measured_warm,node_websocket_client_timing,6332.322,6356.541,,6355.887,,,24.218,,,,23.565,,200,0,0,0,10,"Database completion is approximated by HTTP response completion. Server broadcast timestamp, client-store update, and browser render were not instrumented and remain blank."
realtime_final,c1007231c2bf1dc77091bb381df5462de3dd6b6f,10,1,2,comment_edit,comment_updated,measured_warm,node_websocket_client_timing,6332.322,6356.541,,6355.963,,,24.218,,,,23.641,,200,0,0,0,10,"Database completion is approximated by HTTP response completion. Server broadcast timestamp, client-store update, and browser render were not instrumented and remain blank."
realtime_final,c1007231c2bf1dc77091bb381df5462de3dd6b6f,10,1,3,comment_edit,comment_updated,measured_warm,node_websocket_client_timing,6332.322,6356.541,,6355.987,,,24.218,,,,23.664,,200,0,0,0,10,"Database completion is approximated by HTTP response completion. Server broadcast timestamp, client-store update, and browser render were not instrumented and remain blank."
realtime_final,c1007231c2bf1dc77091bb381df5462de3dd6b6f,10,1,4,comment_edit,comment_updated,measured_warm,node_websocket_client_timing,6332.322,6356.541,,6356.006,,,24.218,,,,23.684,,200,0,0,0,10,"Database completion is approximated by HTTP response completion. Server broadcast timestamp, client-store update, and browser render were not instrumented and remain blank."
realtime_final,c1007231c2bf1dc77091bb381df5462de3dd6b6f,10,1,5,comment_edit,comment_updated,measured_warm,node_websocket_client_timing,6332.322,6356.541,,6356.030,,,24.218,,,,23.708,,200,0,0,0,10,"Database completion is approximated by HTTP response completion. Server broadcast timestamp, client-store update, and browser render were not instrumented and remain blank."
realtime_final,c1007231c2bf1dc77091bb381df5462de3dd6b6f,10,1,6,comment_edit,comment_updated,measured_warm,node_websocket_client_timing,6332.322,6356.541,,6356.081,,,24.218,,,,23.758,,200,0,0,0,10,"Database completion is approximated by HTTP response completion. Server broadcast timestamp, client-store update, and browser render were not instrumented and remain blank."
realtime_final,c1007231c2bf1dc77091bb381df5462de3dd6b6f,10,1,7,comment_edit,comment_updated,measured_warm,node_websocket_client_timing,6332.322,6356.541,,6356.100,,,24.218,,,,23.778,,200,0,0,0,10,"Database completion is approximated by HTTP response completion. Server broadcast timestamp, client-store update, and browser render were not instrumented and remain blank."
realtime_final,c1007231c2bf1dc77091bb381df5462de3dd6b6f,10,1,8,comment_edit,comment_updated,measured_warm,node_websocket_client_timing,6332.322,6356.541,,6356.121,,,24.218,,,,23.799,,200,0,0,0,10,"Database completion is approximated by HTTP response completion. Server broadcast timestamp, client-store update, and browser render were not instrumented and remain blank."
realtime_final,c1007231c2bf1dc77091bb381df5462de3dd6b6f,10,1,9,comment_edit,comment_updated,measured_warm,node_websocket_client_timing,6332.322,6356.541,,6356.140,,,24.218,,,,23.818,,200,0,0,0,10,"Database completion is approximated by HTTP response completion. Server broadcast timestamp, client-store update, and browser render were not instrumented and remain blank."
realtime_final,c1007231c2bf1dc77091bb381df5462de3dd6b6f,10,1,10,comment_edit,comment_updated,measured_warm,node_websocket_client_timing,6332.322,6356.541,,6356.162,,,24.218,,,,23.840,,200,0,0,0,10,"Database completion is approximated by HTTP response completion. Server broadcast timestamp, client-store update, and browser render were not instrumented and remain blank."
realtime_final,c1007231c2bf1dc77091bb381df5462de3dd6b6f,10,1,1,rating_update,rating_updated,measured_warm,node_websocket_client_timing,6392.289,6417.861,,6417.110,,,25.572,,,,24.821,,200,0,0,0,10,"Database completion is approximated by HTTP response completion. Server broadcast timestamp, client-store update, and browser render were not instrumented and remain blank."
realtime_final,c1007231c2bf1dc77091bb381df5462de3dd6b6f,10,1,2,rating_update,rating_updated,measured_warm,node_websocket_client_timing,6392.289,6417.861,,6417.171,,,25.572,,,,24.881,,200,0,0,0,10,"Database completion is approximated by HTTP response completion. Server broadcast timestamp, client-store update, and browser render were not instrumented and remain blank."
realtime_final,c1007231c2bf1dc77091bb381df5462de3dd6b6f,10,1,3,rating_update,rating_updated,measured_warm,node_websocket_client_timing,6392.289,6417.861,,6417.191,,,25.572,,,,24.902,,200,0,0,0,10,"Database completion is approximated by HTTP response completion. Server broadcast timestamp, client-store update, and browser render were not instrumented and remain blank."
realtime_final,c1007231c2bf1dc77091bb381df5462de3dd6b6f,10,1,4,rating_update,rating_updated,measured_warm,node_websocket_client_timing,6392.289,6417.861,,6417.208,,,25.572,,,,24.919,,200,0,0,0,10,"Database completion is approximated by HTTP response completion. Server broadcast timestamp, client-store update, and browser render were not instrumented and remain blank."
realtime_final,c1007231c2bf1dc77091bb381df5462de3dd6b6f,10,1,5,rating_update,rating_updated,measured_warm,node_websocket_client_timing,6392.289,6417.861,,6417.224,,,25.572,,,,24.935,,200,0,0,0,10,"Database completion is approximated by HTTP response completion. Server broadcast timestamp, client-store update, and browser render were not instrumented and remain blank."
realtime_final,c1007231c2bf1dc77091bb381df5462de3dd6b6f,10,1,6,rating_update,rating_updated,measured_warm,node_websocket_client_timing,6392.289,6417.861,,6417.243,,,25.572,,,,24.954,,200,0,0,0,10,"Database completion is approximated by HTTP response completion. Server broadcast timestamp, client-store update, and browser render were not instrumented and remain blank."
realtime_final,c1007231c2bf1dc77091bb381df5462de3dd6b6f,10,1,7,rating_update,rating_updated,measured_warm,node_websocket_client_timing,6392.289,6417.861,,6417.257,,,25.572,,,,24.968,,200,0,0,0,10,"Database completion is approximated by HTTP response completion. Server broadcast timestamp, client-store update, and browser render were not instrumented and remain blank."
realtime_final,c1007231c2bf1dc77091bb381df5462de3dd6b6f,10,1,8,rating_update,rating_updated,measured_warm,node_websocket_client_timing,6392.289,6417.861,,6417.272,,,25.572,,,,24.982,,200,0,0,0,10,"Database completion is approximated by HTTP response completion. Server broadcast timestamp, client-store update, and browser render were not instrumented and remain blank."
realtime_final,c1007231c2bf1dc77091bb381df5462de3dd6b6f,10,1,9,rating_update,rating_updated,measured_warm,node_websocket_client_timing,6392.289,6417.861,,6417.287,,,25.572,,,,24.997,,200,0,0,0,10,"Database completion is approximated by HTTP response completion. Server broadcast timestamp, client-store update, and browser render were not instrumented and remain blank."
realtime_final,c1007231c2bf1dc77091bb381df5462de3dd6b6f,10,1,10,rating_update,rating_updated,measured_warm,node_websocket_client_timing,6392.289,6417.861,,6417.308,,,25.572,,,,25.019,,200,0,0,0,10,"Database completion is approximated by HTTP response completion. Server broadcast timestamp, client-store update, and browser render were not instrumented and remain blank."
realtime_final,c1007231c2bf1dc77091bb381df5462de3dd6b6f,10,1,1,comment_delete,comment_deleted,measured_warm,node_websocket_client_timing,6453.658,6463.965,,6463.296,,,10.306,,,,9.637,,200,0,0,0,10,"Database completion is approximated by HTTP response completion. Server broadcast timestamp, client-store update, and browser render were not instrumented and remain blank."
realtime_final,c1007231c2bf1dc77091bb381df5462de3dd6b6f,10,1,2,comment_delete,comment_deleted,measured_warm,node_websocket_client_timing,6453.658,6463.965,,6463.487,,,10.306,,,,9.828,,200,0,0,0,10,"Database completion is approximated by HTTP response completion. Server broadcast timestamp, client-store update, and browser render were not instrumented and remain blank."
realtime_final,c1007231c2bf1dc77091bb381df5462de3dd6b6f,10,1,3,comment_delete,comment_deleted,measured_warm,node_websocket_client_timing,6453.658,6463.965,,6463.526,,,10.306,,,,9.868,,200,0,0,0,10,"Database completion is approximated by HTTP response completion. Server broadcast timestamp, client-store update, and browser render were not instrumented and remain blank."
realtime_final,c1007231c2bf1dc77091bb381df5462de3dd6b6f,10,1,4,comment_delete,comment_deleted,measured_warm,node_websocket_client_timing,6453.658,6463.965,,6463.551,,,10.306,,,,9.893,,200,0,0,0,10,"Database completion is approximated by HTTP response completion. Server broadcast timestamp, client-store update, and browser render were not instrumented and remain blank."
realtime_final,c1007231c2bf1dc77091bb381df5462de3dd6b6f,10,1,5,comment_delete,comment_deleted,measured_warm,node_websocket_client_timing,6453.658,6463.965,,6463.587,,,10.306,,,,9.928,,200,0,0,0,10,"Database completion is approximated by HTTP response completion. Server broadcast timestamp, client-store update, and browser render were not instrumented and remain blank."
realtime_final,c1007231c2bf1dc77091bb381df5462de3dd6b6f,10,1,6,comment_delete,comment_deleted,measured_warm,node_websocket_client_timing,6453.658,6463.965,,6463.610,,,10.306,,,,9.951,,200,0,0,0,10,"Database completion is approximated by HTTP response completion. Server broadcast timestamp, client-store update, and browser render were not instrumented and remain blank."
realtime_final,c1007231c2bf1dc77091bb381df5462de3dd6b6f,10,1,7,comment_delete,comment_deleted,measured_warm,node_websocket_client_timing,6453.658,6463.965,,6463.632,,,10.306,,,,9.974,,200,0,0,0,10,"Database completion is approximated by HTTP response completion. Server broadcast timestamp, client-store update, and browser render were not instrumented and remain blank."
realtime_final,c1007231c2bf1dc77091bb381df5462de3dd6b6f,10,1,8,comment_delete,comment_deleted,measured_warm,node_websocket_client_timing,6453.658,6463.965,,6463.661,,,10.306,,,,10.003,,200,0,0,0,10,"Database completion is approximated by HTTP response completion. Server broadcast timestamp, client-store update, and browser render were not instrumented and remain blank."
realtime_final,c1007231c2bf1dc77091bb381df5462de3dd6b6f,10,1,9,comment_delete,comment_deleted,measured_warm,node_websocket_client_timing,6453.658,6463.965,,6463.683,,,10.306,,,,10.025,,200,0,0,0,10,"Database completion is approximated by HTTP response completion. Server broadcast timestamp, client-store update, and browser render were not instrumented and remain blank."
realtime_final,c1007231c2bf1dc77091bb381df5462de3dd6b6f,10,1,10,comment_delete,comment_deleted,measured_warm,node_websocket_client_timing,6453.658,6463.965,,6463.713,,,10.306,,,,10.055,,200,0,0,0,10,"Database completion is approximated by HTTP response completion. Server broadcast timestamp, client-store update, and browser render were not instrumented and remain blank."
realtime_final,c1007231c2bf1dc77091bb381df5462de3dd6b6f,10,2,1,comment_create,new_comment,measured_warm,node_websocket_client_timing,6500.677,6512.657,,6511.366,,,11.980,,,,10.690,,201,0,0,0,10,"Database completion is approximated by HTTP response completion. Server broadcast timestamp, client-store update, and browser render were not instrumented and remain blank."
realtime_final,c1007231c2bf1dc77091bb381df5462de3dd6b6f,10,2,2,comment_create,new_comment,measured_warm,node_websocket_client_timing,6500.677,6512.657,,6511.424,,,11.980,,,,10.747,,201,0,0,0,10,"Database completion is approximated by HTTP response completion. Server broadcast timestamp, client-store update, and browser render were not instrumented and remain blank."
realtime_final,c1007231c2bf1dc77091bb381df5462de3dd6b6f,10,2,3,comment_create,new_comment,measured_warm,node_websocket_client_timing,6500.677,6512.657,,6511.444,,,11.980,,,,10.767,,201,0,0,0,10,"Database completion is approximated by HTTP response completion. Server broadcast timestamp, client-store update, and browser render were not instrumented and remain blank."
realtime_final,c1007231c2bf1dc77091bb381df5462de3dd6b6f,10,2,4,comment_create,new_comment,measured_warm,node_websocket_client_timing,6500.677,6512.657,,6511.461,,,11.980,,,,10.784,,201,0,0,0,10,"Database completion is approximated by HTTP response completion. Server broadcast timestamp, client-store update, and browser render were not instrumented and remain blank."
realtime_final,c1007231c2bf1dc77091bb381df5462de3dd6b6f,10,2,5,comment_create,new_comment,measured_warm,node_websocket_client_timing,6500.677,6512.657,,6511.490,,,11.980,,,,10.813,,201,0,0,0,10,"Database completion is approximated by HTTP response completion. Server broadcast timestamp, client-store update, and browser render were not instrumented and remain blank."
realtime_final,c1007231c2bf1dc77091bb381df5462de3dd6b6f,10,2,6,comment_create,new_comment,measured_warm,node_websocket_client_timing,6500.677,6512.657,,6511.534,,,11.980,,,,10.857,,201,0,0,0,10,"Database completion is approximated by HTTP response completion. Server broadcast timestamp, client-store update, and browser render were not instrumented and remain blank."
realtime_final,c1007231c2bf1dc77091bb381df5462de3dd6b6f,10,2,7,comment_create,new_comment,measured_warm,node_websocket_client_timing,6500.677,6512.657,,6511.554,,,11.980,,,,10.877,,201,0,0,0,10,"Database completion is approximated by HTTP response completion. Server broadcast timestamp, client-store update, and browser render were not instrumented and remain blank."
realtime_final,c1007231c2bf1dc77091bb381df5462de3dd6b6f,10,2,8,comment_create,new_comment,measured_warm,node_websocket_client_timing,6500.677,6512.657,,6511.568,,,11.980,,,,10.892,,201,0,0,0,10,"Database completion is approximated by HTTP response completion. Server broadcast timestamp, client-store update, and browser render were not instrumented and remain blank."
realtime_final,c1007231c2bf1dc77091bb381df5462de3dd6b6f,10,2,9,comment_create,new_comment,measured_warm,node_websocket_client_timing,6500.677,6512.657,,6512.367,,,11.980,,,,11.690,,201,0,0,0,10,"Database completion is approximated by HTTP response completion. Server broadcast timestamp, client-store update, and browser render were not instrumented and remain blank."
realtime_final,c1007231c2bf1dc77091bb381df5462de3dd6b6f,10,2,10,comment_create,new_comment,measured_warm,node_websocket_client_timing,6500.677,6512.657,,6512.433,,,11.980,,,,11.757,,201,0,0,0,10,"Database completion is approximated by HTTP response completion. Server broadcast timestamp, client-store update, and browser render were not instrumented and remain blank."
realtime_final,c1007231c2bf1dc77091bb381df5462de3dd6b6f,10,2,1,comment_edit,comment_updated,measured_warm,node_websocket_client_timing,6547.833,6564.250,,6563.541,,,16.417,,,,15.708,,200,0,0,0,10,"Database completion is approximated by HTTP response completion. Server broadcast timestamp, client-store update, and browser render were not instrumented and remain blank."
realtime_final,c1007231c2bf1dc77091bb381df5462de3dd6b6f,10,2,2,comment_edit,comment_updated,measured_warm,node_websocket_client_timing,6547.833,6564.250,,6563.794,,,16.417,,,,15.961,,200,0,0,0,10,"Database completion is approximated by HTTP response completion. Server broadcast timestamp, client-store update, and browser render were not instrumented and remain blank."
realtime_final,c1007231c2bf1dc77091bb381df5462de3dd6b6f,10,2,3,comment_edit,comment_updated,measured_warm,node_websocket_client_timing,6547.833,6564.250,,6563.821,,,16.417,,,,15.988,,200,0,0,0,10,"Database completion is approximated by HTTP response completion. Server broadcast timestamp, client-store update, and browser render were not instrumented and remain blank."
realtime_final,c1007231c2bf1dc77091bb381df5462de3dd6b6f,10,2,4,comment_edit,comment_updated,measured_warm,node_websocket_client_timing,6547.833,6564.250,,6563.842,,,16.417,,,,16.009,,200,0,0,0,10,"Database completion is approximated by HTTP response completion. Server broadcast timestamp, client-store update, and browser render were not instrumented and remain blank."
realtime_final,c1007231c2bf1dc77091bb381df5462de3dd6b6f,10,2,5,comment_edit,comment_updated,measured_warm,node_websocket_client_timing,6547.833,6564.250,,6563.861,,,16.417,,,,16.028,,200,0,0,0,10,"Database completion is approximated by HTTP response completion. Server broadcast timestamp, client-store update, and browser render were not instrumented and remain blank."
realtime_final,c1007231c2bf1dc77091bb381df5462de3dd6b6f,10,2,6,comment_edit,comment_updated,measured_warm,node_websocket_client_timing,6547.833,6564.250,,6563.878,,,16.417,,,,16.045,,200,0,0,0,10,"Database completion is approximated by HTTP response completion. Server broadcast timestamp, client-store update, and browser render were not instrumented and remain blank."
realtime_final,c1007231c2bf1dc77091bb381df5462de3dd6b6f,10,2,7,comment_edit,comment_updated,measured_warm,node_websocket_client_timing,6547.833,6564.250,,6563.894,,,16.417,,,,16.061,,200,0,0,0,10,"Database completion is approximated by HTTP response completion. Server broadcast timestamp, client-store update, and browser render were not instrumented and remain blank."
realtime_final,c1007231c2bf1dc77091bb381df5462de3dd6b6f,10,2,8,comment_edit,comment_updated,measured_warm,node_websocket_client_timing,6547.833,6564.250,,6563.909,,,16.417,,,,16.077,,200,0,0,0,10,"Database completion is approximated by HTTP response completion. Server broadcast timestamp, client-store update, and browser render were not instrumented and remain blank."
realtime_final,c1007231c2bf1dc77091bb381df5462de3dd6b6f,10,2,9,comment_edit,comment_updated,measured_warm,node_websocket_client_timing,6547.833,6564.250,,6563.931,,,16.417,,,,16.098,,200,0,0,0,10,"Database completion is approximated by HTTP response completion. Server broadcast timestamp, client-store update, and browser render were not instrumented and remain blank."
realtime_final,c1007231c2bf1dc77091bb381df5462de3dd6b6f,10,2,10,comment_edit,comment_updated,measured_warm,node_websocket_client_timing,6547.833,6564.250,,6564.017,,,16.417,,,,16.184,,200,0,0,0,10,"Database completion is approximated by HTTP response completion. Server broadcast timestamp, client-store update, and browser render were not instrumented and remain blank."
realtime_final,c1007231c2bf1dc77091bb381df5462de3dd6b6f,10,2,1,rating_update,rating_updated,measured_warm,node_websocket_client_timing,6594.621,6605.933,,6605.338,,,11.313,,,,10.717,,200,0,0,0,10,"Database completion is approximated by HTTP response completion. Server broadcast timestamp, client-store update, and browser render were not instrumented and remain blank."
realtime_final,c1007231c2bf1dc77091bb381df5462de3dd6b6f,10,2,2,rating_update,rating_updated,measured_warm,node_websocket_client_timing,6594.621,6605.933,,6605.454,,,11.313,,,,10.834,,200,0,0,0,10,"Database completion is approximated by HTTP response completion. Server broadcast timestamp, client-store update, and browser render were not instrumented and remain blank."
realtime_final,c1007231c2bf1dc77091bb381df5462de3dd6b6f,10,2,3,rating_update,rating_updated,measured_warm,node_websocket_client_timing,6594.621,6605.933,,6605.476,,,11.313,,,,10.855,,200,0,0,0,10,"Database completion is approximated by HTTP response completion. Server broadcast timestamp, client-store update, and browser render were not instrumented and remain blank."
realtime_final,c1007231c2bf1dc77091bb381df5462de3dd6b6f,10,2,4,rating_update,rating_updated,measured_warm,node_websocket_client_timing,6594.621,6605.933,,6605.493,,,11.313,,,,10.873,,200,0,0,0,10,"Database completion is approximated by HTTP response completion. Server broadcast timestamp, client-store update, and browser render were not instrumented and remain blank."
realtime_final,c1007231c2bf1dc77091bb381df5462de3dd6b6f,10,2,5,rating_update,rating_updated,measured_warm,node_websocket_client_timing,6594.621,6605.933,,6605.510,,,11.313,,,,10.889,,200,0,0,0,10,"Database completion is approximated by HTTP response completion. Server broadcast timestamp, client-store update, and browser render were not instrumented and remain blank."
realtime_final,c1007231c2bf1dc77091bb381df5462de3dd6b6f,10,2,6,rating_update,rating_updated,measured_warm,node_websocket_client_timing,6594.621,6605.933,,6605.525,,,11.313,,,,10.904,,200,0,0,0,10,"Database completion is approximated by HTTP response completion. Server broadcast timestamp, client-store update, and browser render were not instrumented and remain blank."
realtime_final,c1007231c2bf1dc77091bb381df5462de3dd6b6f,10,2,7,rating_update,rating_updated,measured_warm,node_websocket_client_timing,6594.621,6605.933,,6605.539,,,11.313,,,,10.919,,200,0,0,0,10,"Database completion is approximated by HTTP response completion. Server broadcast timestamp, client-store update, and browser render were not instrumented and remain blank."
realtime_final,c1007231c2bf1dc77091bb381df5462de3dd6b6f,10,2,8,rating_update,rating_updated,measured_warm,node_websocket_client_timing,6594.621,6605.933,,6605.558,,,11.313,,,,10.937,,200,0,0,0,10,"Database completion is approximated by HTTP response completion. Server broadcast timestamp, client-store update, and browser render were not instrumented and remain blank."
realtime_final,c1007231c2bf1dc77091bb381df5462de3dd6b6f,10,2,9,rating_update,rating_updated,measured_warm,node_websocket_client_timing,6594.621,6605.933,,6605.572,,,11.313,,,,10.952,,200,0,0,0,10,"Database completion is approximated by HTTP response completion. Server broadcast timestamp, client-store update, and browser render were not instrumented and remain blank."
realtime_final,c1007231c2bf1dc77091bb381df5462de3dd6b6f,10,2,10,rating_update,rating_updated,measured_warm,node_websocket_client_timing,6594.621,6605.933,,6605.590,,,11.313,,,,10.969,,200,0,0,0,10,"Database completion is approximated by HTTP response completion. Server broadcast timestamp, client-store update, and browser render were not instrumented and remain blank."
realtime_final,c1007231c2bf1dc77091bb381df5462de3dd6b6f,10,2,1,comment_delete,comment_deleted,measured_warm,node_websocket_client_timing,6640.912,6650.553,,6649.986,,,9.641,,,,9.073,,200,0,0,0,10,"Database completion is approximated by HTTP response completion. Server broadcast timestamp, client-store update, and browser render were not instrumented and remain blank."
realtime_final,c1007231c2bf1dc77091bb381df5462de3dd6b6f,10,2,2,comment_delete,comment_deleted,measured_warm,node_websocket_client_timing,6640.912,6650.553,,6650.038,,,9.641,,,,9.125,,200,0,0,0,10,"Database completion is approximated by HTTP response completion. Server broadcast timestamp, client-store update, and browser render were not instrumented and remain blank."
realtime_final,c1007231c2bf1dc77091bb381df5462de3dd6b6f,10,2,3,comment_delete,comment_deleted,measured_warm,node_websocket_client_timing,6640.912,6650.553,,6650.054,,,9.641,,,,9.142,,200,0,0,0,10,"Database completion is approximated by HTTP response completion. Server broadcast timestamp, client-store update, and browser render were not instrumented and remain blank."
realtime_final,c1007231c2bf1dc77091bb381df5462de3dd6b6f,10,2,4,comment_delete,comment_deleted,measured_warm,node_websocket_client_timing,6640.912,6650.553,,6650.068,,,9.641,,,,9.156,,200,0,0,0,10,"Database completion is approximated by HTTP response completion. Server broadcast timestamp, client-store update, and browser render were not instrumented and remain blank."
realtime_final,c1007231c2bf1dc77091bb381df5462de3dd6b6f,10,2,5,comment_delete,comment_deleted,measured_warm,node_websocket_client_timing,6640.912,6650.553,,6650.081,,,9.641,,,,9.169,,200,0,0,0,10,"Database completion is approximated by HTTP response completion. Server broadcast timestamp, client-store update, and browser render were not instrumented and remain blank."
realtime_final,c1007231c2bf1dc77091bb381df5462de3dd6b6f,10,2,6,comment_delete,comment_deleted,measured_warm,node_websocket_client_timing,6640.912,6650.553,,6650.096,,,9.641,,,,9.184,,200,0,0,0,10,"Database completion is approximated by HTTP response completion. Server broadcast timestamp, client-store update, and browser render were not instrumented and remain blank."
realtime_final,c1007231c2bf1dc77091bb381df5462de3dd6b6f,10,2,7,comment_delete,comment_deleted,measured_warm,node_websocket_client_timing,6640.912,6650.553,,6650.109,,,9.641,,,,9.197,,200,0,0,0,10,"Database completion is approximated by HTTP response completion. Server broadcast timestamp, client-store update, and browser render were not instrumented and remain blank."
realtime_final,c1007231c2bf1dc77091bb381df5462de3dd6b6f,10,2,8,comment_delete,comment_deleted,measured_warm,node_websocket_client_timing,6640.912,6650.553,,6650.122,,,9.641,,,,9.209,,200,0,0,0,10,"Database completion is approximated by HTTP response completion. Server broadcast timestamp, client-store update, and browser render were not instrumented and remain blank."
realtime_final,c1007231c2bf1dc77091bb381df5462de3dd6b6f,10,2,9,comment_delete,comment_deleted,measured_warm,node_websocket_client_timing,6640.912,6650.553,,6650.134,,,9.641,,,,9.222,,200,0,0,0,10,"Database completion is approximated by HTTP response completion. Server broadcast timestamp, client-store update, and browser render were not instrumented and remain blank."
realtime_final,c1007231c2bf1dc77091bb381df5462de3dd6b6f,10,2,10,comment_delete,comment_deleted,measured_warm,node_websocket_client_timing,6640.912,6650.553,,6650.152,,,9.641,,,,9.240,,200,0,0,0,10,"Database completion is approximated by HTTP response completion. Server broadcast timestamp, client-store update, and browser render were not instrumented and remain blank."
realtime_final,c1007231c2bf1dc77091bb381df5462de3dd6b6f,10,3,1,comment_create,new_comment,measured_warm,node_websocket_client_timing,6688.174,6698.778,,6698.454,,,10.604,,,,10.279,,201,0,0,0,10,"Database completion is approximated by HTTP response completion. Server broadcast timestamp, client-store update, and browser render were not instrumented and remain blank."
realtime_final,c1007231c2bf1dc77091bb381df5462de3dd6b6f,10,3,2,comment_create,new_comment,measured_warm,node_websocket_client_timing,6688.174,6698.778,,6698.497,,,10.604,,,,10.323,,201,0,0,0,10,"Database completion is approximated by HTTP response completion. Server broadcast timestamp, client-store update, and browser render were not instrumented and remain blank."
realtime_final,c1007231c2bf1dc77091bb381df5462de3dd6b6f,10,3,3,comment_create,new_comment,measured_warm,node_websocket_client_timing,6688.174,6698.778,,6698.514,,,10.604,,,,10.340,,201,0,0,0,10,"Database completion is approximated by HTTP response completion. Server broadcast timestamp, client-store update, and browser render were not instrumented and remain blank."
realtime_final,c1007231c2bf1dc77091bb381df5462de3dd6b6f,10,3,4,comment_create,new_comment,measured_warm,node_websocket_client_timing,6688.174,6698.778,,6698.537,,,10.604,,,,10.362,,201,0,0,0,10,"Database completion is approximated by HTTP response completion. Server broadcast timestamp, client-store update, and browser render were not instrumented and remain blank."
realtime_final,c1007231c2bf1dc77091bb381df5462de3dd6b6f,10,3,5,comment_create,new_comment,measured_warm,node_websocket_client_timing,6688.174,6698.778,,6698.551,,,10.604,,,,10.376,,201,0,0,0,10,"Database completion is approximated by HTTP response completion. Server broadcast timestamp, client-store update, and browser render were not instrumented and remain blank."
realtime_final,c1007231c2bf1dc77091bb381df5462de3dd6b6f,10,3,6,comment_create,new_comment,measured_warm,node_websocket_client_timing,6688.174,6698.778,,6698.565,,,10.604,,,,10.390,,201,0,0,0,10,"Database completion is approximated by HTTP response completion. Server broadcast timestamp, client-store update, and browser render were not instrumented and remain blank."
realtime_final,c1007231c2bf1dc77091bb381df5462de3dd6b6f,10,3,7,comment_create,new_comment,measured_warm,node_websocket_client_timing,6688.174,6698.778,,6698.578,,,10.604,,,,10.403,,201,0,0,0,10,"Database completion is approximated by HTTP response completion. Server broadcast timestamp, client-store update, and browser render were not instrumented and remain blank."
realtime_final,c1007231c2bf1dc77091bb381df5462de3dd6b6f,10,3,8,comment_create,new_comment,measured_warm,node_websocket_client_timing,6688.174,6698.778,,6698.590,,,10.604,,,,10.416,,201,0,0,0,10,"Database completion is approximated by HTTP response completion. Server broadcast timestamp, client-store update, and browser render were not instrumented and remain blank."
realtime_final,c1007231c2bf1dc77091bb381df5462de3dd6b6f,10,3,9,comment_create,new_comment,measured_warm,node_websocket_client_timing,6688.174,6698.778,,6698.603,,,10.604,,,,10.428,,201,0,0,0,10,"Database completion is approximated by HTTP response completion. Server broadcast timestamp, client-store update, and browser render were not instrumented and remain blank."
realtime_final,c1007231c2bf1dc77091bb381df5462de3dd6b6f,10,3,10,comment_create,new_comment,measured_warm,node_websocket_client_timing,6688.174,6698.778,,6698.620,,,10.604,,,,10.446,,201,0,0,0,10,"Database completion is approximated by HTTP response completion. Server broadcast timestamp, client-store update, and browser render were not instrumented and remain blank."
realtime_final,c1007231c2bf1dc77091bb381df5462de3dd6b6f,10,3,1,comment_edit,comment_updated,measured_warm,node_websocket_client_timing,6733.675,6743.484,,6742.980,,,9.809,,,,9.305,,200,0,0,0,10,"Database completion is approximated by HTTP response completion. Server broadcast timestamp, client-store update, and browser render were not instrumented and remain blank."
realtime_final,c1007231c2bf1dc77091bb381df5462de3dd6b6f,10,3,2,comment_edit,comment_updated,measured_warm,node_websocket_client_timing,6733.675,6743.484,,6743.055,,,9.809,,,,9.381,,200,0,0,0,10,"Database completion is approximated by HTTP response completion. Server broadcast timestamp, client-store update, and browser render were not instrumented and remain blank."
realtime_final,c1007231c2bf1dc77091bb381df5462de3dd6b6f,10,3,3,comment_edit,comment_updated,measured_warm,node_websocket_client_timing,6733.675,6743.484,,6743.117,,,9.809,,,,9.442,,200,0,0,0,10,"Database completion is approximated by HTTP response completion. Server broadcast timestamp, client-store update, and browser render were not instrumented and remain blank."
realtime_final,c1007231c2bf1dc77091bb381df5462de3dd6b6f,10,3,4,comment_edit,comment_updated,measured_warm,node_websocket_client_timing,6733.675,6743.484,,6743.135,,,9.809,,,,9.460,,200,0,0,0,10,"Database completion is approximated by HTTP response completion. Server broadcast timestamp, client-store update, and browser render were not instrumented and remain blank."
realtime_final,c1007231c2bf1dc77091bb381df5462de3dd6b6f,10,3,5,comment_edit,comment_updated,measured_warm,node_websocket_client_timing,6733.675,6743.484,,6743.150,,,9.809,,,,9.475,,200,0,0,0,10,"Database completion is approximated by HTTP response completion. Server broadcast timestamp, client-store update, and browser render were not instrumented and remain blank."
realtime_final,c1007231c2bf1dc77091bb381df5462de3dd6b6f,10,3,6,comment_edit,comment_updated,measured_warm,node_websocket_client_timing,6733.675,6743.484,,6743.164,,,9.809,,,,9.489,,200,0,0,0,10,"Database completion is approximated by HTTP response completion. Server broadcast timestamp, client-store update, and browser render were not instrumented and remain blank."
realtime_final,c1007231c2bf1dc77091bb381df5462de3dd6b6f,10,3,7,comment_edit,comment_updated,measured_warm,node_websocket_client_timing,6733.675,6743.484,,6743.179,,,9.809,,,,9.504,,200,0,0,0,10,"Database completion is approximated by HTTP response completion. Server broadcast timestamp, client-store update, and browser render were not instrumented and remain blank."
realtime_final,c1007231c2bf1dc77091bb381df5462de3dd6b6f,10,3,8,comment_edit,comment_updated,measured_warm,node_websocket_client_timing,6733.675,6743.484,,6743.197,,,9.809,,,,9.522,,200,0,0,0,10,"Database completion is approximated by HTTP response completion. Server broadcast timestamp, client-store update, and browser render were not instrumented and remain blank."
realtime_final,c1007231c2bf1dc77091bb381df5462de3dd6b6f,10,3,9,comment_edit,comment_updated,measured_warm,node_websocket_client_timing,6733.675,6743.484,,6743.210,,,9.809,,,,9.535,,200,0,0,0,10,"Database completion is approximated by HTTP response completion. Server broadcast timestamp, client-store update, and browser render were not instrumented and remain blank."
realtime_final,c1007231c2bf1dc77091bb381df5462de3dd6b6f,10,3,10,comment_edit,comment_updated,measured_warm,node_websocket_client_timing,6733.675,6743.484,,6743.229,,,9.809,,,,9.554,,200,0,0,0,10,"Database completion is approximated by HTTP response completion. Server broadcast timestamp, client-store update, and browser render were not instrumented and remain blank."
realtime_final,c1007231c2bf1dc77091bb381df5462de3dd6b6f,10,3,1,rating_update,rating_updated,measured_warm,node_websocket_client_timing,6778.873,6795.616,,6794.929,,,16.743,,,,16.055,,200,0,0,0,10,"Database completion is approximated by HTTP response completion. Server broadcast timestamp, client-store update, and browser render were not instrumented and remain blank."
realtime_final,c1007231c2bf1dc77091bb381df5462de3dd6b6f,10,3,2,rating_update,rating_updated,measured_warm,node_websocket_client_timing,6778.873,6795.616,,6794.982,,,16.743,,,,16.109,,200,0,0,0,10,"Database completion is approximated by HTTP response completion. Server broadcast timestamp, client-store update, and browser render were not instrumented and remain blank."
realtime_final,c1007231c2bf1dc77091bb381df5462de3dd6b6f,10,3,3,rating_update,rating_updated,measured_warm,node_websocket_client_timing,6778.873,6795.616,,6794.999,,,16.743,,,,16.126,,200,0,0,0,10,"Database completion is approximated by HTTP response completion. Server broadcast timestamp, client-store update, and browser render were not instrumented and remain blank."
realtime_final,c1007231c2bf1dc77091bb381df5462de3dd6b6f,10,3,4,rating_update,rating_updated,measured_warm,node_websocket_client_timing,6778.873,6795.616,,6795.013,,,16.743,,,,16.139,,200,0,0,0,10,"Database completion is approximated by HTTP response completion. Server broadcast timestamp, client-store update, and browser render were not instrumented and remain blank."
realtime_final,c1007231c2bf1dc77091bb381df5462de3dd6b6f,10,3,5,rating_update,rating_updated,measured_warm,node_websocket_client_timing,6778.873,6795.616,,6795.026,,,16.743,,,,16.153,,200,0,0,0,10,"Database completion is approximated by HTTP response completion. Server broadcast timestamp, client-store update, and browser render were not instrumented and remain blank."
realtime_final,c1007231c2bf1dc77091bb381df5462de3dd6b6f,10,3,6,rating_update,rating_updated,measured_warm,node_websocket_client_timing,6778.873,6795.616,,6795.043,,,16.743,,,,16.169,,200,0,0,0,10,"Database completion is approximated by HTTP response completion. Server broadcast timestamp, client-store update, and browser render were not instrumented and remain blank."
realtime_final,c1007231c2bf1dc77091bb381df5462de3dd6b6f,10,3,7,rating_update,rating_updated,measured_warm,node_websocket_client_timing,6778.873,6795.616,,6795.060,,,16.743,,,,16.186,,200,0,0,0,10,"Database completion is approximated by HTTP response completion. Server broadcast timestamp, client-store update, and browser render were not instrumented and remain blank."
realtime_final,c1007231c2bf1dc77091bb381df5462de3dd6b6f,10,3,8,rating_update,rating_updated,measured_warm,node_websocket_client_timing,6778.873,6795.616,,6795.077,,,16.743,,,,16.204,,200,0,0,0,10,"Database completion is approximated by HTTP response completion. Server broadcast timestamp, client-store update, and browser render were not instrumented and remain blank."
realtime_final,c1007231c2bf1dc77091bb381df5462de3dd6b6f,10,3,9,rating_update,rating_updated,measured_warm,node_websocket_client_timing,6778.873,6795.616,,6795.093,,,16.743,,,,16.220,,200,0,0,0,10,"Database completion is approximated by HTTP response completion. Server broadcast timestamp, client-store update, and browser render were not instrumented and remain blank."
realtime_final,c1007231c2bf1dc77091bb381df5462de3dd6b6f,10,3,10,rating_update,rating_updated,measured_warm,node_websocket_client_timing,6778.873,6795.616,,6795.109,,,16.743,,,,16.236,,200,0,0,0,10,"Database completion is approximated by HTTP response completion. Server broadcast timestamp, client-store update, and browser render were not instrumented and remain blank."
realtime_final,c1007231c2bf1dc77091bb381df5462de3dd6b6f,10,3,1,comment_delete,comment_deleted,measured_warm,node_websocket_client_timing,6840.485,6850.962,,6850.439,,,10.478,,,,9.954,,200,0,0,0,10,"Database completion is approximated by HTTP response completion. Server broadcast timestamp, client-store update, and browser render were not instrumented and remain blank."
realtime_final,c1007231c2bf1dc77091bb381df5462de3dd6b6f,10,3,2,comment_delete,comment_deleted,measured_warm,node_websocket_client_timing,6840.485,6850.962,,6850.489,,,10.478,,,,10.005,,200,0,0,0,10,"Database completion is approximated by HTTP response completion. Server broadcast timestamp, client-store update, and browser render were not instrumented and remain blank."
realtime_final,c1007231c2bf1dc77091bb381df5462de3dd6b6f,10,3,3,comment_delete,comment_deleted,measured_warm,node_websocket_client_timing,6840.485,6850.962,,6850.505,,,10.478,,,,10.020,,200,0,0,0,10,"Database completion is approximated by HTTP response completion. Server broadcast timestamp, client-store update, and browser render were not instrumented and remain blank."
realtime_final,c1007231c2bf1dc77091bb381df5462de3dd6b6f,10,3,4,comment_delete,comment_deleted,measured_warm,node_websocket_client_timing,6840.485,6850.962,,6850.518,,,10.478,,,,10.033,,200,0,0,0,10,"Database completion is approximated by HTTP response completion. Server broadcast timestamp, client-store update, and browser render were not instrumented and remain blank."
realtime_final,c1007231c2bf1dc77091bb381df5462de3dd6b6f,10,3,5,comment_delete,comment_deleted,measured_warm,node_websocket_client_timing,6840.485,6850.962,,6850.531,,,10.478,,,,10.046,,200,0,0,0,10,"Database completion is approximated by HTTP response completion. Server broadcast timestamp, client-store update, and browser render were not instrumented and remain blank."
realtime_final,c1007231c2bf1dc77091bb381df5462de3dd6b6f,10,3,6,comment_delete,comment_deleted,measured_warm,node_websocket_client_timing,6840.485,6850.962,,6850.546,,,10.478,,,,10.061,,200,0,0,0,10,"Database completion is approximated by HTTP response completion. Server broadcast timestamp, client-store update, and browser render were not instrumented and remain blank."
realtime_final,c1007231c2bf1dc77091bb381df5462de3dd6b6f,10,3,7,comment_delete,comment_deleted,measured_warm,node_websocket_client_timing,6840.485,6850.962,,6850.558,,,10.478,,,,10.074,,200,0,0,0,10,"Database completion is approximated by HTTP response completion. Server broadcast timestamp, client-store update, and browser render were not instrumented and remain blank."
realtime_final,c1007231c2bf1dc77091bb381df5462de3dd6b6f,10,3,8,comment_delete,comment_deleted,measured_warm,node_websocket_client_timing,6840.485,6850.962,,6850.570,,,10.478,,,,10.086,,200,0,0,0,10,"Database completion is approximated by HTTP response completion. Server broadcast timestamp, client-store update, and browser render were not instrumented and remain blank."
realtime_final,c1007231c2bf1dc77091bb381df5462de3dd6b6f,10,3,9,comment_delete,comment_deleted,measured_warm,node_websocket_client_timing,6840.485,6850.962,,6850.583,,,10.478,,,,10.098,,200,0,0,0,10,"Database completion is approximated by HTTP response completion. Server broadcast timestamp, client-store update, and browser render were not instrumented and remain blank."
realtime_final,c1007231c2bf1dc77091bb381df5462de3dd6b6f,10,3,10,comment_delete,comment_deleted,measured_warm,node_websocket_client_timing,6840.485,6850.962,,6850.600,,,10.478,,,,10.116,,200,0,0,0,10,"Database completion is approximated by HTTP response completion. Server broadcast timestamp, client-store update, and browser render were not instrumented and remain blank."
realtime_final,c1007231c2bf1dc77091bb381df5462de3dd6b6f,10,4,1,comment_create,new_comment,measured_warm,node_websocket_client_timing,6886.528,6899.264,,6898.689,,,12.736,,,,12.161,,201,0,0,0,10,"Database completion is approximated by HTTP response completion. Server broadcast timestamp, client-store update, and browser render were not instrumented and remain blank."
realtime_final,c1007231c2bf1dc77091bb381df5462de3dd6b6f,10,4,2,comment_create,new_comment,measured_warm,node_websocket_client_timing,6886.528,6899.264,,6898.756,,,12.736,,,,12.228,,201,0,0,0,10,"Database completion is approximated by HTTP response completion. Server broadcast timestamp, client-store update, and browser render were not instrumented and remain blank."
realtime_final,c1007231c2bf1dc77091bb381df5462de3dd6b6f,10,4,3,comment_create,new_comment,measured_warm,node_websocket_client_timing,6886.528,6899.264,,6898.775,,,12.736,,,,12.247,,201,0,0,0,10,"Database completion is approximated by HTTP response completion. Server broadcast timestamp, client-store update, and browser render were not instrumented and remain blank."
realtime_final,c1007231c2bf1dc77091bb381df5462de3dd6b6f,10,4,4,comment_create,new_comment,measured_warm,node_websocket_client_timing,6886.528,6899.264,,6898.793,,,12.736,,,,12.265,,201,0,0,0,10,"Database completion is approximated by HTTP response completion. Server broadcast timestamp, client-store update, and browser render were not instrumented and remain blank."
realtime_final,c1007231c2bf1dc77091bb381df5462de3dd6b6f,10,4,5,comment_create,new_comment,measured_warm,node_websocket_client_timing,6886.528,6899.264,,6898.812,,,12.736,,,,12.284,,201,0,0,0,10,"Database completion is approximated by HTTP response completion. Server broadcast timestamp, client-store update, and browser render were not instrumented and remain blank."
realtime_final,c1007231c2bf1dc77091bb381df5462de3dd6b6f,10,4,6,comment_create,new_comment,measured_warm,node_websocket_client_timing,6886.528,6899.264,,6898.830,,,12.736,,,,12.302,,201,0,0,0,10,"Database completion is approximated by HTTP response completion. Server broadcast timestamp, client-store update, and browser render were not instrumented and remain blank."
realtime_final,c1007231c2bf1dc77091bb381df5462de3dd6b6f,10,4,7,comment_create,new_comment,measured_warm,node_websocket_client_timing,6886.528,6899.264,,6898.847,,,12.736,,,,12.319,,201,0,0,0,10,"Database completion is approximated by HTTP response completion. Server broadcast timestamp, client-store update, and browser render were not instrumented and remain blank."
realtime_final,c1007231c2bf1dc77091bb381df5462de3dd6b6f,10,4,8,comment_create,new_comment,measured_warm,node_websocket_client_timing,6886.528,6899.264,,6898.863,,,12.736,,,,12.335,,201,0,0,0,10,"Database completion is approximated by HTTP response completion. Server broadcast timestamp, client-store update, and browser render were not instrumented and remain blank."
realtime_final,c1007231c2bf1dc77091bb381df5462de3dd6b6f,10,4,9,comment_create,new_comment,measured_warm,node_websocket_client_timing,6886.528,6899.264,,6898.885,,,12.736,,,,12.357,,201,0,0,0,10,"Database completion is approximated by HTTP response completion. Server broadcast timestamp, client-store update, and browser render were not instrumented and remain blank."
realtime_final,c1007231c2bf1dc77091bb381df5462de3dd6b6f,10,4,10,comment_create,new_comment,measured_warm,node_websocket_client_timing,6886.528,6899.264,,6898.924,,,12.736,,,,12.396,,201,0,0,0,10,"Database completion is approximated by HTTP response completion. Server broadcast timestamp, client-store update, and browser render were not instrumented and remain blank."
realtime_final,c1007231c2bf1dc77091bb381df5462de3dd6b6f,10,4,1,comment_edit,comment_updated,measured_warm,node_websocket_client_timing,6932.817,6943.852,,6942.945,,,11.035,,,,10.128,,200,0,0,0,10,"Database completion is approximated by HTTP response completion. Server broadcast timestamp, client-store update, and browser render were not instrumented and remain blank."
realtime_final,c1007231c2bf1dc77091bb381df5462de3dd6b6f,10,4,2,comment_edit,comment_updated,measured_warm,node_websocket_client_timing,6932.817,6943.852,,6943.001,,,11.035,,,,10.184,,200,0,0,0,10,"Database completion is approximated by HTTP response completion. Server broadcast timestamp, client-store update, and browser render were not instrumented and remain blank."
realtime_final,c1007231c2bf1dc77091bb381df5462de3dd6b6f,10,4,3,comment_edit,comment_updated,measured_warm,node_websocket_client_timing,6932.817,6943.852,,6943.020,,,11.035,,,,10.203,,200,0,0,0,10,"Database completion is approximated by HTTP response completion. Server broadcast timestamp, client-store update, and browser render were not instrumented and remain blank."
realtime_final,c1007231c2bf1dc77091bb381df5462de3dd6b6f,10,4,4,comment_edit,comment_updated,measured_warm,node_websocket_client_timing,6932.817,6943.852,,6943.038,,,11.035,,,,10.221,,200,0,0,0,10,"Database completion is approximated by HTTP response completion. Server broadcast timestamp, client-store update, and browser render were not instrumented and remain blank."
realtime_final,c1007231c2bf1dc77091bb381df5462de3dd6b6f,10,4,5,comment_edit,comment_updated,measured_warm,node_websocket_client_timing,6932.817,6943.852,,6943.053,,,11.035,,,,10.236,,200,0,0,0,10,"Database completion is approximated by HTTP response completion. Server broadcast timestamp, client-store update, and browser render were not instrumented and remain blank."
realtime_final,c1007231c2bf1dc77091bb381df5462de3dd6b6f,10,4,6,comment_edit,comment_updated,measured_warm,node_websocket_client_timing,6932.817,6943.852,,6943.068,,,11.035,,,,10.251,,200,0,0,0,10,"Database completion is approximated by HTTP response completion. Server broadcast timestamp, client-store update, and browser render were not instrumented and remain blank."
realtime_final,c1007231c2bf1dc77091bb381df5462de3dd6b6f,10,4,7,comment_edit,comment_updated,measured_warm,node_websocket_client_timing,6932.817,6943.852,,6943.086,,,11.035,,,,10.269,,200,0,0,0,10,"Database completion is approximated by HTTP response completion. Server broadcast timestamp, client-store update, and browser render were not instrumented and remain blank."
realtime_final,c1007231c2bf1dc77091bb381df5462de3dd6b6f,10,4,8,comment_edit,comment_updated,measured_warm,node_websocket_client_timing,6932.817,6943.852,,6943.100,,,11.035,,,,10.284,,200,0,0,0,10,"Database completion is approximated by HTTP response completion. Server broadcast timestamp, client-store update, and browser render were not instrumented and remain blank."
realtime_final,c1007231c2bf1dc77091bb381df5462de3dd6b6f,10,4,9,comment_edit,comment_updated,measured_warm,node_websocket_client_timing,6932.817,6943.852,,6943.117,,,11.035,,,,10.301,,200,0,0,0,10,"Database completion is approximated by HTTP response completion. Server broadcast timestamp, client-store update, and browser render were not instrumented and remain blank."
realtime_final,c1007231c2bf1dc77091bb381df5462de3dd6b6f,10,4,10,comment_edit,comment_updated,measured_warm,node_websocket_client_timing,6932.817,6943.852,,6943.157,,,11.035,,,,10.340,,200,0,0,0,10,"Database completion is approximated by HTTP response completion. Server broadcast timestamp, client-store update, and browser render were not instrumented and remain blank."
realtime_final,c1007231c2bf1dc77091bb381df5462de3dd6b6f,10,4,1,rating_update,rating_updated,measured_warm,node_websocket_client_timing,6978.051,6989.795,,6989.358,,,11.744,,,,11.307,,200,0,0,0,10,"Database completion is approximated by HTTP response completion. Server broadcast timestamp, client-store update, and browser render were not instrumented and remain blank."
realtime_final,c1007231c2bf1dc77091bb381df5462de3dd6b6f,10,4,2,rating_update,rating_updated,measured_warm,node_websocket_client_timing,6978.051,6989.795,,6989.411,,,11.744,,,,11.360,,200,0,0,0,10,"Database completion is approximated by HTTP response completion. Server broadcast timestamp, client-store update, and browser render were not instrumented and remain blank."
realtime_final,c1007231c2bf1dc77091bb381df5462de3dd6b6f,10,4,3,rating_update,rating_updated,measured_warm,node_websocket_client_timing,6978.051,6989.795,,6989.428,,,11.744,,,,11.377,,200,0,0,0,10,"Database completion is approximated by HTTP response completion. Server broadcast timestamp, client-store update, and browser render were not instrumented and remain blank."
realtime_final,c1007231c2bf1dc77091bb381df5462de3dd6b6f,10,4,4,rating_update,rating_updated,measured_warm,node_websocket_client_timing,6978.051,6989.795,,6989.441,,,11.744,,,,11.390,,200,0,0,0,10,"Database completion is approximated by HTTP response completion. Server broadcast timestamp, client-store update, and browser render were not instrumented and remain blank."
realtime_final,c1007231c2bf1dc77091bb381df5462de3dd6b6f,10,4,5,rating_update,rating_updated,measured_warm,node_websocket_client_timing,6978.051,6989.795,,6989.456,,,11.744,,,,11.405,,200,0,0,0,10,"Database completion is approximated by HTTP response completion. Server broadcast timestamp, client-store update, and browser render were not instrumented and remain blank."
realtime_final,c1007231c2bf1dc77091bb381df5462de3dd6b6f,10,4,6,rating_update,rating_updated,measured_warm,node_websocket_client_timing,6978.051,6989.795,,6989.469,,,11.744,,,,11.419,,200,0,0,0,10,"Database completion is approximated by HTTP response completion. Server broadcast timestamp, client-store update, and browser render were not instrumented and remain blank."
realtime_final,c1007231c2bf1dc77091bb381df5462de3dd6b6f,10,4,7,rating_update,rating_updated,measured_warm,node_websocket_client_timing,6978.051,6989.795,,6989.481,,,11.744,,,,11.431,,200,0,0,0,10,"Database completion is approximated by HTTP response completion. Server broadcast timestamp, client-store update, and browser render were not instrumented and remain blank."
realtime_final,c1007231c2bf1dc77091bb381df5462de3dd6b6f,10,4,8,rating_update,rating_updated,measured_warm,node_websocket_client_timing,6978.051,6989.795,,6989.494,,,11.744,,,,11.444,,200,0,0,0,10,"Database completion is approximated by HTTP response completion. Server broadcast timestamp, client-store update, and browser render were not instrumented and remain blank."
realtime_final,c1007231c2bf1dc77091bb381df5462de3dd6b6f,10,4,9,rating_update,rating_updated,measured_warm,node_websocket_client_timing,6978.051,6989.795,,6989.508,,,11.744,,,,11.457,,200,0,0,0,10,"Database completion is approximated by HTTP response completion. Server broadcast timestamp, client-store update, and browser render were not instrumented and remain blank."
realtime_final,c1007231c2bf1dc77091bb381df5462de3dd6b6f,10,4,10,rating_update,rating_updated,measured_warm,node_websocket_client_timing,6978.051,6989.795,,6989.526,,,11.744,,,,11.476,,200,0,0,0,10,"Database completion is approximated by HTTP response completion. Server broadcast timestamp, client-store update, and browser render were not instrumented and remain blank."
realtime_final,c1007231c2bf1dc77091bb381df5462de3dd6b6f,10,4,1,comment_delete,comment_deleted,measured_warm,node_websocket_client_timing,7022.680,7034.551,,7033.321,,,11.871,,,,10.641,,200,0,0,0,10,"Database completion is approximated by HTTP response completion. Server broadcast timestamp, client-store update, and browser render were not instrumented and remain blank."
realtime_final,c1007231c2bf1dc77091bb381df5462de3dd6b6f,10,4,2,comment_delete,comment_deleted,measured_warm,node_websocket_client_timing,7022.680,7034.551,,7033.383,,,11.871,,,,10.703,,200,0,0,0,10,"Database completion is approximated by HTTP response completion. Server broadcast timestamp, client-store update, and browser render were not instrumented and remain blank."
realtime_final,c1007231c2bf1dc77091bb381df5462de3dd6b6f,10,4,3,comment_delete,comment_deleted,measured_warm,node_websocket_client_timing,7022.680,7034.551,,7033.400,,,11.871,,,,10.720,,200,0,0,0,10,"Database completion is approximated by HTTP response completion. Server broadcast timestamp, client-store update, and browser render were not instrumented and remain blank."
realtime_final,c1007231c2bf1dc77091bb381df5462de3dd6b6f,10,4,4,comment_delete,comment_deleted,measured_warm,node_websocket_client_timing,7022.680,7034.551,,7033.414,,,11.871,,,,10.734,,200,0,0,0,10,"Database completion is approximated by HTTP response completion. Server broadcast timestamp, client-store update, and browser render were not instrumented and remain blank."
realtime_final,c1007231c2bf1dc77091bb381df5462de3dd6b6f,10,4,5,comment_delete,comment_deleted,measured_warm,node_websocket_client_timing,7022.680,7034.551,,7033.428,,,11.871,,,,10.748,,200,0,0,0,10,"Database completion is approximated by HTTP response completion. Server broadcast timestamp, client-store update, and browser render were not instrumented and remain blank."
realtime_final,c1007231c2bf1dc77091bb381df5462de3dd6b6f,10,4,6,comment_delete,comment_deleted,measured_warm,node_websocket_client_timing,7022.680,7034.551,,7033.442,,,11.871,,,,10.762,,200,0,0,0,10,"Database completion is approximated by HTTP response completion. Server broadcast timestamp, client-store update, and browser render were not instrumented and remain blank."
realtime_final,c1007231c2bf1dc77091bb381df5462de3dd6b6f,10,4,7,comment_delete,comment_deleted,measured_warm,node_websocket_client_timing,7022.680,7034.551,,7033.455,,,11.871,,,,10.775,,200,0,0,0,10,"Database completion is approximated by HTTP response completion. Server broadcast timestamp, client-store update, and browser render were not instrumented and remain blank."
realtime_final,c1007231c2bf1dc77091bb381df5462de3dd6b6f,10,4,8,comment_delete,comment_deleted,measured_warm,node_websocket_client_timing,7022.680,7034.551,,7033.473,,,11.871,,,,10.793,,200,0,0,0,10,"Database completion is approximated by HTTP response completion. Server broadcast timestamp, client-store update, and browser render were not instrumented and remain blank."
realtime_final,c1007231c2bf1dc77091bb381df5462de3dd6b6f,10,4,9,comment_delete,comment_deleted,measured_warm,node_websocket_client_timing,7022.680,7034.551,,7033.497,,,11.871,,,,10.817,,200,0,0,0,10,"Database completion is approximated by HTTP response completion. Server broadcast timestamp, client-store update, and browser render were not instrumented and remain blank."
realtime_final,c1007231c2bf1dc77091bb381df5462de3dd6b6f,10,4,10,comment_delete,comment_deleted,measured_warm,node_websocket_client_timing,7022.680,7034.551,,7033.515,,,11.871,,,,10.835,,200,0,0,0,10,"Database completion is approximated by HTTP response completion. Server broadcast timestamp, client-store update, and browser render were not instrumented and remain blank."
realtime_final,c1007231c2bf1dc77091bb381df5462de3dd6b6f,10,5,1,comment_create,new_comment,measured_warm,node_websocket_client_timing,7067.819,7079.037,,7078.556,,,11.217,,,,10.736,,201,0,0,0,10,"Database completion is approximated by HTTP response completion. Server broadcast timestamp, client-store update, and browser render were not instrumented and remain blank."
realtime_final,c1007231c2bf1dc77091bb381df5462de3dd6b6f,10,5,2,comment_create,new_comment,measured_warm,node_websocket_client_timing,7067.819,7079.037,,7078.608,,,11.217,,,,10.788,,201,0,0,0,10,"Database completion is approximated by HTTP response completion. Server broadcast timestamp, client-store update, and browser render were not instrumented and remain blank."
realtime_final,c1007231c2bf1dc77091bb381df5462de3dd6b6f,10,5,3,comment_create,new_comment,measured_warm,node_websocket_client_timing,7067.819,7079.037,,7078.625,,,11.217,,,,10.805,,201,0,0,0,10,"Database completion is approximated by HTTP response completion. Server broadcast timestamp, client-store update, and browser render were not instrumented and remain blank."
realtime_final,c1007231c2bf1dc77091bb381df5462de3dd6b6f,10,5,4,comment_create,new_comment,measured_warm,node_websocket_client_timing,7067.819,7079.037,,7078.639,,,11.217,,,,10.820,,201,0,0,0,10,"Database completion is approximated by HTTP response completion. Server broadcast timestamp, client-store update, and browser render were not instrumented and remain blank."
realtime_final,c1007231c2bf1dc77091bb381df5462de3dd6b6f,10,5,5,comment_create,new_comment,measured_warm,node_websocket_client_timing,7067.819,7079.037,,7078.653,,,11.217,,,,10.834,,201,0,0,0,10,"Database completion is approximated by HTTP response completion. Server broadcast timestamp, client-store update, and browser render were not instrumented and remain blank."
realtime_final,c1007231c2bf1dc77091bb381df5462de3dd6b6f,10,5,6,comment_create,new_comment,measured_warm,node_websocket_client_timing,7067.819,7079.037,,7078.674,,,11.217,,,,10.855,,201,0,0,0,10,"Database completion is approximated by HTTP response completion. Server broadcast timestamp, client-store update, and browser render were not instrumented and remain blank."
realtime_final,c1007231c2bf1dc77091bb381df5462de3dd6b6f,10,5,7,comment_create,new_comment,measured_warm,node_websocket_client_timing,7067.819,7079.037,,7078.724,,,11.217,,,,10.905,,201,0,0,0,10,"Database completion is approximated by HTTP response completion. Server broadcast timestamp, client-store update, and browser render were not instrumented and remain blank."
realtime_final,c1007231c2bf1dc77091bb381df5462de3dd6b6f,10,5,8,comment_create,new_comment,measured_warm,node_websocket_client_timing,7067.819,7079.037,,7078.742,,,11.217,,,,10.922,,201,0,0,0,10,"Database completion is approximated by HTTP response completion. Server broadcast timestamp, client-store update, and browser render were not instrumented and remain blank."
realtime_final,c1007231c2bf1dc77091bb381df5462de3dd6b6f,10,5,9,comment_create,new_comment,measured_warm,node_websocket_client_timing,7067.819,7079.037,,7078.759,,,11.217,,,,10.940,,201,0,0,0,10,"Database completion is approximated by HTTP response completion. Server broadcast timestamp, client-store update, and browser render were not instrumented and remain blank."
realtime_final,c1007231c2bf1dc77091bb381df5462de3dd6b6f,10,5,10,comment_create,new_comment,measured_warm,node_websocket_client_timing,7067.819,7079.037,,7078.797,,,11.217,,,,10.977,,201,0,0,0,10,"Database completion is approximated by HTTP response completion. Server broadcast timestamp, client-store update, and browser render were not instrumented and remain blank."
realtime_final,c1007231c2bf1dc77091bb381df5462de3dd6b6f,10,5,1,comment_edit,comment_updated,measured_warm,node_websocket_client_timing,7113.869,7124.414,,7123.621,,,10.546,,,,9.752,,200,0,0,0,10,"Database completion is approximated by HTTP response completion. Server broadcast timestamp, client-store update, and browser render were not instrumented and remain blank."
realtime_final,c1007231c2bf1dc77091bb381df5462de3dd6b6f,10,5,2,comment_edit,comment_updated,measured_warm,node_websocket_client_timing,7113.869,7124.414,,7123.717,,,10.546,,,,9.848,,200,0,0,0,10,"Database completion is approximated by HTTP response completion. Server broadcast timestamp, client-store update, and browser render were not instrumented and remain blank."
realtime_final,c1007231c2bf1dc77091bb381df5462de3dd6b6f,10,5,3,comment_edit,comment_updated,measured_warm,node_websocket_client_timing,7113.869,7124.414,,7123.777,,,10.546,,,,9.908,,200,0,0,0,10,"Database completion is approximated by HTTP response completion. Server broadcast timestamp, client-store update, and browser render were not instrumented and remain blank."
realtime_final,c1007231c2bf1dc77091bb381df5462de3dd6b6f,10,5,4,comment_edit,comment_updated,measured_warm,node_websocket_client_timing,7113.869,7124.414,,7123.823,,,10.546,,,,9.955,,200,0,0,0,10,"Database completion is approximated by HTTP response completion. Server broadcast timestamp, client-store update, and browser render were not instrumented and remain blank."
realtime_final,c1007231c2bf1dc77091bb381df5462de3dd6b6f,10,5,5,comment_edit,comment_updated,measured_warm,node_websocket_client_timing,7113.869,7124.414,,7123.867,,,10.546,,,,9.998,,200,0,0,0,10,"Database completion is approximated by HTTP response completion. Server broadcast timestamp, client-store update, and browser render were not instrumented and remain blank."
realtime_final,c1007231c2bf1dc77091bb381df5462de3dd6b6f,10,5,6,comment_edit,comment_updated,measured_warm,node_websocket_client_timing,7113.869,7124.414,,7123.933,,,10.546,,,,10.064,,200,0,0,0,10,"Database completion is approximated by HTTP response completion. Server broadcast timestamp, client-store update, and browser render were not instrumented and remain blank."
realtime_final,c1007231c2bf1dc77091bb381df5462de3dd6b6f,10,5,7,comment_edit,comment_updated,measured_warm,node_websocket_client_timing,7113.869,7124.414,,7123.978,,,10.546,,,,10.110,,200,0,0,0,10,"Database completion is approximated by HTTP response completion. Server broadcast timestamp, client-store update, and browser render were not instrumented and remain blank."
realtime_final,c1007231c2bf1dc77091bb381df5462de3dd6b6f,10,5,8,comment_edit,comment_updated,measured_warm,node_websocket_client_timing,7113.869,7124.414,,7124.018,,,10.546,,,,10.149,,200,0,0,0,10,"Database completion is approximated by HTTP response completion. Server broadcast timestamp, client-store update, and browser render were not instrumented and remain blank."
realtime_final,c1007231c2bf1dc77091bb381df5462de3dd6b6f,10,5,9,comment_edit,comment_updated,measured_warm,node_websocket_client_timing,7113.869,7124.414,,7124.058,,,10.546,,,,10.190,,200,0,0,0,10,"Database completion is approximated by HTTP response completion. Server broadcast timestamp, client-store update, and browser render were not instrumented and remain blank."
realtime_final,c1007231c2bf1dc77091bb381df5462de3dd6b6f,10,5,10,comment_edit,comment_updated,measured_warm,node_websocket_client_timing,7113.869,7124.414,,7124.108,,,10.546,,,,10.239,,200,0,0,0,10,"Database completion is approximated by HTTP response completion. Server broadcast timestamp, client-store update, and browser render were not instrumented and remain blank."
realtime_final,c1007231c2bf1dc77091bb381df5462de3dd6b6f,10,5,1,rating_update,rating_updated,measured_warm,node_websocket_client_timing,7160.499,7171.654,,7171.056,,,11.154,,,,10.557,,200,0,0,0,10,"Database completion is approximated by HTTP response completion. Server broadcast timestamp, client-store update, and browser render were not instrumented and remain blank."
realtime_final,c1007231c2bf1dc77091bb381df5462de3dd6b6f,10,5,2,rating_update,rating_updated,measured_warm,node_websocket_client_timing,7160.499,7171.654,,7171.113,,,11.154,,,,10.614,,200,0,0,0,10,"Database completion is approximated by HTTP response completion. Server broadcast timestamp, client-store update, and browser render were not instrumented and remain blank."
realtime_final,c1007231c2bf1dc77091bb381df5462de3dd6b6f,10,5,3,rating_update,rating_updated,measured_warm,node_websocket_client_timing,7160.499,7171.654,,7171.129,,,11.154,,,,10.630,,200,0,0,0,10,"Database completion is approximated by HTTP response completion. Server broadcast timestamp, client-store update, and browser render were not instrumented and remain blank."
realtime_final,c1007231c2bf1dc77091bb381df5462de3dd6b6f,10,5,4,rating_update,rating_updated,measured_warm,node_websocket_client_timing,7160.499,7171.654,,7171.143,,,11.154,,,,10.644,,200,0,0,0,10,"Database completion is approximated by HTTP response completion. Server broadcast timestamp, client-store update, and browser render were not instrumented and remain blank."
realtime_final,c1007231c2bf1dc77091bb381df5462de3dd6b6f,10,5,5,rating_update,rating_updated,measured_warm,node_websocket_client_timing,7160.499,7171.654,,7171.157,,,11.154,,,,10.657,,200,0,0,0,10,"Database completion is approximated by HTTP response completion. Server broadcast timestamp, client-store update, and browser render were not instrumented and remain blank."
realtime_final,c1007231c2bf1dc77091bb381df5462de3dd6b6f,10,5,6,rating_update,rating_updated,measured_warm,node_websocket_client_timing,7160.499,7171.654,,7171.176,,,11.154,,,,10.677,,200,0,0,0,10,"Database completion is approximated by HTTP response completion. Server broadcast timestamp, client-store update, and browser render were not instrumented and remain blank."
realtime_final,c1007231c2bf1dc77091bb381df5462de3dd6b6f,10,5,7,rating_update,rating_updated,measured_warm,node_websocket_client_timing,7160.499,7171.654,,7171.193,,,11.154,,,,10.694,,200,0,0,0,10,"Database completion is approximated by HTTP response completion. Server broadcast timestamp, client-store update, and browser render were not instrumented and remain blank."
realtime_final,c1007231c2bf1dc77091bb381df5462de3dd6b6f,10,5,8,rating_update,rating_updated,measured_warm,node_websocket_client_timing,7160.499,7171.654,,7171.206,,,11.154,,,,10.707,,200,0,0,0,10,"Database completion is approximated by HTTP response completion. Server broadcast timestamp, client-store update, and browser render were not instrumented and remain blank."
realtime_final,c1007231c2bf1dc77091bb381df5462de3dd6b6f,10,5,9,rating_update,rating_updated,measured_warm,node_websocket_client_timing,7160.499,7171.654,,7171.221,,,11.154,,,,10.721,,200,0,0,0,10,"Database completion is approximated by HTTP response completion. Server broadcast timestamp, client-store update, and browser render were not instrumented and remain blank."
realtime_final,c1007231c2bf1dc77091bb381df5462de3dd6b6f,10,5,10,rating_update,rating_updated,measured_warm,node_websocket_client_timing,7160.499,7171.654,,7171.239,,,11.154,,,,10.739,,200,0,0,0,10,"Database completion is approximated by HTTP response completion. Server broadcast timestamp, client-store update, and browser render were not instrumented and remain blank."
realtime_final,c1007231c2bf1dc77091bb381df5462de3dd6b6f,10,5,1,comment_delete,comment_deleted,measured_warm,node_websocket_client_timing,7205.229,7214.778,,7213.909,,,9.549,,,,8.681,,200,0,0,0,10,"Database completion is approximated by HTTP response completion. Server broadcast timestamp, client-store update, and browser render were not instrumented and remain blank."
realtime_final,c1007231c2bf1dc77091bb381df5462de3dd6b6f,10,5,2,comment_delete,comment_deleted,measured_warm,node_websocket_client_timing,7205.229,7214.778,,7214.027,,,9.549,,,,8.799,,200,0,0,0,10,"Database completion is approximated by HTTP response completion. Server broadcast timestamp, client-store update, and browser render were not instrumented and remain blank."
realtime_final,c1007231c2bf1dc77091bb381df5462de3dd6b6f,10,5,3,comment_delete,comment_deleted,measured_warm,node_websocket_client_timing,7205.229,7214.778,,7214.077,,,9.549,,,,8.848,,200,0,0,0,10,"Database completion is approximated by HTTP response completion. Server broadcast timestamp, client-store update, and browser render were not instrumented and remain blank."
realtime_final,c1007231c2bf1dc77091bb381df5462de3dd6b6f,10,5,4,comment_delete,comment_deleted,measured_warm,node_websocket_client_timing,7205.229,7214.778,,7214.122,,,9.549,,,,8.893,,200,0,0,0,10,"Database completion is approximated by HTTP response completion. Server broadcast timestamp, client-store update, and browser render were not instrumented and remain blank."
realtime_final,c1007231c2bf1dc77091bb381df5462de3dd6b6f,10,5,5,comment_delete,comment_deleted,measured_warm,node_websocket_client_timing,7205.229,7214.778,,7214.174,,,9.549,,,,8.946,,200,0,0,0,10,"Database completion is approximated by HTTP response completion. Server broadcast timestamp, client-store update, and browser render were not instrumented and remain blank."
realtime_final,c1007231c2bf1dc77091bb381df5462de3dd6b6f,10,5,6,comment_delete,comment_deleted,measured_warm,node_websocket_client_timing,7205.229,7214.778,,7214.271,,,9.549,,,,9.042,,200,0,0,0,10,"Database completion is approximated by HTTP response completion. Server broadcast timestamp, client-store update, and browser render were not instrumented and remain blank."
realtime_final,c1007231c2bf1dc77091bb381df5462de3dd6b6f,10,5,7,comment_delete,comment_deleted,measured_warm,node_websocket_client_timing,7205.229,7214.778,,7214.312,,,9.549,,,,9.083,,200,0,0,0,10,"Database completion is approximated by HTTP response completion. Server broadcast timestamp, client-store update, and browser render were not instrumented and remain blank."
realtime_final,c1007231c2bf1dc77091bb381df5462de3dd6b6f,10,5,8,comment_delete,comment_deleted,measured_warm,node_websocket_client_timing,7205.229,7214.778,,7214.361,,,9.549,,,,9.133,,200,0,0,0,10,"Database completion is approximated by HTTP response completion. Server broadcast timestamp, client-store update, and browser render were not instrumented and remain blank."
realtime_final,c1007231c2bf1dc77091bb381df5462de3dd6b6f,10,5,9,comment_delete,comment_deleted,measured_warm,node_websocket_client_timing,7205.229,7214.778,,7214.400,,,9.549,,,,9.171,,200,0,0,0,10,"Database completion is approximated by HTTP response completion. Server broadcast timestamp, client-store update, and browser render were not instrumented and remain blank."
realtime_final,c1007231c2bf1dc77091bb381df5462de3dd6b6f,10,5,10,comment_delete,comment_deleted,measured_warm,node_websocket_client_timing,7205.229,7214.778,,7214.447,,,9.549,,,,9.219,,200,0,0,0,10,"Database completion is approximated by HTTP response completion. Server broadcast timestamp, client-store update, and browser render were not instrumented and remain blank."
realtime_final,c1007231c2bf1dc77091bb381df5462de3dd6b6f,10,6,1,comment_create,new_comment,measured_warm,node_websocket_client_timing,7250.605,7260.982,,7260.574,,,10.377,,,,9.969,,201,0,0,0,10,"Database completion is approximated by HTTP response completion. Server broadcast timestamp, client-store update, and browser render were not instrumented and remain blank."
realtime_final,c1007231c2bf1dc77091bb381df5462de3dd6b6f,10,6,2,comment_create,new_comment,measured_warm,node_websocket_client_timing,7250.605,7260.982,,7260.637,,,10.377,,,,10.032,,201,0,0,0,10,"Database completion is approximated by HTTP response completion. Server broadcast timestamp, client-store update, and browser render were not instrumented and remain blank."
realtime_final,c1007231c2bf1dc77091bb381df5462de3dd6b6f,10,6,3,comment_create,new_comment,measured_warm,node_websocket_client_timing,7250.605,7260.982,,7260.659,,,10.377,,,,10.054,,201,0,0,0,10,"Database completion is approximated by HTTP response completion. Server broadcast timestamp, client-store update, and browser render were not instrumented and remain blank."
realtime_final,c1007231c2bf1dc77091bb381df5462de3dd6b6f,10,6,4,comment_create,new_comment,measured_warm,node_websocket_client_timing,7250.605,7260.982,,7260.676,,,10.377,,,,10.070,,201,0,0,0,10,"Database completion is approximated by HTTP response completion. Server broadcast timestamp, client-store update, and browser render were not instrumented and remain blank."
realtime_final,c1007231c2bf1dc77091bb381df5462de3dd6b6f,10,6,5,comment_create,new_comment,measured_warm,node_websocket_client_timing,7250.605,7260.982,,7260.691,,,10.377,,,,10.086,,201,0,0,0,10,"Database completion is approximated by HTTP response completion. Server broadcast timestamp, client-store update, and browser render were not instrumented and remain blank."
realtime_final,c1007231c2bf1dc77091bb381df5462de3dd6b6f,10,6,6,comment_create,new_comment,measured_warm,node_websocket_client_timing,7250.605,7260.982,,7260.705,,,10.377,,,,10.100,,201,0,0,0,10,"Database completion is approximated by HTTP response completion. Server broadcast timestamp, client-store update, and browser render were not instrumented and remain blank."
realtime_final,c1007231c2bf1dc77091bb381df5462de3dd6b6f,10,6,7,comment_create,new_comment,measured_warm,node_websocket_client_timing,7250.605,7260.982,,7260.722,,,10.377,,,,10.117,,201,0,0,0,10,"Database completion is approximated by HTTP response completion. Server broadcast timestamp, client-store update, and browser render were not instrumented and remain blank."
realtime_final,c1007231c2bf1dc77091bb381df5462de3dd6b6f,10,6,8,comment_create,new_comment,measured_warm,node_websocket_client_timing,7250.605,7260.982,,7260.759,,,10.377,,,,10.153,,201,0,0,0,10,"Database completion is approximated by HTTP response completion. Server broadcast timestamp, client-store update, and browser render were not instrumented and remain blank."
realtime_final,c1007231c2bf1dc77091bb381df5462de3dd6b6f,10,6,9,comment_create,new_comment,measured_warm,node_websocket_client_timing,7250.605,7260.982,,7260.777,,,10.377,,,,10.172,,201,0,0,0,10,"Database completion is approximated by HTTP response completion. Server broadcast timestamp, client-store update, and browser render were not instrumented and remain blank."
realtime_final,c1007231c2bf1dc77091bb381df5462de3dd6b6f,10,6,10,comment_create,new_comment,measured_warm,node_websocket_client_timing,7250.605,7260.982,,7260.794,,,10.377,,,,10.189,,201,0,0,0,10,"Database completion is approximated by HTTP response completion. Server broadcast timestamp, client-store update, and browser render were not instrumented and remain blank."
realtime_final,c1007231c2bf1dc77091bb381df5462de3dd6b6f,10,6,1,comment_edit,comment_updated,measured_warm,node_websocket_client_timing,7296.618,7336.082,,7335.426,,,39.463,,,,38.808,,200,0,0,0,10,"Database completion is approximated by HTTP response completion. Server broadcast timestamp, client-store update, and browser render were not instrumented and remain blank."
realtime_final,c1007231c2bf1dc77091bb381df5462de3dd6b6f,10,6,2,comment_edit,comment_updated,measured_warm,node_websocket_client_timing,7296.618,7336.082,,7335.483,,,39.463,,,,38.865,,200,0,0,0,10,"Database completion is approximated by HTTP response completion. Server broadcast timestamp, client-store update, and browser render were not instrumented and remain blank."
realtime_final,c1007231c2bf1dc77091bb381df5462de3dd6b6f,10,6,3,comment_edit,comment_updated,measured_warm,node_websocket_client_timing,7296.618,7336.082,,7335.521,,,39.463,,,,38.903,,200,0,0,0,10,"Database completion is approximated by HTTP response completion. Server broadcast timestamp, client-store update, and browser render were not instrumented and remain blank."
realtime_final,c1007231c2bf1dc77091bb381df5462de3dd6b6f,10,6,4,comment_edit,comment_updated,measured_warm,node_websocket_client_timing,7296.618,7336.082,,7335.543,,,39.463,,,,38.925,,200,0,0,0,10,"Database completion is approximated by HTTP response completion. Server broadcast timestamp, client-store update, and browser render were not instrumented and remain blank."
realtime_final,c1007231c2bf1dc77091bb381df5462de3dd6b6f,10,6,5,comment_edit,comment_updated,measured_warm,node_websocket_client_timing,7296.618,7336.082,,7335.566,,,39.463,,,,38.948,,200,0,0,0,10,"Database completion is approximated by HTTP response completion. Server broadcast timestamp, client-store update, and browser render were not instrumented and remain blank."
realtime_final,c1007231c2bf1dc77091bb381df5462de3dd6b6f,10,6,6,comment_edit,comment_updated,measured_warm,node_websocket_client_timing,7296.618,7336.082,,7335.584,,,39.463,,,,38.965,,200,0,0,0,10,"Database completion is approximated by HTTP response completion. Server broadcast timestamp, client-store update, and browser render were not instrumented and remain blank."
realtime_final,c1007231c2bf1dc77091bb381df5462de3dd6b6f,10,6,7,comment_edit,comment_updated,measured_warm,node_websocket_client_timing,7296.618,7336.082,,7335.599,,,39.463,,,,38.980,,200,0,0,0,10,"Database completion is approximated by HTTP response completion. Server broadcast timestamp, client-store update, and browser render were not instrumented and remain blank."
realtime_final,c1007231c2bf1dc77091bb381df5462de3dd6b6f,10,6,8,comment_edit,comment_updated,measured_warm,node_websocket_client_timing,7296.618,7336.082,,7335.616,,,39.463,,,,38.997,,200,0,0,0,10,"Database completion is approximated by HTTP response completion. Server broadcast timestamp, client-store update, and browser render were not instrumented and remain blank."
realtime_final,c1007231c2bf1dc77091bb381df5462de3dd6b6f,10,6,9,comment_edit,comment_updated,measured_warm,node_websocket_client_timing,7296.618,7336.082,,7335.633,,,39.463,,,,39.015,,200,0,0,0,10,"Database completion is approximated by HTTP response completion. Server broadcast timestamp, client-store update, and browser render were not instrumented and remain blank."
realtime_final,c1007231c2bf1dc77091bb381df5462de3dd6b6f,10,6,10,comment_edit,comment_updated,measured_warm,node_websocket_client_timing,7296.618,7336.082,,7335.653,,,39.463,,,,39.034,,200,0,0,0,10,"Database completion is approximated by HTTP response completion. Server broadcast timestamp, client-store update, and browser render were not instrumented and remain blank."
realtime_final,c1007231c2bf1dc77091bb381df5462de3dd6b6f,10,6,1,rating_update,rating_updated,measured_warm,node_websocket_client_timing,7374.660,7393.497,,7392.935,,,18.837,,,,18.275,,200,0,0,0,10,"Database completion is approximated by HTTP response completion. Server broadcast timestamp, client-store update, and browser render were not instrumented and remain blank."
realtime_final,c1007231c2bf1dc77091bb381df5462de3dd6b6f,10,6,2,rating_update,rating_updated,measured_warm,node_websocket_client_timing,7374.660,7393.497,,7392.989,,,18.837,,,,18.329,,200,0,0,0,10,"Database completion is approximated by HTTP response completion. Server broadcast timestamp, client-store update, and browser render were not instrumented and remain blank."
realtime_final,c1007231c2bf1dc77091bb381df5462de3dd6b6f,10,6,3,rating_update,rating_updated,measured_warm,node_websocket_client_timing,7374.660,7393.497,,7393.007,,,18.837,,,,18.347,,200,0,0,0,10,"Database completion is approximated by HTTP response completion. Server broadcast timestamp, client-store update, and browser render were not instrumented and remain blank."
realtime_final,c1007231c2bf1dc77091bb381df5462de3dd6b6f,10,6,4,rating_update,rating_updated,measured_warm,node_websocket_client_timing,7374.660,7393.497,,7393.022,,,18.837,,,,18.362,,200,0,0,0,10,"Database completion is approximated by HTTP response completion. Server broadcast timestamp, client-store update, and browser render were not instrumented and remain blank."
realtime_final,c1007231c2bf1dc77091bb381df5462de3dd6b6f,10,6,5,rating_update,rating_updated,measured_warm,node_websocket_client_timing,7374.660,7393.497,,7393.037,,,18.837,,,,18.377,,200,0,0,0,10,"Database completion is approximated by HTTP response completion. Server broadcast timestamp, client-store update, and browser render were not instrumented and remain blank."
realtime_final,c1007231c2bf1dc77091bb381df5462de3dd6b6f,10,6,6,rating_update,rating_updated,measured_warm,node_websocket_client_timing,7374.660,7393.497,,7393.053,,,18.837,,,,18.394,,200,0,0,0,10,"Database completion is approximated by HTTP response completion. Server broadcast timestamp, client-store update, and browser render were not instrumented and remain blank."
realtime_final,c1007231c2bf1dc77091bb381df5462de3dd6b6f,10,6,7,rating_update,rating_updated,measured_warm,node_websocket_client_timing,7374.660,7393.497,,7393.067,,,18.837,,,,18.408,,200,0,0,0,10,"Database completion is approximated by HTTP response completion. Server broadcast timestamp, client-store update, and browser render were not instrumented and remain blank."
realtime_final,c1007231c2bf1dc77091bb381df5462de3dd6b6f,10,6,8,rating_update,rating_updated,measured_warm,node_websocket_client_timing,7374.660,7393.497,,7393.080,,,18.837,,,,18.420,,200,0,0,0,10,"Database completion is approximated by HTTP response completion. Server broadcast timestamp, client-store update, and browser render were not instrumented and remain blank."
realtime_final,c1007231c2bf1dc77091bb381df5462de3dd6b6f,10,6,9,rating_update,rating_updated,measured_warm,node_websocket_client_timing,7374.660,7393.497,,7393.094,,,18.837,,,,18.434,,200,0,0,0,10,"Database completion is approximated by HTTP response completion. Server broadcast timestamp, client-store update, and browser render were not instrumented and remain blank."
realtime_final,c1007231c2bf1dc77091bb381df5462de3dd6b6f,10,6,10,rating_update,rating_updated,measured_warm,node_websocket_client_timing,7374.660,7393.497,,7393.112,,,18.837,,,,18.452,,200,0,0,0,10,"Database completion is approximated by HTTP response completion. Server broadcast timestamp, client-store update, and browser render were not instrumented and remain blank."
realtime_final,c1007231c2bf1dc77091bb381df5462de3dd6b6f,10,6,1,comment_delete,comment_deleted,measured_warm,node_websocket_client_timing,7436.474,7445.321,,7444.797,,,8.847,,,,8.323,,200,0,0,0,10,"Database completion is approximated by HTTP response completion. Server broadcast timestamp, client-store update, and browser render were not instrumented and remain blank."
realtime_final,c1007231c2bf1dc77091bb381df5462de3dd6b6f,10,6,2,comment_delete,comment_deleted,measured_warm,node_websocket_client_timing,7436.474,7445.321,,7444.870,,,8.847,,,,8.396,,200,0,0,0,10,"Database completion is approximated by HTTP response completion. Server broadcast timestamp, client-store update, and browser render were not instrumented and remain blank."
realtime_final,c1007231c2bf1dc77091bb381df5462de3dd6b6f,10,6,3,comment_delete,comment_deleted,measured_warm,node_websocket_client_timing,7436.474,7445.321,,7444.888,,,8.847,,,,8.414,,200,0,0,0,10,"Database completion is approximated by HTTP response completion. Server broadcast timestamp, client-store update, and browser render were not instrumented and remain blank."
realtime_final,c1007231c2bf1dc77091bb381df5462de3dd6b6f,10,6,4,comment_delete,comment_deleted,measured_warm,node_websocket_client_timing,7436.474,7445.321,,7444.902,,,8.847,,,,8.428,,200,0,0,0,10,"Database completion is approximated by HTTP response completion. Server broadcast timestamp, client-store update, and browser render were not instrumented and remain blank."
realtime_final,c1007231c2bf1dc77091bb381df5462de3dd6b6f,10,6,5,comment_delete,comment_deleted,measured_warm,node_websocket_client_timing,7436.474,7445.321,,7444.916,,,8.847,,,,8.442,,200,0,0,0,10,"Database completion is approximated by HTTP response completion. Server broadcast timestamp, client-store update, and browser render were not instrumented and remain blank."
realtime_final,c1007231c2bf1dc77091bb381df5462de3dd6b6f,10,6,6,comment_delete,comment_deleted,measured_warm,node_websocket_client_timing,7436.474,7445.321,,7444.932,,,8.847,,,,8.458,,200,0,0,0,10,"Database completion is approximated by HTTP response completion. Server broadcast timestamp, client-store update, and browser render were not instrumented and remain blank."
realtime_final,c1007231c2bf1dc77091bb381df5462de3dd6b6f,10,6,7,comment_delete,comment_deleted,measured_warm,node_websocket_client_timing,7436.474,7445.321,,7444.945,,,8.847,,,,8.472,,200,0,0,0,10,"Database completion is approximated by HTTP response completion. Server broadcast timestamp, client-store update, and browser render were not instrumented and remain blank."
realtime_final,c1007231c2bf1dc77091bb381df5462de3dd6b6f,10,6,8,comment_delete,comment_deleted,measured_warm,node_websocket_client_timing,7436.474,7445.321,,7444.959,,,8.847,,,,8.485,,200,0,0,0,10,"Database completion is approximated by HTTP response completion. Server broadcast timestamp, client-store update, and browser render were not instrumented and remain blank."
realtime_final,c1007231c2bf1dc77091bb381df5462de3dd6b6f,10,6,9,comment_delete,comment_deleted,measured_warm,node_websocket_client_timing,7436.474,7445.321,,7444.972,,,8.847,,,,8.498,,200,0,0,0,10,"Database completion is approximated by HTTP response completion. Server broadcast timestamp, client-store update, and browser render were not instrumented and remain blank."
realtime_final,c1007231c2bf1dc77091bb381df5462de3dd6b6f,10,6,10,comment_delete,comment_deleted,measured_warm,node_websocket_client_timing,7436.474,7445.321,,7445.008,,,8.847,,,,8.535,,200,0,0,0,10,"Database completion is approximated by HTTP response completion. Server broadcast timestamp, client-store update, and browser render were not instrumented and remain blank."
realtime_final,c1007231c2bf1dc77091bb381df5462de3dd6b6f,10,7,1,comment_create,new_comment,measured_warm,node_websocket_client_timing,7482.679,7494.238,,7492.394,,,11.559,,,,9.715,,201,0,0,0,10,"Database completion is approximated by HTTP response completion. Server broadcast timestamp, client-store update, and browser render were not instrumented and remain blank."
realtime_final,c1007231c2bf1dc77091bb381df5462de3dd6b6f,10,7,2,comment_create,new_comment,measured_warm,node_websocket_client_timing,7482.679,7494.238,,7492.458,,,11.559,,,,9.779,,201,0,0,0,10,"Database completion is approximated by HTTP response completion. Server broadcast timestamp, client-store update, and browser render were not instrumented and remain blank."
realtime_final,c1007231c2bf1dc77091bb381df5462de3dd6b6f,10,7,3,comment_create,new_comment,measured_warm,node_websocket_client_timing,7482.679,7494.238,,7492.481,,,11.559,,,,9.802,,201,0,0,0,10,"Database completion is approximated by HTTP response completion. Server broadcast timestamp, client-store update, and browser render were not instrumented and remain blank."
realtime_final,c1007231c2bf1dc77091bb381df5462de3dd6b6f,10,7,4,comment_create,new_comment,measured_warm,node_websocket_client_timing,7482.679,7494.238,,7492.503,,,11.559,,,,9.824,,201,0,0,0,10,"Database completion is approximated by HTTP response completion. Server broadcast timestamp, client-store update, and browser render were not instrumented and remain blank."
realtime_final,c1007231c2bf1dc77091bb381df5462de3dd6b6f,10,7,5,comment_create,new_comment,measured_warm,node_websocket_client_timing,7482.679,7494.238,,7492.647,,,11.559,,,,9.968,,201,0,0,0,10,"Database completion is approximated by HTTP response completion. Server broadcast timestamp, client-store update, and browser render were not instrumented and remain blank."
realtime_final,c1007231c2bf1dc77091bb381df5462de3dd6b6f,10,7,6,comment_create,new_comment,measured_warm,node_websocket_client_timing,7482.679,7494.238,,7492.694,,,11.559,,,,10.015,,201,0,0,0,10,"Database completion is approximated by HTTP response completion. Server broadcast timestamp, client-store update, and browser render were not instrumented and remain blank."
realtime_final,c1007231c2bf1dc77091bb381df5462de3dd6b6f,10,7,7,comment_create,new_comment,measured_warm,node_websocket_client_timing,7482.679,7494.238,,7492.718,,,11.559,,,,10.039,,201,0,0,0,10,"Database completion is approximated by HTTP response completion. Server broadcast timestamp, client-store update, and browser render were not instrumented and remain blank."
realtime_final,c1007231c2bf1dc77091bb381df5462de3dd6b6f,10,7,8,comment_create,new_comment,measured_warm,node_websocket_client_timing,7482.679,7494.238,,7493.059,,,11.559,,,,10.380,,201,0,0,0,10,"Database completion is approximated by HTTP response completion. Server broadcast timestamp, client-store update, and browser render were not instrumented and remain blank."
realtime_final,c1007231c2bf1dc77091bb381df5462de3dd6b6f,10,7,9,comment_create,new_comment,measured_warm,node_websocket_client_timing,7482.679,7494.238,,7493.331,,,11.559,,,,10.652,,201,0,0,0,10,"Database completion is approximated by HTTP response completion. Server broadcast timestamp, client-store update, and browser render were not instrumented and remain blank."
realtime_final,c1007231c2bf1dc77091bb381df5462de3dd6b6f,10,7,10,comment_create,new_comment,measured_warm,node_websocket_client_timing,7482.679,7494.238,,7493.506,,,11.559,,,,10.827,,201,0,0,0,10,"Database completion is approximated by HTTP response completion. Server broadcast timestamp, client-store update, and browser render were not instrumented and remain blank."
realtime_final,c1007231c2bf1dc77091bb381df5462de3dd6b6f,10,7,1,comment_edit,comment_updated,measured_warm,node_websocket_client_timing,7529.744,7540.157,,7539.264,,,10.413,,,,9.521,,200,0,0,0,10,"Database completion is approximated by HTTP response completion. Server broadcast timestamp, client-store update, and browser render were not instrumented and remain blank."
realtime_final,c1007231c2bf1dc77091bb381df5462de3dd6b6f,10,7,2,comment_edit,comment_updated,measured_warm,node_websocket_client_timing,7529.744,7540.157,,7539.315,,,10.413,,,,9.571,,200,0,0,0,10,"Database completion is approximated by HTTP response completion. Server broadcast timestamp, client-store update, and browser render were not instrumented and remain blank."
realtime_final,c1007231c2bf1dc77091bb381df5462de3dd6b6f,10,7,3,comment_edit,comment_updated,measured_warm,node_websocket_client_timing,7529.744,7540.157,,7539.332,,,10.413,,,,9.589,,200,0,0,0,10,"Database completion is approximated by HTTP response completion. Server broadcast timestamp, client-store update, and browser render were not instrumented and remain blank."
realtime_final,c1007231c2bf1dc77091bb381df5462de3dd6b6f,10,7,4,comment_edit,comment_updated,measured_warm,node_websocket_client_timing,7529.744,7540.157,,7539.352,,,10.413,,,,9.608,,200,0,0,0,10,"Database completion is approximated by HTTP response completion. Server broadcast timestamp, client-store update, and browser render were not instrumented and remain blank."
realtime_final,c1007231c2bf1dc77091bb381df5462de3dd6b6f,10,7,5,comment_edit,comment_updated,measured_warm,node_websocket_client_timing,7529.744,7540.157,,7539.402,,,10.413,,,,9.658,,200,0,0,0,10,"Database completion is approximated by HTTP response completion. Server broadcast timestamp, client-store update, and browser render were not instrumented and remain blank."
realtime_final,c1007231c2bf1dc77091bb381df5462de3dd6b6f,10,7,6,comment_edit,comment_updated,measured_warm,node_websocket_client_timing,7529.744,7540.157,,7539.424,,,10.413,,,,9.680,,200,0,0,0,10,"Database completion is approximated by HTTP response completion. Server broadcast timestamp, client-store update, and browser render were not instrumented and remain blank."
realtime_final,c1007231c2bf1dc77091bb381df5462de3dd6b6f,10,7,7,comment_edit,comment_updated,measured_warm,node_websocket_client_timing,7529.744,7540.157,,7539.439,,,10.413,,,,9.695,,200,0,0,0,10,"Database completion is approximated by HTTP response completion. Server broadcast timestamp, client-store update, and browser render were not instrumented and remain blank."
realtime_final,c1007231c2bf1dc77091bb381df5462de3dd6b6f,10,7,8,comment_edit,comment_updated,measured_warm,node_websocket_client_timing,7529.744,7540.157,,7539.453,,,10.413,,,,9.709,,200,0,0,0,10,"Database completion is approximated by HTTP response completion. Server broadcast timestamp, client-store update, and browser render were not instrumented and remain blank."
realtime_final,c1007231c2bf1dc77091bb381df5462de3dd6b6f,10,7,9,comment_edit,comment_updated,measured_warm,node_websocket_client_timing,7529.744,7540.157,,7539.468,,,10.413,,,,9.725,,200,0,0,0,10,"Database completion is approximated by HTTP response completion. Server broadcast timestamp, client-store update, and browser render were not instrumented and remain blank."
realtime_final,c1007231c2bf1dc77091bb381df5462de3dd6b6f,10,7,10,comment_edit,comment_updated,measured_warm,node_websocket_client_timing,7529.744,7540.157,,7539.493,,,10.413,,,,9.749,,200,0,0,0,10,"Database completion is approximated by HTTP response completion. Server broadcast timestamp, client-store update, and browser render were not instrumented and remain blank."
realtime_final,c1007231c2bf1dc77091bb381df5462de3dd6b6f,10,7,1,rating_update,rating_updated,measured_warm,node_websocket_client_timing,7575.858,7587.128,,7586.613,,,11.270,,,,10.756,,200,0,0,0,10,"Database completion is approximated by HTTP response completion. Server broadcast timestamp, client-store update, and browser render were not instrumented and remain blank."
realtime_final,c1007231c2bf1dc77091bb381df5462de3dd6b6f,10,7,2,rating_update,rating_updated,measured_warm,node_websocket_client_timing,7575.858,7587.128,,7586.662,,,11.270,,,,10.804,,200,0,0,0,10,"Database completion is approximated by HTTP response completion. Server broadcast timestamp, client-store update, and browser render were not instrumented and remain blank."
realtime_final,c1007231c2bf1dc77091bb381df5462de3dd6b6f,10,7,3,rating_update,rating_updated,measured_warm,node_websocket_client_timing,7575.858,7587.128,,7586.678,,,11.270,,,,10.820,,200,0,0,0,10,"Database completion is approximated by HTTP response completion. Server broadcast timestamp, client-store update, and browser render were not instrumented and remain blank."
realtime_final,c1007231c2bf1dc77091bb381df5462de3dd6b6f,10,7,4,rating_update,rating_updated,measured_warm,node_websocket_client_timing,7575.858,7587.128,,7586.694,,,11.270,,,,10.836,,200,0,0,0,10,"Database completion is approximated by HTTP response completion. Server broadcast timestamp, client-store update, and browser render were not instrumented and remain blank."
realtime_final,c1007231c2bf1dc77091bb381df5462de3dd6b6f,10,7,5,rating_update,rating_updated,measured_warm,node_websocket_client_timing,7575.858,7587.128,,7586.735,,,11.270,,,,10.877,,200,0,0,0,10,"Database completion is approximated by HTTP response completion. Server broadcast timestamp, client-store update, and browser render were not instrumented and remain blank."
realtime_final,c1007231c2bf1dc77091bb381df5462de3dd6b6f,10,7,6,rating_update,rating_updated,measured_warm,node_websocket_client_timing,7575.858,7587.128,,7586.752,,,11.270,,,,10.895,,200,0,0,0,10,"Database completion is approximated by HTTP response completion. Server broadcast timestamp, client-store update, and browser render were not instrumented and remain blank."
realtime_final,c1007231c2bf1dc77091bb381df5462de3dd6b6f,10,7,7,rating_update,rating_updated,measured_warm,node_websocket_client_timing,7575.858,7587.128,,7586.766,,,11.270,,,,10.908,,200,0,0,0,10,"Database completion is approximated by HTTP response completion. Server broadcast timestamp, client-store update, and browser render were not instrumented and remain blank."
realtime_final,c1007231c2bf1dc77091bb381df5462de3dd6b6f,10,7,8,rating_update,rating_updated,measured_warm,node_websocket_client_timing,7575.858,7587.128,,7586.777,,,11.270,,,,10.919,,200,0,0,0,10,"Database completion is approximated by HTTP response completion. Server broadcast timestamp, client-store update, and browser render were not instrumented and remain blank."
realtime_final,c1007231c2bf1dc77091bb381df5462de3dd6b6f,10,7,9,rating_update,rating_updated,measured_warm,node_websocket_client_timing,7575.858,7587.128,,7586.789,,,11.270,,,,10.931,,200,0,0,0,10,"Database completion is approximated by HTTP response completion. Server broadcast timestamp, client-store update, and browser render were not instrumented and remain blank."
realtime_final,c1007231c2bf1dc77091bb381df5462de3dd6b6f,10,7,10,rating_update,rating_updated,measured_warm,node_websocket_client_timing,7575.858,7587.128,,7586.808,,,11.270,,,,10.950,,200,0,0,0,10,"Database completion is approximated by HTTP response completion. Server broadcast timestamp, client-store update, and browser render were not instrumented and remain blank."
realtime_final,c1007231c2bf1dc77091bb381df5462de3dd6b6f,10,7,1,comment_delete,comment_deleted,measured_warm,node_websocket_client_timing,7621.293,7630.679,,7630.182,,,9.386,,,,8.890,,200,0,0,0,10,"Database completion is approximated by HTTP response completion. Server broadcast timestamp, client-store update, and browser render were not instrumented and remain blank."
realtime_final,c1007231c2bf1dc77091bb381df5462de3dd6b6f,10,7,2,comment_delete,comment_deleted,measured_warm,node_websocket_client_timing,7621.293,7630.679,,7630.264,,,9.386,,,,8.971,,200,0,0,0,10,"Database completion is approximated by HTTP response completion. Server broadcast timestamp, client-store update, and browser render were not instrumented and remain blank."
realtime_final,c1007231c2bf1dc77091bb381df5462de3dd6b6f,10,7,3,comment_delete,comment_deleted,measured_warm,node_websocket_client_timing,7621.293,7630.679,,7630.319,,,9.386,,,,9.026,,200,0,0,0,10,"Database completion is approximated by HTTP response completion. Server broadcast timestamp, client-store update, and browser render were not instrumented and remain blank."
realtime_final,c1007231c2bf1dc77091bb381df5462de3dd6b6f,10,7,4,comment_delete,comment_deleted,measured_warm,node_websocket_client_timing,7621.293,7630.679,,7630.336,,,9.386,,,,9.043,,200,0,0,0,10,"Database completion is approximated by HTTP response completion. Server broadcast timestamp, client-store update, and browser render were not instrumented and remain blank."
realtime_final,c1007231c2bf1dc77091bb381df5462de3dd6b6f,10,7,5,comment_delete,comment_deleted,measured_warm,node_websocket_client_timing,7621.293,7630.679,,7630.356,,,9.386,,,,9.064,,200,0,0,0,10,"Database completion is approximated by HTTP response completion. Server broadcast timestamp, client-store update, and browser render were not instrumented and remain blank."
realtime_final,c1007231c2bf1dc77091bb381df5462de3dd6b6f,10,7,6,comment_delete,comment_deleted,measured_warm,node_websocket_client_timing,7621.293,7630.679,,7630.374,,,9.386,,,,9.082,,200,0,0,0,10,"Database completion is approximated by HTTP response completion. Server broadcast timestamp, client-store update, and browser render were not instrumented and remain blank."
realtime_final,c1007231c2bf1dc77091bb381df5462de3dd6b6f,10,7,7,comment_delete,comment_deleted,measured_warm,node_websocket_client_timing,7621.293,7630.679,,7630.390,,,9.386,,,,9.097,,200,0,0,0,10,"Database completion is approximated by HTTP response completion. Server broadcast timestamp, client-store update, and browser render were not instrumented and remain blank."
realtime_final,c1007231c2bf1dc77091bb381df5462de3dd6b6f,10,7,8,comment_delete,comment_deleted,measured_warm,node_websocket_client_timing,7621.293,7630.679,,7630.403,,,9.386,,,,9.110,,200,0,0,0,10,"Database completion is approximated by HTTP response completion. Server broadcast timestamp, client-store update, and browser render were not instrumented and remain blank."
realtime_final,c1007231c2bf1dc77091bb381df5462de3dd6b6f,10,7,9,comment_delete,comment_deleted,measured_warm,node_websocket_client_timing,7621.293,7630.679,,7630.416,,,9.386,,,,9.123,,200,0,0,0,10,"Database completion is approximated by HTTP response completion. Server broadcast timestamp, client-store update, and browser render were not instrumented and remain blank."
realtime_final,c1007231c2bf1dc77091bb381df5462de3dd6b6f,10,7,10,comment_delete,comment_deleted,measured_warm,node_websocket_client_timing,7621.293,7630.679,,7630.440,,,9.386,,,,9.147,,200,0,0,0,10,"Database completion is approximated by HTTP response completion. Server broadcast timestamp, client-store update, and browser render were not instrumented and remain blank."
realtime_final,c1007231c2bf1dc77091bb381df5462de3dd6b6f,10,8,1,comment_create,new_comment,measured_warm,node_websocket_client_timing,7666.241,7677.515,,7676.172,,,11.273,,,,9.930,,201,0,0,0,10,"Database completion is approximated by HTTP response completion. Server broadcast timestamp, client-store update, and browser render were not instrumented and remain blank."
realtime_final,c1007231c2bf1dc77091bb381df5462de3dd6b6f,10,8,2,comment_create,new_comment,measured_warm,node_websocket_client_timing,7666.241,7677.515,,7677.026,,,11.273,,,,10.784,,201,0,0,0,10,"Database completion is approximated by HTTP response completion. Server broadcast timestamp, client-store update, and browser render were not instrumented and remain blank."
realtime_final,c1007231c2bf1dc77091bb381df5462de3dd6b6f,10,8,3,comment_create,new_comment,measured_warm,node_websocket_client_timing,7666.241,7677.515,,7677.051,,,11.273,,,,10.810,,201,0,0,0,10,"Database completion is approximated by HTTP response completion. Server broadcast timestamp, client-store update, and browser render were not instrumented and remain blank."
realtime_final,c1007231c2bf1dc77091bb381df5462de3dd6b6f,10,8,4,comment_create,new_comment,measured_warm,node_websocket_client_timing,7666.241,7677.515,,7677.065,,,11.273,,,,10.824,,201,0,0,0,10,"Database completion is approximated by HTTP response completion. Server broadcast timestamp, client-store update, and browser render were not instrumented and remain blank."
realtime_final,c1007231c2bf1dc77091bb381df5462de3dd6b6f,10,8,5,comment_create,new_comment,measured_warm,node_websocket_client_timing,7666.241,7677.515,,7677.078,,,11.273,,,,10.837,,201,0,0,0,10,"Database completion is approximated by HTTP response completion. Server broadcast timestamp, client-store update, and browser render were not instrumented and remain blank."
realtime_final,c1007231c2bf1dc77091bb381df5462de3dd6b6f,10,8,6,comment_create,new_comment,measured_warm,node_websocket_client_timing,7666.241,7677.515,,7677.091,,,11.273,,,,10.850,,201,0,0,0,10,"Database completion is approximated by HTTP response completion. Server broadcast timestamp, client-store update, and browser render were not instrumented and remain blank."
realtime_final,c1007231c2bf1dc77091bb381df5462de3dd6b6f,10,8,7,comment_create,new_comment,measured_warm,node_websocket_client_timing,7666.241,7677.515,,7677.108,,,11.273,,,,10.866,,201,0,0,0,10,"Database completion is approximated by HTTP response completion. Server broadcast timestamp, client-store update, and browser render were not instrumented and remain blank."
realtime_final,c1007231c2bf1dc77091bb381df5462de3dd6b6f,10,8,8,comment_create,new_comment,measured_warm,node_websocket_client_timing,7666.241,7677.515,,7677.119,,,11.273,,,,10.878,,201,0,0,0,10,"Database completion is approximated by HTTP response completion. Server broadcast timestamp, client-store update, and browser render were not instrumented and remain blank."
realtime_final,c1007231c2bf1dc77091bb381df5462de3dd6b6f,10,8,9,comment_create,new_comment,measured_warm,node_websocket_client_timing,7666.241,7677.515,,7677.130,,,11.273,,,,10.889,,201,0,0,0,10,"Database completion is approximated by HTTP response completion. Server broadcast timestamp, client-store update, and browser render were not instrumented and remain blank."
realtime_final,c1007231c2bf1dc77091bb381df5462de3dd6b6f,10,8,10,comment_create,new_comment,measured_warm,node_websocket_client_timing,7666.241,7677.515,,7677.152,,,11.273,,,,10.910,,201,0,0,0,10,"Database completion is approximated by HTTP response completion. Server broadcast timestamp, client-store update, and browser render were not instrumented and remain blank."
realtime_final,c1007231c2bf1dc77091bb381df5462de3dd6b6f,10,8,1,comment_edit,comment_updated,measured_warm,node_websocket_client_timing,7711.106,7720.495,,7720.139,,,9.388,,,,9.032,,200,0,0,0,10,"Database completion is approximated by HTTP response completion. Server broadcast timestamp, client-store update, and browser render were not instrumented and remain blank."
realtime_final,c1007231c2bf1dc77091bb381df5462de3dd6b6f,10,8,2,comment_edit,comment_updated,measured_warm,node_websocket_client_timing,7711.106,7720.495,,7720.178,,,9.388,,,,9.071,,200,0,0,0,10,"Database completion is approximated by HTTP response completion. Server broadcast timestamp, client-store update, and browser render were not instrumented and remain blank."
realtime_final,c1007231c2bf1dc77091bb381df5462de3dd6b6f,10,8,3,comment_edit,comment_updated,measured_warm,node_websocket_client_timing,7711.106,7720.495,,7720.192,,,9.388,,,,9.085,,200,0,0,0,10,"Database completion is approximated by HTTP response completion. Server broadcast timestamp, client-store update, and browser render were not instrumented and remain blank."
realtime_final,c1007231c2bf1dc77091bb381df5462de3dd6b6f,10,8,4,comment_edit,comment_updated,measured_warm,node_websocket_client_timing,7711.106,7720.495,,7720.211,,,9.388,,,,9.105,,200,0,0,0,10,"Database completion is approximated by HTTP response completion. Server broadcast timestamp, client-store update, and browser render were not instrumented and remain blank."
realtime_final,c1007231c2bf1dc77091bb381df5462de3dd6b6f,10,8,5,comment_edit,comment_updated,measured_warm,node_websocket_client_timing,7711.106,7720.495,,7720.224,,,9.388,,,,9.118,,200,0,0,0,10,"Database completion is approximated by HTTP response completion. Server broadcast timestamp, client-store update, and browser render were not instrumented and remain blank."
realtime_final,c1007231c2bf1dc77091bb381df5462de3dd6b6f,10,8,6,comment_edit,comment_updated,measured_warm,node_websocket_client_timing,7711.106,7720.495,,7720.237,,,9.388,,,,9.131,,200,0,0,0,10,"Database completion is approximated by HTTP response completion. Server broadcast timestamp, client-store update, and browser render were not instrumented and remain blank."
realtime_final,c1007231c2bf1dc77091bb381df5462de3dd6b6f,10,8,7,comment_edit,comment_updated,measured_warm,node_websocket_client_timing,7711.106,7720.495,,7720.278,,,9.388,,,,9.171,,200,0,0,0,10,"Database completion is approximated by HTTP response completion. Server broadcast timestamp, client-store update, and browser render were not instrumented and remain blank."
realtime_final,c1007231c2bf1dc77091bb381df5462de3dd6b6f,10,8,8,comment_edit,comment_updated,measured_warm,node_websocket_client_timing,7711.106,7720.495,,7720.290,,,9.388,,,,9.184,,200,0,0,0,10,"Database completion is approximated by HTTP response completion. Server broadcast timestamp, client-store update, and browser render were not instrumented and remain blank."
realtime_final,c1007231c2bf1dc77091bb381df5462de3dd6b6f,10,8,9,comment_edit,comment_updated,measured_warm,node_websocket_client_timing,7711.106,7720.495,,7720.302,,,9.388,,,,9.195,,200,0,0,0,10,"Database completion is approximated by HTTP response completion. Server broadcast timestamp, client-store update, and browser render were not instrumented and remain blank."
realtime_final,c1007231c2bf1dc77091bb381df5462de3dd6b6f,10,8,10,comment_edit,comment_updated,measured_warm,node_websocket_client_timing,7711.106,7720.495,,7720.328,,,9.388,,,,9.222,,200,0,0,0,10,"Database completion is approximated by HTTP response completion. Server broadcast timestamp, client-store update, and browser render were not instrumented and remain blank."
realtime_final,c1007231c2bf1dc77091bb381df5462de3dd6b6f,10,8,1,rating_update,rating_updated,measured_warm,node_websocket_client_timing,7757.690,7768.252,,7767.768,,,10.562,,,,10.078,,200,0,0,0,10,"Database completion is approximated by HTTP response completion. Server broadcast timestamp, client-store update, and browser render were not instrumented and remain blank."
realtime_final,c1007231c2bf1dc77091bb381df5462de3dd6b6f,10,8,2,rating_update,rating_updated,measured_warm,node_websocket_client_timing,7757.690,7768.252,,7767.836,,,10.562,,,,10.146,,200,0,0,0,10,"Database completion is approximated by HTTP response completion. Server broadcast timestamp, client-store update, and browser render were not instrumented and remain blank."
realtime_final,c1007231c2bf1dc77091bb381df5462de3dd6b6f,10,8,3,rating_update,rating_updated,measured_warm,node_websocket_client_timing,7757.690,7768.252,,7767.857,,,10.562,,,,10.167,,200,0,0,0,10,"Database completion is approximated by HTTP response completion. Server broadcast timestamp, client-store update, and browser render were not instrumented and remain blank."
realtime_final,c1007231c2bf1dc77091bb381df5462de3dd6b6f,10,8,4,rating_update,rating_updated,measured_warm,node_websocket_client_timing,7757.690,7768.252,,7767.868,,,10.562,,,,10.178,,200,0,0,0,10,"Database completion is approximated by HTTP response completion. Server broadcast timestamp, client-store update, and browser render were not instrumented and remain blank."
realtime_final,c1007231c2bf1dc77091bb381df5462de3dd6b6f,10,8,5,rating_update,rating_updated,measured_warm,node_websocket_client_timing,7757.690,7768.252,,7767.880,,,10.562,,,,10.191,,200,0,0,0,10,"Database completion is approximated by HTTP response completion. Server broadcast timestamp, client-store update, and browser render were not instrumented and remain blank."
realtime_final,c1007231c2bf1dc77091bb381df5462de3dd6b6f,10,8,6,rating_update,rating_updated,measured_warm,node_websocket_client_timing,7757.690,7768.252,,7767.890,,,10.562,,,,10.201,,200,0,0,0,10,"Database completion is approximated by HTTP response completion. Server broadcast timestamp, client-store update, and browser render were not instrumented and remain blank."
realtime_final,c1007231c2bf1dc77091bb381df5462de3dd6b6f,10,8,7,rating_update,rating_updated,measured_warm,node_websocket_client_timing,7757.690,7768.252,,7767.900,,,10.562,,,,10.211,,200,0,0,0,10,"Database completion is approximated by HTTP response completion. Server broadcast timestamp, client-store update, and browser render were not instrumented and remain blank."
realtime_final,c1007231c2bf1dc77091bb381df5462de3dd6b6f,10,8,8,rating_update,rating_updated,measured_warm,node_websocket_client_timing,7757.690,7768.252,,7767.910,,,10.562,,,,10.221,,200,0,0,0,10,"Database completion is approximated by HTTP response completion. Server broadcast timestamp, client-store update, and browser render were not instrumented and remain blank."
realtime_final,c1007231c2bf1dc77091bb381df5462de3dd6b6f,10,8,9,rating_update,rating_updated,measured_warm,node_websocket_client_timing,7757.690,7768.252,,7767.920,,,10.562,,,,10.230,,200,0,0,0,10,"Database completion is approximated by HTTP response completion. Server broadcast timestamp, client-store update, and browser render were not instrumented and remain blank."
realtime_final,c1007231c2bf1dc77091bb381df5462de3dd6b6f,10,8,10,rating_update,rating_updated,measured_warm,node_websocket_client_timing,7757.690,7768.252,,7767.937,,,10.562,,,,10.247,,200,0,0,0,10,"Database completion is approximated by HTTP response completion. Server broadcast timestamp, client-store update, and browser render were not instrumented and remain blank."
realtime_final,c1007231c2bf1dc77091bb381df5462de3dd6b6f,10,8,1,comment_delete,comment_deleted,measured_warm,node_websocket_client_timing,7802.496,7811.904,,7811.417,,,9.408,,,,8.922,,200,0,0,0,10,"Database completion is approximated by HTTP response completion. Server broadcast timestamp, client-store update, and browser render were not instrumented and remain blank."
realtime_final,c1007231c2bf1dc77091bb381df5462de3dd6b6f,10,8,2,comment_delete,comment_deleted,measured_warm,node_websocket_client_timing,7802.496,7811.904,,7811.457,,,9.408,,,,8.961,,200,0,0,0,10,"Database completion is approximated by HTTP response completion. Server broadcast timestamp, client-store update, and browser render were not instrumented and remain blank."
realtime_final,c1007231c2bf1dc77091bb381df5462de3dd6b6f,10,8,3,comment_delete,comment_deleted,measured_warm,node_websocket_client_timing,7802.496,7811.904,,7811.469,,,9.408,,,,8.974,,200,0,0,0,10,"Database completion is approximated by HTTP response completion. Server broadcast timestamp, client-store update, and browser render were not instrumented and remain blank."
realtime_final,c1007231c2bf1dc77091bb381df5462de3dd6b6f,10,8,4,comment_delete,comment_deleted,measured_warm,node_websocket_client_timing,7802.496,7811.904,,7811.480,,,9.408,,,,8.984,,200,0,0,0,10,"Database completion is approximated by HTTP response completion. Server broadcast timestamp, client-store update, and browser render were not instrumented and remain blank."
realtime_final,c1007231c2bf1dc77091bb381df5462de3dd6b6f,10,8,5,comment_delete,comment_deleted,measured_warm,node_websocket_client_timing,7802.496,7811.904,,7811.530,,,9.408,,,,9.034,,200,0,0,0,10,"Database completion is approximated by HTTP response completion. Server broadcast timestamp, client-store update, and browser render were not instrumented and remain blank."
realtime_final,c1007231c2bf1dc77091bb381df5462de3dd6b6f,10,8,6,comment_delete,comment_deleted,measured_warm,node_websocket_client_timing,7802.496,7811.904,,7811.574,,,9.408,,,,9.078,,200,0,0,0,10,"Database completion is approximated by HTTP response completion. Server broadcast timestamp, client-store update, and browser render were not instrumented and remain blank."
realtime_final,c1007231c2bf1dc77091bb381df5462de3dd6b6f,10,8,7,comment_delete,comment_deleted,measured_warm,node_websocket_client_timing,7802.496,7811.904,,7811.589,,,9.408,,,,9.093,,200,0,0,0,10,"Database completion is approximated by HTTP response completion. Server broadcast timestamp, client-store update, and browser render were not instrumented and remain blank."
realtime_final,c1007231c2bf1dc77091bb381df5462de3dd6b6f,10,8,8,comment_delete,comment_deleted,measured_warm,node_websocket_client_timing,7802.496,7811.904,,7811.598,,,9.408,,,,9.103,,200,0,0,0,10,"Database completion is approximated by HTTP response completion. Server broadcast timestamp, client-store update, and browser render were not instrumented and remain blank."
realtime_final,c1007231c2bf1dc77091bb381df5462de3dd6b6f,10,8,9,comment_delete,comment_deleted,measured_warm,node_websocket_client_timing,7802.496,7811.904,,7811.607,,,9.408,,,,9.111,,200,0,0,0,10,"Database completion is approximated by HTTP response completion. Server broadcast timestamp, client-store update, and browser render were not instrumented and remain blank."
realtime_final,c1007231c2bf1dc77091bb381df5462de3dd6b6f,10,8,10,comment_delete,comment_deleted,measured_warm,node_websocket_client_timing,7802.496,7811.904,,7811.623,,,9.408,,,,9.127,,200,0,0,0,10,"Database completion is approximated by HTTP response completion. Server broadcast timestamp, client-store update, and browser render were not instrumented and remain blank."
realtime_final,c1007231c2bf1dc77091bb381df5462de3dd6b6f,10,9,1,comment_create,new_comment,measured_warm,node_websocket_client_timing,7848.121,7858.306,,7857.877,,,10.186,,,,9.757,,201,0,0,0,10,"Database completion is approximated by HTTP response completion. Server broadcast timestamp, client-store update, and browser render were not instrumented and remain blank."
realtime_final,c1007231c2bf1dc77091bb381df5462de3dd6b6f,10,9,2,comment_create,new_comment,measured_warm,node_websocket_client_timing,7848.121,7858.306,,7857.913,,,10.186,,,,9.792,,201,0,0,0,10,"Database completion is approximated by HTTP response completion. Server broadcast timestamp, client-store update, and browser render were not instrumented and remain blank."
realtime_final,c1007231c2bf1dc77091bb381df5462de3dd6b6f,10,9,3,comment_create,new_comment,measured_warm,node_websocket_client_timing,7848.121,7858.306,,7857.932,,,10.186,,,,9.811,,201,0,0,0,10,"Database completion is approximated by HTTP response completion. Server broadcast timestamp, client-store update, and browser render were not instrumented and remain blank."
realtime_final,c1007231c2bf1dc77091bb381df5462de3dd6b6f,10,9,4,comment_create,new_comment,measured_warm,node_websocket_client_timing,7848.121,7858.306,,7857.943,,,10.186,,,,9.822,,201,0,0,0,10,"Database completion is approximated by HTTP response completion. Server broadcast timestamp, client-store update, and browser render were not instrumented and remain blank."
realtime_final,c1007231c2bf1dc77091bb381df5462de3dd6b6f,10,9,5,comment_create,new_comment,measured_warm,node_websocket_client_timing,7848.121,7858.306,,7857.954,,,10.186,,,,9.833,,201,0,0,0,10,"Database completion is approximated by HTTP response completion. Server broadcast timestamp, client-store update, and browser render were not instrumented and remain blank."
realtime_final,c1007231c2bf1dc77091bb381df5462de3dd6b6f,10,9,6,comment_create,new_comment,measured_warm,node_websocket_client_timing,7848.121,7858.306,,7857.965,,,10.186,,,,9.844,,201,0,0,0,10,"Database completion is approximated by HTTP response completion. Server broadcast timestamp, client-store update, and browser render were not instrumented and remain blank."
realtime_final,c1007231c2bf1dc77091bb381df5462de3dd6b6f,10,9,7,comment_create,new_comment,measured_warm,node_websocket_client_timing,7848.121,7858.306,,7857.975,,,10.186,,,,9.855,,201,0,0,0,10,"Database completion is approximated by HTTP response completion. Server broadcast timestamp, client-store update, and browser render were not instrumented and remain blank."
realtime_final,c1007231c2bf1dc77091bb381df5462de3dd6b6f,10,9,8,comment_create,new_comment,measured_warm,node_websocket_client_timing,7848.121,7858.306,,7857.987,,,10.186,,,,9.866,,201,0,0,0,10,"Database completion is approximated by HTTP response completion. Server broadcast timestamp, client-store update, and browser render were not instrumented and remain blank."
realtime_final,c1007231c2bf1dc77091bb381df5462de3dd6b6f,10,9,9,comment_create,new_comment,measured_warm,node_websocket_client_timing,7848.121,7858.306,,7857.997,,,10.186,,,,9.876,,201,0,0,0,10,"Database completion is approximated by HTTP response completion. Server broadcast timestamp, client-store update, and browser render were not instrumented and remain blank."
realtime_final,c1007231c2bf1dc77091bb381df5462de3dd6b6f,10,9,10,comment_create,new_comment,measured_warm,node_websocket_client_timing,7848.121,7858.306,,7858.012,,,10.186,,,,9.891,,201,0,0,0,10,"Database completion is approximated by HTTP response completion. Server broadcast timestamp, client-store update, and browser render were not instrumented and remain blank."
realtime_final,c1007231c2bf1dc77091bb381df5462de3dd6b6f,10,9,1,comment_edit,comment_updated,measured_warm,node_websocket_client_timing,7893.946,7903.780,,7903.340,,,9.834,,,,9.395,,200,0,0,0,10,"Database completion is approximated by HTTP response completion. Server broadcast timestamp, client-store update, and browser render were not instrumented and remain blank."
realtime_final,c1007231c2bf1dc77091bb381df5462de3dd6b6f,10,9,2,comment_edit,comment_updated,measured_warm,node_websocket_client_timing,7893.946,7903.780,,7903.381,,,9.834,,,,9.435,,200,0,0,0,10,"Database completion is approximated by HTTP response completion. Server broadcast timestamp, client-store update, and browser render were not instrumented and remain blank."
realtime_final,c1007231c2bf1dc77091bb381df5462de3dd6b6f,10,9,3,comment_edit,comment_updated,measured_warm,node_websocket_client_timing,7893.946,7903.780,,7903.394,,,9.834,,,,9.448,,200,0,0,0,10,"Database completion is approximated by HTTP response completion. Server broadcast timestamp, client-store update, and browser render were not instrumented and remain blank."
realtime_final,c1007231c2bf1dc77091bb381df5462de3dd6b6f,10,9,4,comment_edit,comment_updated,measured_warm,node_websocket_client_timing,7893.946,7903.780,,7903.405,,,9.834,,,,9.459,,200,0,0,0,10,"Database completion is approximated by HTTP response completion. Server broadcast timestamp, client-store update, and browser render were not instrumented and remain blank."
realtime_final,c1007231c2bf1dc77091bb381df5462de3dd6b6f,10,9,5,comment_edit,comment_updated,measured_warm,node_websocket_client_timing,7893.946,7903.780,,7903.416,,,9.834,,,,9.470,,200,0,0,0,10,"Database completion is approximated by HTTP response completion. Server broadcast timestamp, client-store update, and browser render were not instrumented and remain blank."
realtime_final,c1007231c2bf1dc77091bb381df5462de3dd6b6f,10,9,6,comment_edit,comment_updated,measured_warm,node_websocket_client_timing,7893.946,7903.780,,7903.428,,,9.834,,,,9.482,,200,0,0,0,10,"Database completion is approximated by HTTP response completion. Server broadcast timestamp, client-store update, and browser render were not instrumented and remain blank."
realtime_final,c1007231c2bf1dc77091bb381df5462de3dd6b6f,10,9,7,comment_edit,comment_updated,measured_warm,node_websocket_client_timing,7893.946,7903.780,,7903.438,,,9.834,,,,9.492,,200,0,0,0,10,"Database completion is approximated by HTTP response completion. Server broadcast timestamp, client-store update, and browser render were not instrumented and remain blank."
realtime_final,c1007231c2bf1dc77091bb381df5462de3dd6b6f,10,9,8,comment_edit,comment_updated,measured_warm,node_websocket_client_timing,7893.946,7903.780,,7903.449,,,9.834,,,,9.503,,200,0,0,0,10,"Database completion is approximated by HTTP response completion. Server broadcast timestamp, client-store update, and browser render were not instrumented and remain blank."
realtime_final,c1007231c2bf1dc77091bb381df5462de3dd6b6f,10,9,9,comment_edit,comment_updated,measured_warm,node_websocket_client_timing,7893.946,7903.780,,7903.460,,,9.834,,,,9.514,,200,0,0,0,10,"Database completion is approximated by HTTP response completion. Server broadcast timestamp, client-store update, and browser render were not instrumented and remain blank."
realtime_final,c1007231c2bf1dc77091bb381df5462de3dd6b6f,10,9,10,comment_edit,comment_updated,measured_warm,node_websocket_client_timing,7893.946,7903.780,,7903.493,,,9.834,,,,9.547,,200,0,0,0,10,"Database completion is approximated by HTTP response completion. Server broadcast timestamp, client-store update, and browser render were not instrumented and remain blank."
realtime_final,c1007231c2bf1dc77091bb381df5462de3dd6b6f,10,9,1,rating_update,rating_updated,measured_warm,node_websocket_client_timing,7940.232,7952.212,,7951.646,,,11.980,,,,11.414,,200,0,0,0,10,"Database completion is approximated by HTTP response completion. Server broadcast timestamp, client-store update, and browser render were not instrumented and remain blank."
realtime_final,c1007231c2bf1dc77091bb381df5462de3dd6b6f,10,9,2,rating_update,rating_updated,measured_warm,node_websocket_client_timing,7940.232,7952.212,,7951.705,,,11.980,,,,11.472,,200,0,0,0,10,"Database completion is approximated by HTTP response completion. Server broadcast timestamp, client-store update, and browser render were not instrumented and remain blank."
realtime_final,c1007231c2bf1dc77091bb381df5462de3dd6b6f,10,9,3,rating_update,rating_updated,measured_warm,node_websocket_client_timing,7940.232,7952.212,,7951.719,,,11.980,,,,11.487,,200,0,0,0,10,"Database completion is approximated by HTTP response completion. Server broadcast timestamp, client-store update, and browser render were not instrumented and remain blank."
realtime_final,c1007231c2bf1dc77091bb381df5462de3dd6b6f,10,9,4,rating_update,rating_updated,measured_warm,node_websocket_client_timing,7940.232,7952.212,,7951.732,,,11.980,,,,11.500,,200,0,0,0,10,"Database completion is approximated by HTTP response completion. Server broadcast timestamp, client-store update, and browser render were not instrumented and remain blank."
realtime_final,c1007231c2bf1dc77091bb381df5462de3dd6b6f,10,9,5,rating_update,rating_updated,measured_warm,node_websocket_client_timing,7940.232,7952.212,,7951.745,,,11.980,,,,11.512,,200,0,0,0,10,"Database completion is approximated by HTTP response completion. Server broadcast timestamp, client-store update, and browser render were not instrumented and remain blank."
realtime_final,c1007231c2bf1dc77091bb381df5462de3dd6b6f,10,9,6,rating_update,rating_updated,measured_warm,node_websocket_client_timing,7940.232,7952.212,,7951.758,,,11.980,,,,11.526,,200,0,0,0,10,"Database completion is approximated by HTTP response completion. Server broadcast timestamp, client-store update, and browser render were not instrumented and remain blank."
realtime_final,c1007231c2bf1dc77091bb381df5462de3dd6b6f,10,9,7,rating_update,rating_updated,measured_warm,node_websocket_client_timing,7940.232,7952.212,,7951.770,,,11.980,,,,11.538,,200,0,0,0,10,"Database completion is approximated by HTTP response completion. Server broadcast timestamp, client-store update, and browser render were not instrumented and remain blank."
realtime_final,c1007231c2bf1dc77091bb381df5462de3dd6b6f,10,9,8,rating_update,rating_updated,measured_warm,node_websocket_client_timing,7940.232,7952.212,,7951.781,,,11.980,,,,11.549,,200,0,0,0,10,"Database completion is approximated by HTTP response completion. Server broadcast timestamp, client-store update, and browser render were not instrumented and remain blank."
realtime_final,c1007231c2bf1dc77091bb381df5462de3dd6b6f,10,9,9,rating_update,rating_updated,measured_warm,node_websocket_client_timing,7940.232,7952.212,,7951.855,,,11.980,,,,11.622,,200,0,0,0,10,"Database completion is approximated by HTTP response completion. Server broadcast timestamp, client-store update, and browser render were not instrumented and remain blank."
realtime_final,c1007231c2bf1dc77091bb381df5462de3dd6b6f,10,9,10,rating_update,rating_updated,measured_warm,node_websocket_client_timing,7940.232,7952.212,,7951.889,,,11.980,,,,11.657,,200,0,0,0,10,"Database completion is approximated by HTTP response completion. Server broadcast timestamp, client-store update, and browser render were not instrumented and remain blank."
realtime_final,c1007231c2bf1dc77091bb381df5462de3dd6b6f,10,9,1,comment_delete,comment_deleted,measured_warm,node_websocket_client_timing,7985.191,7994.296,,7993.754,,,9.104,,,,8.563,,200,0,0,0,10,"Database completion is approximated by HTTP response completion. Server broadcast timestamp, client-store update, and browser render were not instrumented and remain blank."
realtime_final,c1007231c2bf1dc77091bb381df5462de3dd6b6f,10,9,2,comment_delete,comment_deleted,measured_warm,node_websocket_client_timing,7985.191,7994.296,,7993.809,,,9.104,,,,8.618,,200,0,0,0,10,"Database completion is approximated by HTTP response completion. Server broadcast timestamp, client-store update, and browser render were not instrumented and remain blank."
realtime_final,c1007231c2bf1dc77091bb381df5462de3dd6b6f,10,9,3,comment_delete,comment_deleted,measured_warm,node_websocket_client_timing,7985.191,7994.296,,7993.823,,,9.104,,,,8.631,,200,0,0,0,10,"Database completion is approximated by HTTP response completion. Server broadcast timestamp, client-store update, and browser render were not instrumented and remain blank."
realtime_final,c1007231c2bf1dc77091bb381df5462de3dd6b6f,10,9,4,comment_delete,comment_deleted,measured_warm,node_websocket_client_timing,7985.191,7994.296,,7993.834,,,9.104,,,,8.643,,200,0,0,0,10,"Database completion is approximated by HTTP response completion. Server broadcast timestamp, client-store update, and browser render were not instrumented and remain blank."
realtime_final,c1007231c2bf1dc77091bb381df5462de3dd6b6f,10,9,5,comment_delete,comment_deleted,measured_warm,node_websocket_client_timing,7985.191,7994.296,,7993.846,,,9.104,,,,8.655,,200,0,0,0,10,"Database completion is approximated by HTTP response completion. Server broadcast timestamp, client-store update, and browser render were not instrumented and remain blank."
realtime_final,c1007231c2bf1dc77091bb381df5462de3dd6b6f,10,9,6,comment_delete,comment_deleted,measured_warm,node_websocket_client_timing,7985.191,7994.296,,7993.862,,,9.104,,,,8.671,,200,0,0,0,10,"Database completion is approximated by HTTP response completion. Server broadcast timestamp, client-store update, and browser render were not instrumented and remain blank."
realtime_final,c1007231c2bf1dc77091bb381df5462de3dd6b6f,10,9,7,comment_delete,comment_deleted,measured_warm,node_websocket_client_timing,7985.191,7994.296,,7993.873,,,9.104,,,,8.682,,200,0,0,0,10,"Database completion is approximated by HTTP response completion. Server broadcast timestamp, client-store update, and browser render were not instrumented and remain blank."
realtime_final,c1007231c2bf1dc77091bb381df5462de3dd6b6f,10,9,8,comment_delete,comment_deleted,measured_warm,node_websocket_client_timing,7985.191,7994.296,,7993.885,,,9.104,,,,8.694,,200,0,0,0,10,"Database completion is approximated by HTTP response completion. Server broadcast timestamp, client-store update, and browser render were not instrumented and remain blank."
realtime_final,c1007231c2bf1dc77091bb381df5462de3dd6b6f,10,9,9,comment_delete,comment_deleted,measured_warm,node_websocket_client_timing,7985.191,7994.296,,7993.896,,,9.104,,,,8.705,,200,0,0,0,10,"Database completion is approximated by HTTP response completion. Server broadcast timestamp, client-store update, and browser render were not instrumented and remain blank."
realtime_final,c1007231c2bf1dc77091bb381df5462de3dd6b6f,10,9,10,comment_delete,comment_deleted,measured_warm,node_websocket_client_timing,7985.191,7994.296,,7993.934,,,9.104,,,,8.743,,200,0,0,0,10,"Database completion is approximated by HTTP response completion. Server broadcast timestamp, client-store update, and browser render were not instrumented and remain blank."
realtime_final,c1007231c2bf1dc77091bb381df5462de3dd6b6f,10,10,1,comment_create,new_comment,measured_warm,node_websocket_client_timing,8031.147,8040.535,,8040.094,,,9.387,,,,8.947,,201,0,0,0,10,"Database completion is approximated by HTTP response completion. Server broadcast timestamp, client-store update, and browser render were not instrumented and remain blank."
realtime_final,c1007231c2bf1dc77091bb381df5462de3dd6b6f,10,10,2,comment_create,new_comment,measured_warm,node_websocket_client_timing,8031.147,8040.535,,8040.134,,,9.387,,,,8.987,,201,0,0,0,10,"Database completion is approximated by HTTP response completion. Server broadcast timestamp, client-store update, and browser render were not instrumented and remain blank."
realtime_final,c1007231c2bf1dc77091bb381df5462de3dd6b6f,10,10,3,comment_create,new_comment,measured_warm,node_websocket_client_timing,8031.147,8040.535,,8040.146,,,9.387,,,,8.999,,201,0,0,0,10,"Database completion is approximated by HTTP response completion. Server broadcast timestamp, client-store update, and browser render were not instrumented and remain blank."
realtime_final,c1007231c2bf1dc77091bb381df5462de3dd6b6f,10,10,4,comment_create,new_comment,measured_warm,node_websocket_client_timing,8031.147,8040.535,,8040.157,,,9.387,,,,9.010,,201,0,0,0,10,"Database completion is approximated by HTTP response completion. Server broadcast timestamp, client-store update, and browser render were not instrumented and remain blank."
realtime_final,c1007231c2bf1dc77091bb381df5462de3dd6b6f,10,10,5,comment_create,new_comment,measured_warm,node_websocket_client_timing,8031.147,8040.535,,8040.181,,,9.387,,,,9.034,,201,0,0,0,10,"Database completion is approximated by HTTP response completion. Server broadcast timestamp, client-store update, and browser render were not instrumented and remain blank."
realtime_final,c1007231c2bf1dc77091bb381df5462de3dd6b6f,10,10,6,comment_create,new_comment,measured_warm,node_websocket_client_timing,8031.147,8040.535,,8040.195,,,9.387,,,,9.048,,201,0,0,0,10,"Database completion is approximated by HTTP response completion. Server broadcast timestamp, client-store update, and browser render were not instrumented and remain blank."
realtime_final,c1007231c2bf1dc77091bb381df5462de3dd6b6f,10,10,7,comment_create,new_comment,measured_warm,node_websocket_client_timing,8031.147,8040.535,,8040.206,,,9.387,,,,9.058,,201,0,0,0,10,"Database completion is approximated by HTTP response completion. Server broadcast timestamp, client-store update, and browser render were not instrumented and remain blank."
realtime_final,c1007231c2bf1dc77091bb381df5462de3dd6b6f,10,10,8,comment_create,new_comment,measured_warm,node_websocket_client_timing,8031.147,8040.535,,8040.215,,,9.387,,,,9.068,,201,0,0,0,10,"Database completion is approximated by HTTP response completion. Server broadcast timestamp, client-store update, and browser render were not instrumented and remain blank."
realtime_final,c1007231c2bf1dc77091bb381df5462de3dd6b6f,10,10,9,comment_create,new_comment,measured_warm,node_websocket_client_timing,8031.147,8040.535,,8040.242,,,9.387,,,,9.094,,201,0,0,0,10,"Database completion is approximated by HTTP response completion. Server broadcast timestamp, client-store update, and browser render were not instrumented and remain blank."
realtime_final,c1007231c2bf1dc77091bb381df5462de3dd6b6f,10,10,10,comment_create,new_comment,measured_warm,node_websocket_client_timing,8031.147,8040.535,,8040.314,,,9.387,,,,9.167,,201,0,0,0,10,"Database completion is approximated by HTTP response completion. Server broadcast timestamp, client-store update, and browser render were not instrumented and remain blank."
realtime_final,c1007231c2bf1dc77091bb381df5462de3dd6b6f,10,10,1,comment_edit,comment_updated,measured_warm,node_websocket_client_timing,8076.273,8085.602,,8085.148,,,9.328,,,,8.875,,200,0,0,0,10,"Database completion is approximated by HTTP response completion. Server broadcast timestamp, client-store update, and browser render were not instrumented and remain blank."
realtime_final,c1007231c2bf1dc77091bb381df5462de3dd6b6f,10,10,2,comment_edit,comment_updated,measured_warm,node_websocket_client_timing,8076.273,8085.602,,8085.190,,,9.328,,,,8.917,,200,0,0,0,10,"Database completion is approximated by HTTP response completion. Server broadcast timestamp, client-store update, and browser render were not instrumented and remain blank."
realtime_final,c1007231c2bf1dc77091bb381df5462de3dd6b6f,10,10,3,comment_edit,comment_updated,measured_warm,node_websocket_client_timing,8076.273,8085.602,,8085.214,,,9.328,,,,8.940,,200,0,0,0,10,"Database completion is approximated by HTTP response completion. Server broadcast timestamp, client-store update, and browser render were not instrumented and remain blank."
realtime_final,c1007231c2bf1dc77091bb381df5462de3dd6b6f,10,10,4,comment_edit,comment_updated,measured_warm,node_websocket_client_timing,8076.273,8085.602,,8085.226,,,9.328,,,,8.952,,200,0,0,0,10,"Database completion is approximated by HTTP response completion. Server broadcast timestamp, client-store update, and browser render were not instrumented and remain blank."
realtime_final,c1007231c2bf1dc77091bb381df5462de3dd6b6f,10,10,5,comment_edit,comment_updated,measured_warm,node_websocket_client_timing,8076.273,8085.602,,8085.238,,,9.328,,,,8.965,,200,0,0,0,10,"Database completion is approximated by HTTP response completion. Server broadcast timestamp, client-store update, and browser render were not instrumented and remain blank."
realtime_final,c1007231c2bf1dc77091bb381df5462de3dd6b6f,10,10,6,comment_edit,comment_updated,measured_warm,node_websocket_client_timing,8076.273,8085.602,,8085.250,,,9.328,,,,8.976,,200,0,0,0,10,"Database completion is approximated by HTTP response completion. Server broadcast timestamp, client-store update, and browser render were not instrumented and remain blank."
realtime_final,c1007231c2bf1dc77091bb381df5462de3dd6b6f,10,10,7,comment_edit,comment_updated,measured_warm,node_websocket_client_timing,8076.273,8085.602,,8085.264,,,9.328,,,,8.991,,200,0,0,0,10,"Database completion is approximated by HTTP response completion. Server broadcast timestamp, client-store update, and browser render were not instrumented and remain blank."
realtime_final,c1007231c2bf1dc77091bb381df5462de3dd6b6f,10,10,8,comment_edit,comment_updated,measured_warm,node_websocket_client_timing,8076.273,8085.602,,8085.275,,,9.328,,,,9.002,,200,0,0,0,10,"Database completion is approximated by HTTP response completion. Server broadcast timestamp, client-store update, and browser render were not instrumented and remain blank."
realtime_final,c1007231c2bf1dc77091bb381df5462de3dd6b6f,10,10,9,comment_edit,comment_updated,measured_warm,node_websocket_client_timing,8076.273,8085.602,,8085.285,,,9.328,,,,9.012,,200,0,0,0,10,"Database completion is approximated by HTTP response completion. Server broadcast timestamp, client-store update, and browser render were not instrumented and remain blank."
realtime_final,c1007231c2bf1dc77091bb381df5462de3dd6b6f,10,10,10,comment_edit,comment_updated,measured_warm,node_websocket_client_timing,8076.273,8085.602,,8085.303,,,9.328,,,,9.030,,200,0,0,0,10,"Database completion is approximated by HTTP response completion. Server broadcast timestamp, client-store update, and browser render were not instrumented and remain blank."
realtime_final,c1007231c2bf1dc77091bb381df5462de3dd6b6f,10,10,1,rating_update,rating_updated,measured_warm,node_websocket_client_timing,8122.333,8138.240,,8137.013,,,15.908,,,,14.680,,200,0,0,0,10,"Database completion is approximated by HTTP response completion. Server broadcast timestamp, client-store update, and browser render were not instrumented and remain blank."
realtime_final,c1007231c2bf1dc77091bb381df5462de3dd6b6f,10,10,2,rating_update,rating_updated,measured_warm,node_websocket_client_timing,8122.333,8138.240,,8137.055,,,15.908,,,,14.722,,200,0,0,0,10,"Database completion is approximated by HTTP response completion. Server broadcast timestamp, client-store update, and browser render were not instrumented and remain blank."
realtime_final,c1007231c2bf1dc77091bb381df5462de3dd6b6f,10,10,3,rating_update,rating_updated,measured_warm,node_websocket_client_timing,8122.333,8138.240,,8137.066,,,15.908,,,,14.734,,200,0,0,0,10,"Database completion is approximated by HTTP response completion. Server broadcast timestamp, client-store update, and browser render were not instrumented and remain blank."
realtime_final,c1007231c2bf1dc77091bb381df5462de3dd6b6f,10,10,4,rating_update,rating_updated,measured_warm,node_websocket_client_timing,8122.333,8138.240,,8137.077,,,15.908,,,,14.744,,200,0,0,0,10,"Database completion is approximated by HTTP response completion. Server broadcast timestamp, client-store update, and browser render were not instrumented and remain blank."
realtime_final,c1007231c2bf1dc77091bb381df5462de3dd6b6f,10,10,5,rating_update,rating_updated,measured_warm,node_websocket_client_timing,8122.333,8138.240,,8137.093,,,15.908,,,,14.760,,200,0,0,0,10,"Database completion is approximated by HTTP response completion. Server broadcast timestamp, client-store update, and browser render were not instrumented and remain blank."
realtime_final,c1007231c2bf1dc77091bb381df5462de3dd6b6f,10,10,6,rating_update,rating_updated,measured_warm,node_websocket_client_timing,8122.333,8138.240,,8137.104,,,15.908,,,,14.771,,200,0,0,0,10,"Database completion is approximated by HTTP response completion. Server broadcast timestamp, client-store update, and browser render were not instrumented and remain blank."
realtime_final,c1007231c2bf1dc77091bb381df5462de3dd6b6f,10,10,7,rating_update,rating_updated,measured_warm,node_websocket_client_timing,8122.333,8138.240,,8137.295,,,15.908,,,,14.962,,200,0,0,0,10,"Database completion is approximated by HTTP response completion. Server broadcast timestamp, client-store update, and browser render were not instrumented and remain blank."
realtime_final,c1007231c2bf1dc77091bb381df5462de3dd6b6f,10,10,8,rating_update,rating_updated,measured_warm,node_websocket_client_timing,8122.333,8138.240,,8137.321,,,15.908,,,,14.988,,200,0,0,0,10,"Database completion is approximated by HTTP response completion. Server broadcast timestamp, client-store update, and browser render were not instrumented and remain blank."
realtime_final,c1007231c2bf1dc77091bb381df5462de3dd6b6f,10,10,9,rating_update,rating_updated,measured_warm,node_websocket_client_timing,8122.333,8138.240,,8137.336,,,15.908,,,,15.003,,200,0,0,0,10,"Database completion is approximated by HTTP response completion. Server broadcast timestamp, client-store update, and browser render were not instrumented and remain blank."
realtime_final,c1007231c2bf1dc77091bb381df5462de3dd6b6f,10,10,10,rating_update,rating_updated,measured_warm,node_websocket_client_timing,8122.333,8138.240,,8137.352,,,15.908,,,,15.019,,200,0,0,0,10,"Database completion is approximated by HTTP response completion. Server broadcast timestamp, client-store update, and browser render were not instrumented and remain blank."
realtime_final,c1007231c2bf1dc77091bb381df5462de3dd6b6f,10,10,1,comment_delete,comment_deleted,measured_warm,node_websocket_client_timing,8183.557,8193.196,,8192.693,,,9.639,,,,9.136,,200,0,0,0,10,"Database completion is approximated by HTTP response completion. Server broadcast timestamp, client-store update, and browser render were not instrumented and remain blank."
realtime_final,c1007231c2bf1dc77091bb381df5462de3dd6b6f,10,10,2,comment_delete,comment_deleted,measured_warm,node_websocket_client_timing,8183.557,8193.196,,8192.739,,,9.639,,,,9.182,,200,0,0,0,10,"Database completion is approximated by HTTP response completion. Server broadcast timestamp, client-store update, and browser render were not instrumented and remain blank."
realtime_final,c1007231c2bf1dc77091bb381df5462de3dd6b6f,10,10,3,comment_delete,comment_deleted,measured_warm,node_websocket_client_timing,8183.557,8193.196,,8192.751,,,9.639,,,,9.194,,200,0,0,0,10,"Database completion is approximated by HTTP response completion. Server broadcast timestamp, client-store update, and browser render were not instrumented and remain blank."
realtime_final,c1007231c2bf1dc77091bb381df5462de3dd6b6f,10,10,4,comment_delete,comment_deleted,measured_warm,node_websocket_client_timing,8183.557,8193.196,,8192.763,,,9.639,,,,9.206,,200,0,0,0,10,"Database completion is approximated by HTTP response completion. Server broadcast timestamp, client-store update, and browser render were not instrumented and remain blank."
realtime_final,c1007231c2bf1dc77091bb381df5462de3dd6b6f,10,10,5,comment_delete,comment_deleted,measured_warm,node_websocket_client_timing,8183.557,8193.196,,8192.775,,,9.639,,,,9.218,,200,0,0,0,10,"Database completion is approximated by HTTP response completion. Server broadcast timestamp, client-store update, and browser render were not instrumented and remain blank."
realtime_final,c1007231c2bf1dc77091bb381df5462de3dd6b6f,10,10,6,comment_delete,comment_deleted,measured_warm,node_websocket_client_timing,8183.557,8193.196,,8192.788,,,9.639,,,,9.231,,200,0,0,0,10,"Database completion is approximated by HTTP response completion. Server broadcast timestamp, client-store update, and browser render were not instrumented and remain blank."
realtime_final,c1007231c2bf1dc77091bb381df5462de3dd6b6f,10,10,7,comment_delete,comment_deleted,measured_warm,node_websocket_client_timing,8183.557,8193.196,,8192.799,,,9.639,,,,9.242,,200,0,0,0,10,"Database completion is approximated by HTTP response completion. Server broadcast timestamp, client-store update, and browser render were not instrumented and remain blank."
realtime_final,c1007231c2bf1dc77091bb381df5462de3dd6b6f,10,10,8,comment_delete,comment_deleted,measured_warm,node_websocket_client_timing,8183.557,8193.196,,8192.810,,,9.639,,,,9.253,,200,0,0,0,10,"Database completion is approximated by HTTP response completion. Server broadcast timestamp, client-store update, and browser render were not instrumented and remain blank."
realtime_final,c1007231c2bf1dc77091bb381df5462de3dd6b6f,10,10,9,comment_delete,comment_deleted,measured_warm,node_websocket_client_timing,8183.557,8193.196,,8192.820,,,9.639,,,,9.264,,200,0,0,0,10,"Database completion is approximated by HTTP response completion. Server broadcast timestamp, client-store update, and browser render were not instrumented and remain blank."
realtime_final,c1007231c2bf1dc77091bb381df5462de3dd6b6f,10,10,10,comment_delete,comment_deleted,measured_warm,node_websocket_client_timing,8183.557,8193.196,,8192.909,,,9.639,,,,9.352,,200,0,0,0,10,"Database completion is approximated by HTTP response completion. Server broadcast timestamp, client-store update, and browser render were not instrumented and remain blank."
