version_id,viewer_count,operation,total_event_to_receive_ms,latency_unit,sample_size,run_type,evidence_type,caveat
realtime_final,1,comment_create,13.060,ms,1,measured_warm,node_websocket_client_timing,"Database completion is approximated by HTTP response completion. Server broadcast timestamp, client-store update, and browser render were not instrumented and remain blank."
realtime_final,1,comment_edit,11.223,ms,1,measured_warm,node_websocket_client_timing,"Database completion is approximated by HTTP response completion. Server broadcast timestamp, client-store update, and browser render were not instrumented and remain blank."
realtime_final,1,rating_update,9.572,ms,1,measured_warm,node_websocket_client_timing,"Database completion is approximated by HTTP response completion. Server broadcast timestamp, client-store update, and browser render were not instrumented and remain blank."
realtime_final,1,comment_delete,10.136,ms,1,measured_warm,node_websocket_client_timing,"Database completion is approximated by HTTP response completion. Server broadcast timestamp, client-store update, and browser render were not instrumented and remain blank."
realtime_final,1,comment_create,10.290,ms,1,measured_warm,node_websocket_client_timing,"Database completion is approximated by HTTP response completion. Server broadcast timestamp, client-store update, and browser render were not instrumented and remain blank."
realtime_final,1,comment_edit,11.013,ms,1,measured_warm,node_websocket_client_timing,"Database completion is approximated by HTTP response completion. Server broadcast timestamp, client-store update, and browser render were not instrumented and remain blank."
realtime_final,1,rating_update,18.316,ms,1,measured_warm,node_websocket_client_timing,"Database completion is approximated by HTTP response completion. Server broadcast timestamp, client-store update, and browser render were not instrumented and remain blank."
realtime_final,1,comment_delete,9.288,ms,1,measured_warm,node_websocket_client_timing,"Database completion is approximated by HTTP response completion. Server broadcast timestamp, client-store update, and browser render were not instrumented and remain blank."
realtime_final,1,comment_create,10.852,ms,1,measured_warm,node_websocket_client_timing,"Database completion is approximated by HTTP response completion. Server broadcast timestamp, client-store update, and browser render were not instrumented and remain blank."
realtime_final,1,comment_edit,18.859,ms,1,measured_warm,node_websocket_client_timing,"Database completion is approximated by HTTP response completion. Server broadcast timestamp, client-store update, and browser render were not instrumented and remain blank."
realtime_final,1,rating_update,12.626,ms,1,measured_warm,node_websocket_client_timing,"Database completion is approximated by HTTP response completion. Server broadcast timestamp, client-store update, and browser render were not instrumented and remain blank."
realtime_final,1,comment_delete,10.746,ms,1,measured_warm,node_websocket_client_timing,"Database completion is approximated by HTTP response completion. Server broadcast timestamp, client-store update, and browser render were not instrumented and remain blank."
realtime_final,1,comment_create,9.867,ms,1,measured_warm,node_websocket_client_timing,"Database completion is approximated by HTTP response completion. Server broadcast timestamp, client-store update, and browser render were not instrumented and remain blank."
realtime_final,1,comment_edit,12.123,ms,1,measured_warm,node_websocket_client_timing,"Database completion is approximated by HTTP response completion. Server broadcast timestamp, client-store update, and browser render were not instrumented and remain blank."
realtime_final,1,rating_update,12.206,ms,1,measured_warm,node_websocket_client_timing,"Database completion is approximated by HTTP response completion. Server broadcast timestamp, client-store update, and browser render were not instrumented and remain blank."
realtime_final,1,comment_delete,36.299,ms,1,measured_warm,node_websocket_client_timing,"Database completion is approximated by HTTP response completion. Server broadcast timestamp, client-store update, and browser render were not instrumented and remain blank."
realtime_final,1,comment_create,10.572,ms,1,measured_warm,node_websocket_client_timing,"Database completion is approximated by HTTP response completion. Server broadcast timestamp, client-store update, and browser render were not instrumented and remain blank."
realtime_final,1,comment_edit,38.124,ms,1,measured_warm,node_websocket_client_timing,"Database completion is approximated by HTTP response completion. Server broadcast timestamp, client-store update, and browser render were not instrumented and remain blank."
realtime_final,1,rating_update,14.780,ms,1,measured_warm,node_websocket_client_timing,"Database completion is approximated by HTTP response completion. Server broadcast timestamp, client-store update, and browser render were not instrumented and remain blank."
realtime_final,1,comment_delete,11.295,ms,1,measured_warm,node_websocket_client_timing,"Database completion is approximated by HTTP response completion. Server broadcast timestamp, client-store update, and browser render were not instrumented and remain blank."
realtime_final,1,comment_create,10.725,ms,1,measured_warm,node_websocket_client_timing,"Database completion is approximated by HTTP response completion. Server broadcast timestamp, client-store update, and browser render were not instrumented and remain blank."
realtime_final,1,comment_edit,10.964,ms,1,measured_warm,node_websocket_client_timing,"Database completion is approximated by HTTP response completion. Server broadcast timestamp, client-store update, and browser render were not instrumented and remain blank."
realtime_final,1,rating_update,12.226,ms,1,measured_warm,node_websocket_client_timing,"Database completion is approximated by HTTP response completion. Server broadcast timestamp, client-store update, and browser render were not instrumented and remain blank."
realtime_final,1,comment_delete,10.970,ms,1,measured_warm,node_websocket_client_timing,"Database completion is approximated by HTTP response completion. Server broadcast timestamp, client-store update, and browser render were not instrumented and remain blank."
realtime_final,1,comment_create,11.065,ms,1,measured_warm,node_websocket_client_timing,"Database completion is approximated by HTTP response completion. Server broadcast timestamp, client-store update, and browser render were not instrumented and remain blank."
realtime_final,1,comment_edit,12.018,ms,1,measured_warm,node_websocket_client_timing,"Database completion is approximated by HTTP response completion. Server broadcast timestamp, client-store update, and browser render were not instrumented and remain blank."
realtime_final,1,rating_update,9.796,ms,1,measured_warm,node_websocket_client_timing,"Database completion is approximated by HTTP response completion. Server broadcast timestamp, client-store update, and browser render were not instrumented and remain blank."
realtime_final,1,comment_delete,9.970,ms,1,measured_warm,node_websocket_client_timing,"Database completion is approximated by HTTP response completion. Server broadcast timestamp, client-store update, and browser render were not instrumented and remain blank."
realtime_final,1,comment_create,9.607,ms,1,measured_warm,node_websocket_client_timing,"Database completion is approximated by HTTP response completion. Server broadcast timestamp, client-store update, and browser render were not instrumented and remain blank."
realtime_final,1,comment_edit,10.042,ms,1,measured_warm,node_websocket_client_timing,"Database completion is approximated by HTTP response completion. Server broadcast timestamp, client-store update, and browser render were not instrumented and remain blank."
realtime_final,1,rating_update,11.331,ms,1,measured_warm,node_websocket_client_timing,"Database completion is approximated by HTTP response completion. Server broadcast timestamp, client-store update, and browser render were not instrumented and remain blank."
realtime_final,1,comment_delete,8.787,ms,1,measured_warm,node_websocket_client_timing,"Database completion is approximated by HTTP response completion. Server broadcast timestamp, client-store update, and browser render were not instrumented and remain blank."
realtime_final,1,comment_create,12.722,ms,1,measured_warm,node_websocket_client_timing,"Database completion is approximated by HTTP response completion. Server broadcast timestamp, client-store update, and browser render were not instrumented and remain blank."
realtime_final,1,comment_edit,9.887,ms,1,measured_warm,node_websocket_client_timing,"Database completion is approximated by HTTP response completion. Server broadcast timestamp, client-store update, and browser render were not instrumented and remain blank."
realtime_final,1,rating_update,16.905,ms,1,measured_warm,node_websocket_client_timing,"Database completion is approximated by HTTP response completion. Server broadcast timestamp, client-store update, and browser render were not instrumented and remain blank."
realtime_final,1,comment_delete,9.391,ms,1,measured_warm,node_websocket_client_timing,"Database completion is approximated by HTTP response completion. Server broadcast timestamp, client-store update, and browser render were not instrumented and remain blank."
realtime_final,1,comment_create,12.113,ms,1,measured_warm,node_websocket_client_timing,"Database completion is approximated by HTTP response completion. Server broadcast timestamp, client-store update, and browser render were not instrumented and remain blank."
realtime_final,1,comment_edit,26.262,ms,1,measured_warm,node_websocket_client_timing,"Database completion is approximated by HTTP response completion. Server broadcast timestamp, client-store update, and browser render were not instrumented and remain blank."
realtime_final,1,rating_update,15.063,ms,1,measured_warm,node_websocket_client_timing,"Database completion is approximated by HTTP response completion. Server broadcast timestamp, client-store update, and browser render were not instrumented and remain blank."
realtime_final,1,comment_delete,11.317,ms,1,measured_warm,node_websocket_client_timing,"Database completion is approximated by HTTP response completion. Server broadcast timestamp, client-store update, and browser render were not instrumented and remain blank."
realtime_final,5,comment_create,10.987,ms,1,measured_warm,node_websocket_client_timing,"Database completion is approximated by HTTP response completion. Server broadcast timestamp, client-store update, and browser render were not instrumented and remain blank."
realtime_final,5,comment_create,11.047,ms,1,measured_warm,node_websocket_client_timing,"Database completion is approximated by HTTP response completion. Server broadcast timestamp, client-store update, and browser render were not instrumented and remain blank."
realtime_final,5,comment_create,11.073,ms,1,measured_warm,node_websocket_client_timing,"Database completion is approximated by HTTP response completion. Server broadcast timestamp, client-store update, and browser render were not instrumented and remain blank."
realtime_final,5,comment_create,11.117,ms,1,measured_warm,node_websocket_client_timing,"Database completion is approximated by HTTP response completion. Server broadcast timestamp, client-store update, and browser render were not instrumented and remain blank."
realtime_final,5,comment_create,11.140,ms,1,measured_warm,node_websocket_client_timing,"Database completion is approximated by HTTP response completion. Server broadcast timestamp, client-store update, and browser render were not instrumented and remain blank."
realtime_final,5,comment_edit,12.159,ms,1,measured_warm,node_websocket_client_timing,"Database completion is approximated by HTTP response completion. Server broadcast timestamp, client-store update, and browser render were not instrumented and remain blank."
realtime_final,5,comment_edit,12.212,ms,1,measured_warm,node_websocket_client_timing,"Database completion is approximated by HTTP response completion. Server broadcast timestamp, client-store update, and browser render were not instrumented and remain blank."
realtime_final,5,comment_edit,12.231,ms,1,measured_warm,node_websocket_client_timing,"Database completion is approximated by HTTP response completion. Server broadcast timestamp, client-store update, and browser render were not instrumented and remain blank."
realtime_final,5,comment_edit,12.254,ms,1,measured_warm,node_websocket_client_timing,"Database completion is approximated by HTTP response completion. Server broadcast timestamp, client-store update, and browser render were not instrumented and remain blank."
realtime_final,5,comment_edit,12.275,ms,1,measured_warm,node_websocket_client_timing,"Database completion is approximated by HTTP response completion. Server broadcast timestamp, client-store update, and browser render were not instrumented and remain blank."
realtime_final,5,rating_update,44.992,ms,1,measured_warm,node_websocket_client_timing,"Database completion is approximated by HTTP response completion. Server broadcast timestamp, client-store update, and browser render were not instrumented and remain blank."
realtime_final,5,rating_update,45.041,ms,1,measured_warm,node_websocket_client_timing,"Database completion is approximated by HTTP response completion. Server broadcast timestamp, client-store update, and browser render were not instrumented and remain blank."
realtime_final,5,rating_update,45.064,ms,1,measured_warm,node_websocket_client_timing,"Database completion is approximated by HTTP response completion. Server broadcast timestamp, client-store update, and browser render were not instrumented and remain blank."
realtime_final,5,rating_update,45.083,ms,1,measured_warm,node_websocket_client_timing,"Database completion is approximated by HTTP response completion. Server broadcast timestamp, client-store update, and browser render were not instrumented and remain blank."
realtime_final,5,rating_update,45.100,ms,1,measured_warm,node_websocket_client_timing,"Database completion is approximated by HTTP response completion. Server broadcast timestamp, client-store update, and browser render were not instrumented and remain blank."
realtime_final,5,comment_delete,29.289,ms,1,measured_warm,node_websocket_client_timing,"Database completion is approximated by HTTP response completion. Server broadcast timestamp, client-store update, and browser render were not instrumented and remain blank."
realtime_final,5,comment_delete,29.343,ms,1,measured_warm,node_websocket_client_timing,"Database completion is approximated by HTTP response completion. Server broadcast timestamp, client-store update, and browser render were not instrumented and remain blank."
realtime_final,5,comment_delete,29.360,ms,1,measured_warm,node_websocket_client_timing,"Database completion is approximated by HTTP response completion. Server broadcast timestamp, client-store update, and browser render were not instrumented and remain blank."
realtime_final,5,comment_delete,29.374,ms,1,measured_warm,node_websocket_client_timing,"Database completion is approximated by HTTP response completion. Server broadcast timestamp, client-store update, and browser render were not instrumented and remain blank."
realtime_final,5,comment_delete,29.392,ms,1,measured_warm,node_websocket_client_timing,"Database completion is approximated by HTTP response completion. Server broadcast timestamp, client-store update, and browser render were not instrumented and remain blank."
realtime_final,5,comment_create,45.688,ms,1,measured_warm,node_websocket_client_timing,"Database completion is approximated by HTTP response completion. Server broadcast timestamp, client-store update, and browser render were not instrumented and remain blank."
realtime_final,5,comment_create,45.741,ms,1,measured_warm,node_websocket_client_timing,"Database completion is approximated by HTTP response completion. Server broadcast timestamp, client-store update, and browser render were not instrumented and remain blank."
realtime_final,5,comment_create,45.760,ms,1,measured_warm,node_websocket_client_timing,"Database completion is approximated by HTTP response completion. Server broadcast timestamp, client-store update, and browser render were not instrumented and remain blank."
realtime_final,5,comment_create,45.776,ms,1,measured_warm,node_websocket_client_timing,"Database completion is approximated by HTTP response completion. Server broadcast timestamp, client-store update, and browser render were not instrumented and remain blank."
realtime_final,5,comment_create,45.793,ms,1,measured_warm,node_websocket_client_timing,"Database completion is approximated by HTTP response completion. Server broadcast timestamp, client-store update, and browser render were not instrumented and remain blank."
realtime_final,5,comment_edit,13.478,ms,1,measured_warm,node_websocket_client_timing,"Database completion is approximated by HTTP response completion. Server broadcast timestamp, client-store update, and browser render were not instrumented and remain blank."
realtime_final,5,comment_edit,13.568,ms,1,measured_warm,node_websocket_client_timing,"Database completion is approximated by HTTP response completion. Server broadcast timestamp, client-store update, and browser render were not instrumented and remain blank."
realtime_final,5,comment_edit,13.602,ms,1,measured_warm,node_websocket_client_timing,"Database completion is approximated by HTTP response completion. Server broadcast timestamp, client-store update, and browser render were not instrumented and remain blank."
realtime_final,5,comment_edit,13.626,ms,1,measured_warm,node_websocket_client_timing,"Database completion is approximated by HTTP response completion. Server broadcast timestamp, client-store update, and browser render were not instrumented and remain blank."
realtime_final,5,comment_edit,13.656,ms,1,measured_warm,node_websocket_client_timing,"Database completion is approximated by HTTP response completion. Server broadcast timestamp, client-store update, and browser render were not instrumented and remain blank."
realtime_final,5,rating_update,13.427,ms,1,measured_warm,node_websocket_client_timing,"Database completion is approximated by HTTP response completion. Server broadcast timestamp, client-store update, and browser render were not instrumented and remain blank."
realtime_final,5,rating_update,13.492,ms,1,measured_warm,node_websocket_client_timing,"Database completion is approximated by HTTP response completion. Server broadcast timestamp, client-store update, and browser render were not instrumented and remain blank."
realtime_final,5,rating_update,13.512,ms,1,measured_warm,node_websocket_client_timing,"Database completion is approximated by HTTP response completion. Server broadcast timestamp, client-store update, and browser render were not instrumented and remain blank."
realtime_final,5,rating_update,13.529,ms,1,measured_warm,node_websocket_client_timing,"Database completion is approximated by HTTP response completion. Server broadcast timestamp, client-store update, and browser render were not instrumented and remain blank."
realtime_final,5,rating_update,13.548,ms,1,measured_warm,node_websocket_client_timing,"Database completion is approximated by HTTP response completion. Server broadcast timestamp, client-store update, and browser render were not instrumented and remain blank."
realtime_final,5,comment_delete,8.975,ms,1,measured_warm,node_websocket_client_timing,"Database completion is approximated by HTTP response completion. Server broadcast timestamp, client-store update, and browser render were not instrumented and remain blank."
realtime_final,5,comment_delete,9.037,ms,1,measured_warm,node_websocket_client_timing,"Database completion is approximated by HTTP response completion. Server broadcast timestamp, client-store update, and browser render were not instrumented and remain blank."
realtime_final,5,comment_delete,9.058,ms,1,measured_warm,node_websocket_client_timing,"Database completion is approximated by HTTP response completion. Server broadcast timestamp, client-store update, and browser render were not instrumented and remain blank."
realtime_final,5,comment_delete,9.083,ms,1,measured_warm,node_websocket_client_timing,"Database completion is approximated by HTTP response completion. Server broadcast timestamp, client-store update, and browser render were not instrumented and remain blank."
realtime_final,5,comment_delete,9.106,ms,1,measured_warm,node_websocket_client_timing,"Database completion is approximated by HTTP response completion. Server broadcast timestamp, client-store update, and browser render were not instrumented and remain blank."
realtime_final,5,comment_create,9.426,ms,1,measured_warm,node_websocket_client_timing,"Database completion is approximated by HTTP response completion. Server broadcast timestamp, client-store update, and browser render were not instrumented and remain blank."
realtime_final,5,comment_create,9.493,ms,1,measured_warm,node_websocket_client_timing,"Database completion is approximated by HTTP response completion. Server broadcast timestamp, client-store update, and browser render were not instrumented and remain blank."
realtime_final,5,comment_create,9.517,ms,1,measured_warm,node_websocket_client_timing,"Database completion is approximated by HTTP response completion. Server broadcast timestamp, client-store update, and browser render were not instrumented and remain blank."
realtime_final,5,comment_create,9.539,ms,1,measured_warm,node_websocket_client_timing,"Database completion is approximated by HTTP response completion. Server broadcast timestamp, client-store update, and browser render were not instrumented and remain blank."
realtime_final,5,comment_create,9.718,ms,1,measured_warm,node_websocket_client_timing,"Database completion is approximated by HTTP response completion. Server broadcast timestamp, client-store update, and browser render were not instrumented and remain blank."
realtime_final,5,comment_edit,13.871,ms,1,measured_warm,node_websocket_client_timing,"Database completion is approximated by HTTP response completion. Server broadcast timestamp, client-store update, and browser render were not instrumented and remain blank."
realtime_final,5,comment_edit,13.961,ms,1,measured_warm,node_websocket_client_timing,"Database completion is approximated by HTTP response completion. Server broadcast timestamp, client-store update, and browser render were not instrumented and remain blank."
realtime_final,5,comment_edit,13.996,ms,1,measured_warm,node_websocket_client_timing,"Database completion is approximated by HTTP response completion. Server broadcast timestamp, client-store update, and browser render were not instrumented and remain blank."
realtime_final,5,comment_edit,14.069,ms,1,measured_warm,node_websocket_client_timing,"Database completion is approximated by HTTP response completion. Server broadcast timestamp, client-store update, and browser render were not instrumented and remain blank."
realtime_final,5,comment_edit,14.114,ms,1,measured_warm,node_websocket_client_timing,"Database completion is approximated by HTTP response completion. Server broadcast timestamp, client-store update, and browser render were not instrumented and remain blank."
realtime_final,5,rating_update,10.706,ms,1,measured_warm,node_websocket_client_timing,"Database completion is approximated by HTTP response completion. Server broadcast timestamp, client-store update, and browser render were not instrumented and remain blank."
realtime_final,5,rating_update,10.803,ms,1,measured_warm,node_websocket_client_timing,"Database completion is approximated by HTTP response completion. Server broadcast timestamp, client-store update, and browser render were not instrumented and remain blank."
realtime_final,5,rating_update,10.830,ms,1,measured_warm,node_websocket_client_timing,"Database completion is approximated by HTTP response completion. Server broadcast timestamp, client-store update, and browser render were not instrumented and remain blank."
realtime_final,5,rating_update,10.895,ms,1,measured_warm,node_websocket_client_timing,"Database completion is approximated by HTTP response completion. Server broadcast timestamp, client-store update, and browser render were not instrumented and remain blank."
realtime_final,5,rating_update,10.941,ms,1,measured_warm,node_websocket_client_timing,"Database completion is approximated by HTTP response completion. Server broadcast timestamp, client-store update, and browser render were not instrumented and remain blank."
realtime_final,5,comment_delete,8.926,ms,1,measured_warm,node_websocket_client_timing,"Database completion is approximated by HTTP response completion. Server broadcast timestamp, client-store update, and browser render were not instrumented and remain blank."
realtime_final,5,comment_delete,8.983,ms,1,measured_warm,node_websocket_client_timing,"Database completion is approximated by HTTP response completion. Server broadcast timestamp, client-store update, and browser render were not instrumented and remain blank."
realtime_final,5,comment_delete,9.003,ms,1,measured_warm,node_websocket_client_timing,"Database completion is approximated by HTTP response completion. Server broadcast timestamp, client-store update, and browser render were not instrumented and remain blank."
realtime_final,5,comment_delete,9.027,ms,1,measured_warm,node_websocket_client_timing,"Database completion is approximated by HTTP response completion. Server broadcast timestamp, client-store update, and browser render were not instrumented and remain blank."
realtime_final,5,comment_delete,9.048,ms,1,measured_warm,node_websocket_client_timing,"Database completion is approximated by HTTP response completion. Server broadcast timestamp, client-store update, and browser render were not instrumented and remain blank."
realtime_final,5,comment_create,10.009,ms,1,measured_warm,node_websocket_client_timing,"Database completion is approximated by HTTP response completion. Server broadcast timestamp, client-store update, and browser render were not instrumented and remain blank."
realtime_final,5,comment_create,10.104,ms,1,measured_warm,node_websocket_client_timing,"Database completion is approximated by HTTP response completion. Server broadcast timestamp, client-store update, and browser render were not instrumented and remain blank."
realtime_final,5,comment_create,10.129,ms,1,measured_warm,node_websocket_client_timing,"Database completion is approximated by HTTP response completion. Server broadcast timestamp, client-store update, and browser render were not instrumented and remain blank."
realtime_final,5,comment_create,10.148,ms,1,measured_warm,node_websocket_client_timing,"Database completion is approximated by HTTP response completion. Server broadcast timestamp, client-store update, and browser render were not instrumented and remain blank."
realtime_final,5,comment_create,10.170,ms,1,measured_warm,node_websocket_client_timing,"Database completion is approximated by HTTP response completion. Server broadcast timestamp, client-store update, and browser render were not instrumented and remain blank."
realtime_final,5,comment_edit,9.123,ms,1,measured_warm,node_websocket_client_timing,"Database completion is approximated by HTTP response completion. Server broadcast timestamp, client-store update, and browser render were not instrumented and remain blank."
realtime_final,5,comment_edit,9.193,ms,1,measured_warm,node_websocket_client_timing,"Database completion is approximated by HTTP response completion. Server broadcast timestamp, client-store update, and browser render were not instrumented and remain blank."
realtime_final,5,comment_edit,9.217,ms,1,measured_warm,node_websocket_client_timing,"Database completion is approximated by HTTP response completion. Server broadcast timestamp, client-store update, and browser render were not instrumented and remain blank."
realtime_final,5,comment_edit,9.237,ms,1,measured_warm,node_websocket_client_timing,"Database completion is approximated by HTTP response completion. Server broadcast timestamp, client-store update, and browser render were not instrumented and remain blank."
realtime_final,5,comment_edit,9.279,ms,1,measured_warm,node_websocket_client_timing,"Database completion is approximated by HTTP response completion. Server broadcast timestamp, client-store update, and browser render were not instrumented and remain blank."
realtime_final,5,rating_update,10.101,ms,1,measured_warm,node_websocket_client_timing,"Database completion is approximated by HTTP response completion. Server broadcast timestamp, client-store update, and browser render were not instrumented and remain blank."
realtime_final,5,rating_update,10.168,ms,1,measured_warm,node_websocket_client_timing,"Database completion is approximated by HTTP response completion. Server broadcast timestamp, client-store update, and browser render were not instrumented and remain blank."
realtime_final,5,rating_update,10.189,ms,1,measured_warm,node_websocket_client_timing,"Database completion is approximated by HTTP response completion. Server broadcast timestamp, client-store update, and browser render were not instrumented and remain blank."
realtime_final,5,rating_update,10.205,ms,1,measured_warm,node_websocket_client_timing,"Database completion is approximated by HTTP response completion. Server broadcast timestamp, client-store update, and browser render were not instrumented and remain blank."
realtime_final,5,rating_update,10.225,ms,1,measured_warm,node_websocket_client_timing,"Database completion is approximated by HTTP response completion. Server broadcast timestamp, client-store update, and browser render were not instrumented and remain blank."
realtime_final,5,comment_delete,8.472,ms,1,measured_warm,node_websocket_client_timing,"Database completion is approximated by HTTP response completion. Server broadcast timestamp, client-store update, and browser render were not instrumented and remain blank."
realtime_final,5,comment_delete,8.534,ms,1,measured_warm,node_websocket_client_timing,"Database completion is approximated by HTTP response completion. Server broadcast timestamp, client-store update, and browser render were not instrumented and remain blank."
realtime_final,5,comment_delete,8.555,ms,1,measured_warm,node_websocket_client_timing,"Database completion is approximated by HTTP response completion. Server broadcast timestamp, client-store update, and browser render were not instrumented and remain blank."
realtime_final,5,comment_delete,8.591,ms,1,measured_warm,node_websocket_client_timing,"Database completion is approximated by HTTP response completion. Server broadcast timestamp, client-store update, and browser render were not instrumented and remain blank."
realtime_final,5,comment_delete,8.611,ms,1,measured_warm,node_websocket_client_timing,"Database completion is approximated by HTTP response completion. Server broadcast timestamp, client-store update, and browser render were not instrumented and remain blank."
realtime_final,5,comment_create,9.531,ms,1,measured_warm,node_websocket_client_timing,"Database completion is approximated by HTTP response completion. Server broadcast timestamp, client-store update, and browser render were not instrumented and remain blank."
realtime_final,5,comment_create,9.601,ms,1,measured_warm,node_websocket_client_timing,"Database completion is approximated by HTTP response completion. Server broadcast timestamp, client-store update, and browser render were not instrumented and remain blank."
realtime_final,5,comment_create,9.656,ms,1,measured_warm,node_websocket_client_timing,"Database completion is approximated by HTTP response completion. Server broadcast timestamp, client-store update, and browser render were not instrumented and remain blank."
realtime_final,5,comment_create,9.673,ms,1,measured_warm,node_websocket_client_timing,"Database completion is approximated by HTTP response completion. Server broadcast timestamp, client-store update, and browser render were not instrumented and remain blank."
realtime_final,5,comment_create,9.759,ms,1,measured_warm,node_websocket_client_timing,"Database completion is approximated by HTTP response completion. Server broadcast timestamp, client-store update, and browser render were not instrumented and remain blank."
realtime_final,5,comment_edit,9.641,ms,1,measured_warm,node_websocket_client_timing,"Database completion is approximated by HTTP response completion. Server broadcast timestamp, client-store update, and browser render were not instrumented and remain blank."
realtime_final,5,comment_edit,9.702,ms,1,measured_warm,node_websocket_client_timing,"Database completion is approximated by HTTP response completion. Server broadcast timestamp, client-store update, and browser render were not instrumented and remain blank."
realtime_final,5,comment_edit,9.724,ms,1,measured_warm,node_websocket_client_timing,"Database completion is approximated by HTTP response completion. Server broadcast timestamp, client-store update, and browser render were not instrumented and remain blank."
realtime_final,5,comment_edit,9.742,ms,1,measured_warm,node_websocket_client_timing,"Database completion is approximated by HTTP response completion. Server broadcast timestamp, client-store update, and browser render were not instrumented and remain blank."
realtime_final,5,comment_edit,9.765,ms,1,measured_warm,node_websocket_client_timing,"Database completion is approximated by HTTP response completion. Server broadcast timestamp, client-store update, and browser render were not instrumented and remain blank."
realtime_final,5,rating_update,10.436,ms,1,measured_warm,node_websocket_client_timing,"Database completion is approximated by HTTP response completion. Server broadcast timestamp, client-store update, and browser render were not instrumented and remain blank."
realtime_final,5,rating_update,10.498,ms,1,measured_warm,node_websocket_client_timing,"Database completion is approximated by HTTP response completion. Server broadcast timestamp, client-store update, and browser render were not instrumented and remain blank."
realtime_final,5,rating_update,10.519,ms,1,measured_warm,node_websocket_client_timing,"Database completion is approximated by HTTP response completion. Server broadcast timestamp, client-store update, and browser render were not instrumented and remain blank."
realtime_final,5,rating_update,10.536,ms,1,measured_warm,node_websocket_client_timing,"Database completion is approximated by HTTP response completion. Server broadcast timestamp, client-store update, and browser render were not instrumented and remain blank."
realtime_final,5,rating_update,10.555,ms,1,measured_warm,node_websocket_client_timing,"Database completion is approximated by HTTP response completion. Server broadcast timestamp, client-store update, and browser render were not instrumented and remain blank."
realtime_final,5,comment_delete,9.942,ms,1,measured_warm,node_websocket_client_timing,"Database completion is approximated by HTTP response completion. Server broadcast timestamp, client-store update, and browser render were not instrumented and remain blank."
realtime_final,5,comment_delete,10.049,ms,1,measured_warm,node_websocket_client_timing,"Database completion is approximated by HTTP response completion. Server broadcast timestamp, client-store update, and browser render were not instrumented and remain blank."
realtime_final,5,comment_delete,10.157,ms,1,measured_warm,node_websocket_client_timing,"Database completion is approximated by HTTP response completion. Server broadcast timestamp, client-store update, and browser render were not instrumented and remain blank."
realtime_final,5,comment_delete,10.223,ms,1,measured_warm,node_websocket_client_timing,"Database completion is approximated by HTTP response completion. Server broadcast timestamp, client-store update, and browser render were not instrumented and remain blank."
realtime_final,5,comment_delete,10.279,ms,1,measured_warm,node_websocket_client_timing,"Database completion is approximated by HTTP response completion. Server broadcast timestamp, client-store update, and browser render were not instrumented and remain blank."
realtime_final,5,comment_create,9.604,ms,1,measured_warm,node_websocket_client_timing,"Database completion is approximated by HTTP response completion. Server broadcast timestamp, client-store update, and browser render were not instrumented and remain blank."
realtime_final,5,comment_create,9.664,ms,1,measured_warm,node_websocket_client_timing,"Database completion is approximated by HTTP response completion. Server broadcast timestamp, client-store update, and browser render were not instrumented and remain blank."
realtime_final,5,comment_create,9.685,ms,1,measured_warm,node_websocket_client_timing,"Database completion is approximated by HTTP response completion. Server broadcast timestamp, client-store update, and browser render were not instrumented and remain blank."
realtime_final,5,comment_create,9.702,ms,1,measured_warm,node_websocket_client_timing,"Database completion is approximated by HTTP response completion. Server broadcast timestamp, client-store update, and browser render were not instrumented and remain blank."
realtime_final,5,comment_create,9.722,ms,1,measured_warm,node_websocket_client_timing,"Database completion is approximated by HTTP response completion. Server broadcast timestamp, client-store update, and browser render were not instrumented and remain blank."
realtime_final,5,comment_edit,10.368,ms,1,measured_warm,node_websocket_client_timing,"Database completion is approximated by HTTP response completion. Server broadcast timestamp, client-store update, and browser render were not instrumented and remain blank."
realtime_final,5,comment_edit,10.431,ms,1,measured_warm,node_websocket_client_timing,"Database completion is approximated by HTTP response completion. Server broadcast timestamp, client-store update, and browser render were not instrumented and remain blank."
realtime_final,5,comment_edit,10.457,ms,1,measured_warm,node_websocket_client_timing,"Database completion is approximated by HTTP response completion. Server broadcast timestamp, client-store update, and browser render were not instrumented and remain blank."
realtime_final,5,comment_edit,10.476,ms,1,measured_warm,node_websocket_client_timing,"Database completion is approximated by HTTP response completion. Server broadcast timestamp, client-store update, and browser render were not instrumented and remain blank."
realtime_final,5,comment_edit,10.500,ms,1,measured_warm,node_websocket_client_timing,"Database completion is approximated by HTTP response completion. Server broadcast timestamp, client-store update, and browser render were not instrumented and remain blank."
realtime_final,5,rating_update,11.033,ms,1,measured_warm,node_websocket_client_timing,"Database completion is approximated by HTTP response completion. Server broadcast timestamp, client-store update, and browser render were not instrumented and remain blank."
realtime_final,5,rating_update,11.088,ms,1,measured_warm,node_websocket_client_timing,"Database completion is approximated by HTTP response completion. Server broadcast timestamp, client-store update, and browser render were not instrumented and remain blank."
realtime_final,5,rating_update,11.117,ms,1,measured_warm,node_websocket_client_timing,"Database completion is approximated by HTTP response completion. Server broadcast timestamp, client-store update, and browser render were not instrumented and remain blank."
realtime_final,5,rating_update,11.133,ms,1,measured_warm,node_websocket_client_timing,"Database completion is approximated by HTTP response completion. Server broadcast timestamp, client-store update, and browser render were not instrumented and remain blank."
realtime_final,5,rating_update,11.154,ms,1,measured_warm,node_websocket_client_timing,"Database completion is approximated by HTTP response completion. Server broadcast timestamp, client-store update, and browser render were not instrumented and remain blank."
realtime_final,5,comment_delete,8.862,ms,1,measured_warm,node_websocket_client_timing,"Database completion is approximated by HTTP response completion. Server broadcast timestamp, client-store update, and browser render were not instrumented and remain blank."
realtime_final,5,comment_delete,8.953,ms,1,measured_warm,node_websocket_client_timing,"Database completion is approximated by HTTP response completion. Server broadcast timestamp, client-store update, and browser render were not instrumented and remain blank."
realtime_final,5,comment_delete,8.975,ms,1,measured_warm,node_websocket_client_timing,"Database completion is approximated by HTTP response completion. Server broadcast timestamp, client-store update, and browser render were not instrumented and remain blank."
realtime_final,5,comment_delete,8.993,ms,1,measured_warm,node_websocket_client_timing,"Database completion is approximated by HTTP response completion. Server broadcast timestamp, client-store update, and browser render were not instrumented and remain blank."
realtime_final,5,comment_delete,9.012,ms,1,measured_warm,node_websocket_client_timing,"Database completion is approximated by HTTP response completion. Server broadcast timestamp, client-store update, and browser render were not instrumented and remain blank."
realtime_final,5,comment_create,11.307,ms,1,measured_warm,node_websocket_client_timing,"Database completion is approximated by HTTP response completion. Server broadcast timestamp, client-store update, and browser render were not instrumented and remain blank."
realtime_final,5,comment_create,11.434,ms,1,measured_warm,node_websocket_client_timing,"Database completion is approximated by HTTP response completion. Server broadcast timestamp, client-store update, and browser render were not instrumented and remain blank."
realtime_final,5,comment_create,11.458,ms,1,measured_warm,node_websocket_client_timing,"Database completion is approximated by HTTP response completion. Server broadcast timestamp, client-store update, and browser render were not instrumented and remain blank."
realtime_final,5,comment_create,11.478,ms,1,measured_warm,node_websocket_client_timing,"Database completion is approximated by HTTP response completion. Server broadcast timestamp, client-store update, and browser render were not instrumented and remain blank."
realtime_final,5,comment_create,11.528,ms,1,measured_warm,node_websocket_client_timing,"Database completion is approximated by HTTP response completion. Server broadcast timestamp, client-store update, and browser render were not instrumented and remain blank."
realtime_final,5,comment_edit,10.067,ms,1,measured_warm,node_websocket_client_timing,"Database completion is approximated by HTTP response completion. Server broadcast timestamp, client-store update, and browser render were not instrumented and remain blank."
realtime_final,5,comment_edit,10.129,ms,1,measured_warm,node_websocket_client_timing,"Database completion is approximated by HTTP response completion. Server broadcast timestamp, client-store update, and browser render were not instrumented and remain blank."
realtime_final,5,comment_edit,10.153,ms,1,measured_warm,node_websocket_client_timing,"Database completion is approximated by HTTP response completion. Server broadcast timestamp, client-store update, and browser render were not instrumented and remain blank."
realtime_final,5,comment_edit,10.171,ms,1,measured_warm,node_websocket_client_timing,"Database completion is approximated by HTTP response completion. Server broadcast timestamp, client-store update, and browser render were not instrumented and remain blank."
realtime_final,5,comment_edit,10.193,ms,1,measured_warm,node_websocket_client_timing,"Database completion is approximated by HTTP response completion. Server broadcast timestamp, client-store update, and browser render were not instrumented and remain blank."
realtime_final,5,rating_update,10.802,ms,1,measured_warm,node_websocket_client_timing,"Database completion is approximated by HTTP response completion. Server broadcast timestamp, client-store update, and browser render were not instrumented and remain blank."
realtime_final,5,rating_update,10.869,ms,1,measured_warm,node_websocket_client_timing,"Database completion is approximated by HTTP response completion. Server broadcast timestamp, client-store update, and browser render were not instrumented and remain blank."
realtime_final,5,rating_update,10.891,ms,1,measured_warm,node_websocket_client_timing,"Database completion is approximated by HTTP response completion. Server broadcast timestamp, client-store update, and browser render were not instrumented and remain blank."
realtime_final,5,rating_update,10.908,ms,1,measured_warm,node_websocket_client_timing,"Database completion is approximated by HTTP response completion. Server broadcast timestamp, client-store update, and browser render were not instrumented and remain blank."
realtime_final,5,rating_update,10.929,ms,1,measured_warm,node_websocket_client_timing,"Database completion is approximated by HTTP response completion. Server broadcast timestamp, client-store update, and browser render were not instrumented and remain blank."
realtime_final,5,comment_delete,13.646,ms,1,measured_warm,node_websocket_client_timing,"Database completion is approximated by HTTP response completion. Server broadcast timestamp, client-store update, and browser render were not instrumented and remain blank."
realtime_final,5,comment_delete,13.709,ms,1,measured_warm,node_websocket_client_timing,"Database completion is approximated by HTTP response completion. Server broadcast timestamp, client-store update, and browser render were not instrumented and remain blank."
realtime_final,5,comment_delete,13.731,ms,1,measured_warm,node_websocket_client_timing,"Database completion is approximated by HTTP response completion. Server broadcast timestamp, client-store update, and browser render were not instrumented and remain blank."
realtime_final,5,comment_delete,13.748,ms,1,measured_warm,node_websocket_client_timing,"Database completion is approximated by HTTP response completion. Server broadcast timestamp, client-store update, and browser render were not instrumented and remain blank."
realtime_final,5,comment_delete,13.769,ms,1,measured_warm,node_websocket_client_timing,"Database completion is approximated by HTTP response completion. Server broadcast timestamp, client-store update, and browser render were not instrumented and remain blank."
realtime_final,5,comment_create,9.617,ms,1,measured_warm,node_websocket_client_timing,"Database completion is approximated by HTTP response completion. Server broadcast timestamp, client-store update, and browser render were not instrumented and remain blank."
realtime_final,5,comment_create,9.680,ms,1,measured_warm,node_websocket_client_timing,"Database completion is approximated by HTTP response completion. Server broadcast timestamp, client-store update, and browser render were not instrumented and remain blank."
realtime_final,5,comment_create,9.702,ms,1,measured_warm,node_websocket_client_timing,"Database completion is approximated by HTTP response completion. Server broadcast timestamp, client-store update, and browser render were not instrumented and remain blank."
realtime_final,5,comment_create,9.721,ms,1,measured_warm,node_websocket_client_timing,"Database completion is approximated by HTTP response completion. Server broadcast timestamp, client-store update, and browser render were not instrumented and remain blank."
realtime_final,5,comment_create,9.746,ms,1,measured_warm,node_websocket_client_timing,"Database completion is approximated by HTTP response completion. Server broadcast timestamp, client-store update, and browser render were not instrumented and remain blank."
realtime_final,5,comment_edit,10.123,ms,1,measured_warm,node_websocket_client_timing,"Database completion is approximated by HTTP response completion. Server broadcast timestamp, client-store update, and browser render were not instrumented and remain blank."
realtime_final,5,comment_edit,10.241,ms,1,measured_warm,node_websocket_client_timing,"Database completion is approximated by HTTP response completion. Server broadcast timestamp, client-store update, and browser render were not instrumented and remain blank."
realtime_final,5,comment_edit,10.266,ms,1,measured_warm,node_websocket_client_timing,"Database completion is approximated by HTTP response completion. Server broadcast timestamp, client-store update, and browser render were not instrumented and remain blank."
realtime_final,5,comment_edit,10.285,ms,1,measured_warm,node_websocket_client_timing,"Database completion is approximated by HTTP response completion. Server broadcast timestamp, client-store update, and browser render were not instrumented and remain blank."
realtime_final,5,comment_edit,10.313,ms,1,measured_warm,node_websocket_client_timing,"Database completion is approximated by HTTP response completion. Server broadcast timestamp, client-store update, and browser render were not instrumented and remain blank."
realtime_final,5,rating_update,9.237,ms,1,measured_warm,node_websocket_client_timing,"Database completion is approximated by HTTP response completion. Server broadcast timestamp, client-store update, and browser render were not instrumented and remain blank."
realtime_final,5,rating_update,9.290,ms,1,measured_warm,node_websocket_client_timing,"Database completion is approximated by HTTP response completion. Server broadcast timestamp, client-store update, and browser render were not instrumented and remain blank."
realtime_final,5,rating_update,9.316,ms,1,measured_warm,node_websocket_client_timing,"Database completion is approximated by HTTP response completion. Server broadcast timestamp, client-store update, and browser render were not instrumented and remain blank."
realtime_final,5,rating_update,9.340,ms,1,measured_warm,node_websocket_client_timing,"Database completion is approximated by HTTP response completion. Server broadcast timestamp, client-store update, and browser render were not instrumented and remain blank."
realtime_final,5,rating_update,9.361,ms,1,measured_warm,node_websocket_client_timing,"Database completion is approximated by HTTP response completion. Server broadcast timestamp, client-store update, and browser render were not instrumented and remain blank."
realtime_final,5,comment_delete,9.031,ms,1,measured_warm,node_websocket_client_timing,"Database completion is approximated by HTTP response completion. Server broadcast timestamp, client-store update, and browser render were not instrumented and remain blank."
realtime_final,5,comment_delete,9.093,ms,1,measured_warm,node_websocket_client_timing,"Database completion is approximated by HTTP response completion. Server broadcast timestamp, client-store update, and browser render were not instrumented and remain blank."
realtime_final,5,comment_delete,9.113,ms,1,measured_warm,node_websocket_client_timing,"Database completion is approximated by HTTP response completion. Server broadcast timestamp, client-store update, and browser render were not instrumented and remain blank."
realtime_final,5,comment_delete,9.133,ms,1,measured_warm,node_websocket_client_timing,"Database completion is approximated by HTTP response completion. Server broadcast timestamp, client-store update, and browser render were not instrumented and remain blank."
realtime_final,5,comment_delete,9.182,ms,1,measured_warm,node_websocket_client_timing,"Database completion is approximated by HTTP response completion. Server broadcast timestamp, client-store update, and browser render were not instrumented and remain blank."
realtime_final,5,comment_create,9.338,ms,1,measured_warm,node_websocket_client_timing,"Database completion is approximated by HTTP response completion. Server broadcast timestamp, client-store update, and browser render were not instrumented and remain blank."
realtime_final,5,comment_create,9.400,ms,1,measured_warm,node_websocket_client_timing,"Database completion is approximated by HTTP response completion. Server broadcast timestamp, client-store update, and browser render were not instrumented and remain blank."
realtime_final,5,comment_create,9.462,ms,1,measured_warm,node_websocket_client_timing,"Database completion is approximated by HTTP response completion. Server broadcast timestamp, client-store update, and browser render were not instrumented and remain blank."
realtime_final,5,comment_create,9.484,ms,1,measured_warm,node_websocket_client_timing,"Database completion is approximated by HTTP response completion. Server broadcast timestamp, client-store update, and browser render were not instrumented and remain blank."
realtime_final,5,comment_create,9.506,ms,1,measured_warm,node_websocket_client_timing,"Database completion is approximated by HTTP response completion. Server broadcast timestamp, client-store update, and browser render were not instrumented and remain blank."
realtime_final,5,comment_edit,11.304,ms,1,measured_warm,node_websocket_client_timing,"Database completion is approximated by HTTP response completion. Server broadcast timestamp, client-store update, and browser render were not instrumented and remain blank."
realtime_final,5,comment_edit,11.407,ms,1,measured_warm,node_websocket_client_timing,"Database completion is approximated by HTTP response completion. Server broadcast timestamp, client-store update, and browser render were not instrumented and remain blank."
realtime_final,5,comment_edit,11.432,ms,1,measured_warm,node_websocket_client_timing,"Database completion is approximated by HTTP response completion. Server broadcast timestamp, client-store update, and browser render were not instrumented and remain blank."
realtime_final,5,comment_edit,11.452,ms,1,measured_warm,node_websocket_client_timing,"Database completion is approximated by HTTP response completion. Server broadcast timestamp, client-store update, and browser render were not instrumented and remain blank."
realtime_final,5,comment_edit,11.480,ms,1,measured_warm,node_websocket_client_timing,"Database completion is approximated by HTTP response completion. Server broadcast timestamp, client-store update, and browser render were not instrumented and remain blank."
realtime_final,5,rating_update,9.913,ms,1,measured_warm,node_websocket_client_timing,"Database completion is approximated by HTTP response completion. Server broadcast timestamp, client-store update, and browser render were not instrumented and remain blank."
realtime_final,5,rating_update,9.984,ms,1,measured_warm,node_websocket_client_timing,"Database completion is approximated by HTTP response completion. Server broadcast timestamp, client-store update, and browser render were not instrumented and remain blank."
realtime_final,5,rating_update,10.005,ms,1,measured_warm,node_websocket_client_timing,"Database completion is approximated by HTTP response completion. Server broadcast timestamp, client-store update, and browser render were not instrumented and remain blank."
realtime_final,5,rating_update,10.019,ms,1,measured_warm,node_websocket_client_timing,"Database completion is approximated by HTTP response completion. Server broadcast timestamp, client-store update, and browser render were not instrumented and remain blank."
realtime_final,5,rating_update,10.035,ms,1,measured_warm,node_websocket_client_timing,"Database completion is approximated by HTTP response completion. Server broadcast timestamp, client-store update, and browser render were not instrumented and remain blank."
realtime_final,5,comment_delete,7.970,ms,1,measured_warm,node_websocket_client_timing,"Database completion is approximated by HTTP response completion. Server broadcast timestamp, client-store update, and browser render were not instrumented and remain blank."
realtime_final,5,comment_delete,8.023,ms,1,measured_warm,node_websocket_client_timing,"Database completion is approximated by HTTP response completion. Server broadcast timestamp, client-store update, and browser render were not instrumented and remain blank."
realtime_final,5,comment_delete,8.041,ms,1,measured_warm,node_websocket_client_timing,"Database completion is approximated by HTTP response completion. Server broadcast timestamp, client-store update, and browser render were not instrumented and remain blank."
realtime_final,5,comment_delete,8.054,ms,1,measured_warm,node_websocket_client_timing,"Database completion is approximated by HTTP response completion. Server broadcast timestamp, client-store update, and browser render were not instrumented and remain blank."
realtime_final,5,comment_delete,8.071,ms,1,measured_warm,node_websocket_client_timing,"Database completion is approximated by HTTP response completion. Server broadcast timestamp, client-store update, and browser render were not instrumented and remain blank."
realtime_final,5,comment_create,8.617,ms,1,measured_warm,node_websocket_client_timing,"Database completion is approximated by HTTP response completion. Server broadcast timestamp, client-store update, and browser render were not instrumented and remain blank."
realtime_final,5,comment_create,8.674,ms,1,measured_warm,node_websocket_client_timing,"Database completion is approximated by HTTP response completion. Server broadcast timestamp, client-store update, and browser render were not instrumented and remain blank."
realtime_final,5,comment_create,8.696,ms,1,measured_warm,node_websocket_client_timing,"Database completion is approximated by HTTP response completion. Server broadcast timestamp, client-store update, and browser render were not instrumented and remain blank."
realtime_final,5,comment_create,8.712,ms,1,measured_warm,node_websocket_client_timing,"Database completion is approximated by HTTP response completion. Server broadcast timestamp, client-store update, and browser render were not instrumented and remain blank."
realtime_final,5,comment_create,8.731,ms,1,measured_warm,node_websocket_client_timing,"Database completion is approximated by HTTP response completion. Server broadcast timestamp, client-store update, and browser render were not instrumented and remain blank."
realtime_final,5,comment_edit,9.420,ms,1,measured_warm,node_websocket_client_timing,"Database completion is approximated by HTTP response completion. Server broadcast timestamp, client-store update, and browser render were not instrumented and remain blank."
realtime_final,5,comment_edit,9.522,ms,1,measured_warm,node_websocket_client_timing,"Database completion is approximated by HTTP response completion. Server broadcast timestamp, client-store update, and browser render were not instrumented and remain blank."
realtime_final,5,comment_edit,9.576,ms,1,measured_warm,node_websocket_client_timing,"Database completion is approximated by HTTP response completion. Server broadcast timestamp, client-store update, and browser render were not instrumented and remain blank."
realtime_final,5,comment_edit,9.624,ms,1,measured_warm,node_websocket_client_timing,"Database completion is approximated by HTTP response completion. Server broadcast timestamp, client-store update, and browser render were not instrumented and remain blank."
realtime_final,5,comment_edit,9.674,ms,1,measured_warm,node_websocket_client_timing,"Database completion is approximated by HTTP response completion. Server broadcast timestamp, client-store update, and browser render were not instrumented and remain blank."
realtime_final,5,rating_update,11.386,ms,1,measured_warm,node_websocket_client_timing,"Database completion is approximated by HTTP response completion. Server broadcast timestamp, client-store update, and browser render were not instrumented and remain blank."
realtime_final,5,rating_update,11.437,ms,1,measured_warm,node_websocket_client_timing,"Database completion is approximated by HTTP response completion. Server broadcast timestamp, client-store update, and browser render were not instrumented and remain blank."
realtime_final,5,rating_update,11.456,ms,1,measured_warm,node_websocket_client_timing,"Database completion is approximated by HTTP response completion. Server broadcast timestamp, client-store update, and browser render were not instrumented and remain blank."
realtime_final,5,rating_update,11.469,ms,1,measured_warm,node_websocket_client_timing,"Database completion is approximated by HTTP response completion. Server broadcast timestamp, client-store update, and browser render were not instrumented and remain blank."
realtime_final,5,rating_update,11.486,ms,1,measured_warm,node_websocket_client_timing,"Database completion is approximated by HTTP response completion. Server broadcast timestamp, client-store update, and browser render were not instrumented and remain blank."
realtime_final,5,comment_delete,11.494,ms,1,measured_warm,node_websocket_client_timing,"Database completion is approximated by HTTP response completion. Server broadcast timestamp, client-store update, and browser render were not instrumented and remain blank."
realtime_final,5,comment_delete,11.541,ms,1,measured_warm,node_websocket_client_timing,"Database completion is approximated by HTTP response completion. Server broadcast timestamp, client-store update, and browser render were not instrumented and remain blank."
realtime_final,5,comment_delete,11.564,ms,1,measured_warm,node_websocket_client_timing,"Database completion is approximated by HTTP response completion. Server broadcast timestamp, client-store update, and browser render were not instrumented and remain blank."
realtime_final,5,comment_delete,11.581,ms,1,measured_warm,node_websocket_client_timing,"Database completion is approximated by HTTP response completion. Server broadcast timestamp, client-store update, and browser render were not instrumented and remain blank."
realtime_final,5,comment_delete,11.648,ms,1,measured_warm,node_websocket_client_timing,"Database completion is approximated by HTTP response completion. Server broadcast timestamp, client-store update, and browser render were not instrumented and remain blank."
realtime_final,10,comment_create,16.906,ms,1,measured_warm,node_websocket_client_timing,"Database completion is approximated by HTTP response completion. Server broadcast timestamp, client-store update, and browser render were not instrumented and remain blank."
realtime_final,10,comment_create,16.995,ms,1,measured_warm,node_websocket_client_timing,"Database completion is approximated by HTTP response completion. Server broadcast timestamp, client-store update, and browser render were not instrumented and remain blank."
realtime_final,10,comment_create,17.021,ms,1,measured_warm,node_websocket_client_timing,"Database completion is approximated by HTTP response completion. Server broadcast timestamp, client-store update, and browser render were not instrumented and remain blank."
realtime_final,10,comment_create,17.047,ms,1,measured_warm,node_websocket_client_timing,"Database completion is approximated by HTTP response completion. Server broadcast timestamp, client-store update, and browser render were not instrumented and remain blank."
realtime_final,10,comment_create,17.068,ms,1,measured_warm,node_websocket_client_timing,"Database completion is approximated by HTTP response completion. Server broadcast timestamp, client-store update, and browser render were not instrumented and remain blank."
realtime_final,10,comment_create,17.087,ms,1,measured_warm,node_websocket_client_timing,"Database completion is approximated by HTTP response completion. Server broadcast timestamp, client-store update, and browser render were not instrumented and remain blank."
realtime_final,10,comment_create,17.111,ms,1,measured_warm,node_websocket_client_timing,"Database completion is approximated by HTTP response completion. Server broadcast timestamp, client-store update, and browser render were not instrumented and remain blank."
realtime_final,10,comment_create,17.172,ms,1,measured_warm,node_websocket_client_timing,"Database completion is approximated by HTTP response completion. Server broadcast timestamp, client-store update, and browser render were not instrumented and remain blank."
realtime_final,10,comment_create,17.198,ms,1,measured_warm,node_websocket_client_timing,"Database completion is approximated by HTTP response completion. Server broadcast timestamp, client-store update, and browser render were not instrumented and remain blank."
realtime_final,10,comment_create,17.221,ms,1,measured_warm,node_websocket_client_timing,"Database completion is approximated by HTTP response completion. Server broadcast timestamp, client-store update, and browser render were not instrumented and remain blank."
realtime_final,10,comment_edit,23.565,ms,1,measured_warm,node_websocket_client_timing,"Database completion is approximated by HTTP response completion. Server broadcast timestamp, client-store update, and browser render were not instrumented and remain blank."
realtime_final,10,comment_edit,23.641,ms,1,measured_warm,node_websocket_client_timing,"Database completion is approximated by HTTP response completion. Server broadcast timestamp, client-store update, and browser render were not instrumented and remain blank."
realtime_final,10,comment_edit,23.664,ms,1,measured_warm,node_websocket_client_timing,"Database completion is approximated by HTTP response completion. Server broadcast timestamp, client-store update, and browser render were not instrumented and remain blank."
realtime_final,10,comment_edit,23.684,ms,1,measured_warm,node_websocket_client_timing,"Database completion is approximated by HTTP response completion. Server broadcast timestamp, client-store update, and browser render were not instrumented and remain blank."
realtime_final,10,comment_edit,23.708,ms,1,measured_warm,node_websocket_client_timing,"Database completion is approximated by HTTP response completion. Server broadcast timestamp, client-store update, and browser render were not instrumented and remain blank."
realtime_final,10,comment_edit,23.758,ms,1,measured_warm,node_websocket_client_timing,"Database completion is approximated by HTTP response completion. Server broadcast timestamp, client-store update, and browser render were not instrumented and remain blank."
realtime_final,10,comment_edit,23.778,ms,1,measured_warm,node_websocket_client_timing,"Database completion is approximated by HTTP response completion. Server broadcast timestamp, client-store update, and browser render were not instrumented and remain blank."
realtime_final,10,comment_edit,23.799,ms,1,measured_warm,node_websocket_client_timing,"Database completion is approximated by HTTP response completion. Server broadcast timestamp, client-store update, and browser render were not instrumented and remain blank."
realtime_final,10,comment_edit,23.818,ms,1,measured_warm,node_websocket_client_timing,"Database completion is approximated by HTTP response completion. Server broadcast timestamp, client-store update, and browser render were not instrumented and remain blank."
realtime_final,10,comment_edit,23.840,ms,1,measured_warm,node_websocket_client_timing,"Database completion is approximated by HTTP response completion. Server broadcast timestamp, client-store update, and browser render were not instrumented and remain blank."
realtime_final,10,rating_update,24.821,ms,1,measured_warm,node_websocket_client_timing,"Database completion is approximated by HTTP response completion. Server broadcast timestamp, client-store update, and browser render were not instrumented and remain blank."
realtime_final,10,rating_update,24.881,ms,1,measured_warm,node_websocket_client_timing,"Database completion is approximated by HTTP response completion. Server broadcast timestamp, client-store update, and browser render were not instrumented and remain blank."
realtime_final,10,rating_update,24.902,ms,1,measured_warm,node_websocket_client_timing,"Database completion is approximated by HTTP response completion. Server broadcast timestamp, client-store update, and browser render were not instrumented and remain blank."
realtime_final,10,rating_update,24.919,ms,1,measured_warm,node_websocket_client_timing,"Database completion is approximated by HTTP response completion. Server broadcast timestamp, client-store update, and browser render were not instrumented and remain blank."
realtime_final,10,rating_update,24.935,ms,1,measured_warm,node_websocket_client_timing,"Database completion is approximated by HTTP response completion. Server broadcast timestamp, client-store update, and browser render were not instrumented and remain blank."
realtime_final,10,rating_update,24.954,ms,1,measured_warm,node_websocket_client_timing,"Database completion is approximated by HTTP response completion. Server broadcast timestamp, client-store update, and browser render were not instrumented and remain blank."
realtime_final,10,rating_update,24.968,ms,1,measured_warm,node_websocket_client_timing,"Database completion is approximated by HTTP response completion. Server broadcast timestamp, client-store update, and browser render were not instrumented and remain blank."
realtime_final,10,rating_update,24.982,ms,1,measured_warm,node_websocket_client_timing,"Database completion is approximated by HTTP response completion. Server broadcast timestamp, client-store update, and browser render were not instrumented and remain blank."
realtime_final,10,rating_update,24.997,ms,1,measured_warm,node_websocket_client_timing,"Database completion is approximated by HTTP response completion. Server broadcast timestamp, client-store update, and browser render were not instrumented and remain blank."
realtime_final,10,rating_update,25.019,ms,1,measured_warm,node_websocket_client_timing,"Database completion is approximated by HTTP response completion. Server broadcast timestamp, client-store update, and browser render were not instrumented and remain blank."
realtime_final,10,comment_delete,9.637,ms,1,measured_warm,node_websocket_client_timing,"Database completion is approximated by HTTP response completion. Server broadcast timestamp, client-store update, and browser render were not instrumented and remain blank."
realtime_final,10,comment_delete,9.828,ms,1,measured_warm,node_websocket_client_timing,"Database completion is approximated by HTTP response completion. Server broadcast timestamp, client-store update, and browser render were not instrumented and remain blank."
realtime_final,10,comment_delete,9.868,ms,1,measured_warm,node_websocket_client_timing,"Database completion is approximated by HTTP response completion. Server broadcast timestamp, client-store update, and browser render were not instrumented and remain blank."
realtime_final,10,comment_delete,9.893,ms,1,measured_warm,node_websocket_client_timing,"Database completion is approximated by HTTP response completion. Server broadcast timestamp, client-store update, and browser render were not instrumented and remain blank."
realtime_final,10,comment_delete,9.928,ms,1,measured_warm,node_websocket_client_timing,"Database completion is approximated by HTTP response completion. Server broadcast timestamp, client-store update, and browser render were not instrumented and remain blank."
realtime_final,10,comment_delete,9.951,ms,1,measured_warm,node_websocket_client_timing,"Database completion is approximated by HTTP response completion. Server broadcast timestamp, client-store update, and browser render were not instrumented and remain blank."
realtime_final,10,comment_delete,9.974,ms,1,measured_warm,node_websocket_client_timing,"Database completion is approximated by HTTP response completion. Server broadcast timestamp, client-store update, and browser render were not instrumented and remain blank."
realtime_final,10,comment_delete,10.003,ms,1,measured_warm,node_websocket_client_timing,"Database completion is approximated by HTTP response completion. Server broadcast timestamp, client-store update, and browser render were not instrumented and remain blank."
realtime_final,10,comment_delete,10.025,ms,1,measured_warm,node_websocket_client_timing,"Database completion is approximated by HTTP response completion. Server broadcast timestamp, client-store update, and browser render were not instrumented and remain blank."
realtime_final,10,comment_delete,10.055,ms,1,measured_warm,node_websocket_client_timing,"Database completion is approximated by HTTP response completion. Server broadcast timestamp, client-store update, and browser render were not instrumented and remain blank."
realtime_final,10,comment_create,10.690,ms,1,measured_warm,node_websocket_client_timing,"Database completion is approximated by HTTP response completion. Server broadcast timestamp, client-store update, and browser render were not instrumented and remain blank."
realtime_final,10,comment_create,10.747,ms,1,measured_warm,node_websocket_client_timing,"Database completion is approximated by HTTP response completion. Server broadcast timestamp, client-store update, and browser render were not instrumented and remain blank."
realtime_final,10,comment_create,10.767,ms,1,measured_warm,node_websocket_client_timing,"Database completion is approximated by HTTP response completion. Server broadcast timestamp, client-store update, and browser render were not instrumented and remain blank."
realtime_final,10,comment_create,10.784,ms,1,measured_warm,node_websocket_client_timing,"Database completion is approximated by HTTP response completion. Server broadcast timestamp, client-store update, and browser render were not instrumented and remain blank."
realtime_final,10,comment_create,10.813,ms,1,measured_warm,node_websocket_client_timing,"Database completion is approximated by HTTP response completion. Server broadcast timestamp, client-store update, and browser render were not instrumented and remain blank."
realtime_final,10,comment_create,10.857,ms,1,measured_warm,node_websocket_client_timing,"Database completion is approximated by HTTP response completion. Server broadcast timestamp, client-store update, and browser render were not instrumented and remain blank."
realtime_final,10,comment_create,10.877,ms,1,measured_warm,node_websocket_client_timing,"Database completion is approximated by HTTP response completion. Server broadcast timestamp, client-store update, and browser render were not instrumented and remain blank."
realtime_final,10,comment_create,10.892,ms,1,measured_warm,node_websocket_client_timing,"Database completion is approximated by HTTP response completion. Server broadcast timestamp, client-store update, and browser render were not instrumented and remain blank."
realtime_final,10,comment_create,11.690,ms,1,measured_warm,node_websocket_client_timing,"Database completion is approximated by HTTP response completion. Server broadcast timestamp, client-store update, and browser render were not instrumented and remain blank."
realtime_final,10,comment_create,11.757,ms,1,measured_warm,node_websocket_client_timing,"Database completion is approximated by HTTP response completion. Server broadcast timestamp, client-store update, and browser render were not instrumented and remain blank."
realtime_final,10,comment_edit,15.708,ms,1,measured_warm,node_websocket_client_timing,"Database completion is approximated by HTTP response completion. Server broadcast timestamp, client-store update, and browser render were not instrumented and remain blank."
realtime_final,10,comment_edit,15.961,ms,1,measured_warm,node_websocket_client_timing,"Database completion is approximated by HTTP response completion. Server broadcast timestamp, client-store update, and browser render were not instrumented and remain blank."
realtime_final,10,comment_edit,15.988,ms,1,measured_warm,node_websocket_client_timing,"Database completion is approximated by HTTP response completion. Server broadcast timestamp, client-store update, and browser render were not instrumented and remain blank."
realtime_final,10,comment_edit,16.009,ms,1,measured_warm,node_websocket_client_timing,"Database completion is approximated by HTTP response completion. Server broadcast timestamp, client-store update, and browser render were not instrumented and remain blank."
realtime_final,10,comment_edit,16.028,ms,1,measured_warm,node_websocket_client_timing,"Database completion is approximated by HTTP response completion. Server broadcast timestamp, client-store update, and browser render were not instrumented and remain blank."
realtime_final,10,comment_edit,16.045,ms,1,measured_warm,node_websocket_client_timing,"Database completion is approximated by HTTP response completion. Server broadcast timestamp, client-store update, and browser render were not instrumented and remain blank."
realtime_final,10,comment_edit,16.061,ms,1,measured_warm,node_websocket_client_timing,"Database completion is approximated by HTTP response completion. Server broadcast timestamp, client-store update, and browser render were not instrumented and remain blank."
realtime_final,10,comment_edit,16.077,ms,1,measured_warm,node_websocket_client_timing,"Database completion is approximated by HTTP response completion. Server broadcast timestamp, client-store update, and browser render were not instrumented and remain blank."
realtime_final,10,comment_edit,16.098,ms,1,measured_warm,node_websocket_client_timing,"Database completion is approximated by HTTP response completion. Server broadcast timestamp, client-store update, and browser render were not instrumented and remain blank."
realtime_final,10,comment_edit,16.184,ms,1,measured_warm,node_websocket_client_timing,"Database completion is approximated by HTTP response completion. Server broadcast timestamp, client-store update, and browser render were not instrumented and remain blank."
realtime_final,10,rating_update,10.717,ms,1,measured_warm,node_websocket_client_timing,"Database completion is approximated by HTTP response completion. Server broadcast timestamp, client-store update, and browser render were not instrumented and remain blank."
realtime_final,10,rating_update,10.834,ms,1,measured_warm,node_websocket_client_timing,"Database completion is approximated by HTTP response completion. Server broadcast timestamp, client-store update, and browser render were not instrumented and remain blank."
realtime_final,10,rating_update,10.855,ms,1,measured_warm,node_websocket_client_timing,"Database completion is approximated by HTTP response completion. Server broadcast timestamp, client-store update, and browser render were not instrumented and remain blank."
realtime_final,10,rating_update,10.873,ms,1,measured_warm,node_websocket_client_timing,"Database completion is approximated by HTTP response completion. Server broadcast timestamp, client-store update, and browser render were not instrumented and remain blank."
realtime_final,10,rating_update,10.889,ms,1,measured_warm,node_websocket_client_timing,"Database completion is approximated by HTTP response completion. Server broadcast timestamp, client-store update, and browser render were not instrumented and remain blank."
realtime_final,10,rating_update,10.904,ms,1,measured_warm,node_websocket_client_timing,"Database completion is approximated by HTTP response completion. Server broadcast timestamp, client-store update, and browser render were not instrumented and remain blank."
realtime_final,10,rating_update,10.919,ms,1,measured_warm,node_websocket_client_timing,"Database completion is approximated by HTTP response completion. Server broadcast timestamp, client-store update, and browser render were not instrumented and remain blank."
realtime_final,10,rating_update,10.937,ms,1,measured_warm,node_websocket_client_timing,"Database completion is approximated by HTTP response completion. Server broadcast timestamp, client-store update, and browser render were not instrumented and remain blank."
realtime_final,10,rating_update,10.952,ms,1,measured_warm,node_websocket_client_timing,"Database completion is approximated by HTTP response completion. Server broadcast timestamp, client-store update, and browser render were not instrumented and remain blank."
realtime_final,10,rating_update,10.969,ms,1,measured_warm,node_websocket_client_timing,"Database completion is approximated by HTTP response completion. Server broadcast timestamp, client-store update, and browser render were not instrumented and remain blank."
realtime_final,10,comment_delete,9.073,ms,1,measured_warm,node_websocket_client_timing,"Database completion is approximated by HTTP response completion. Server broadcast timestamp, client-store update, and browser render were not instrumented and remain blank."
realtime_final,10,comment_delete,9.125,ms,1,measured_warm,node_websocket_client_timing,"Database completion is approximated by HTTP response completion. Server broadcast timestamp, client-store update, and browser render were not instrumented and remain blank."
realtime_final,10,comment_delete,9.142,ms,1,measured_warm,node_websocket_client_timing,"Database completion is approximated by HTTP response completion. Server broadcast timestamp, client-store update, and browser render were not instrumented and remain blank."
realtime_final,10,comment_delete,9.156,ms,1,measured_warm,node_websocket_client_timing,"Database completion is approximated by HTTP response completion. Server broadcast timestamp, client-store update, and browser render were not instrumented and remain blank."
realtime_final,10,comment_delete,9.169,ms,1,measured_warm,node_websocket_client_timing,"Database completion is approximated by HTTP response completion. Server broadcast timestamp, client-store update, and browser render were not instrumented and remain blank."
realtime_final,10,comment_delete,9.184,ms,1,measured_warm,node_websocket_client_timing,"Database completion is approximated by HTTP response completion. Server broadcast timestamp, client-store update, and browser render were not instrumented and remain blank."
realtime_final,10,comment_delete,9.197,ms,1,measured_warm,node_websocket_client_timing,"Database completion is approximated by HTTP response completion. Server broadcast timestamp, client-store update, and browser render were not instrumented and remain blank."
realtime_final,10,comment_delete,9.209,ms,1,measured_warm,node_websocket_client_timing,"Database completion is approximated by HTTP response completion. Server broadcast timestamp, client-store update, and browser render were not instrumented and remain blank."
realtime_final,10,comment_delete,9.222,ms,1,measured_warm,node_websocket_client_timing,"Database completion is approximated by HTTP response completion. Server broadcast timestamp, client-store update, and browser render were not instrumented and remain blank."
realtime_final,10,comment_delete,9.240,ms,1,measured_warm,node_websocket_client_timing,"Database completion is approximated by HTTP response completion. Server broadcast timestamp, client-store update, and browser render were not instrumented and remain blank."
realtime_final,10,comment_create,10.279,ms,1,measured_warm,node_websocket_client_timing,"Database completion is approximated by HTTP response completion. Server broadcast timestamp, client-store update, and browser render were not instrumented and remain blank."
realtime_final,10,comment_create,10.323,ms,1,measured_warm,node_websocket_client_timing,"Database completion is approximated by HTTP response completion. Server broadcast timestamp, client-store update, and browser render were not instrumented and remain blank."
realtime_final,10,comment_create,10.340,ms,1,measured_warm,node_websocket_client_timing,"Database completion is approximated by HTTP response completion. Server broadcast timestamp, client-store update, and browser render were not instrumented and remain blank."
realtime_final,10,comment_create,10.362,ms,1,measured_warm,node_websocket_client_timing,"Database completion is approximated by HTTP response completion. Server broadcast timestamp, client-store update, and browser render were not instrumented and remain blank."
realtime_final,10,comment_create,10.376,ms,1,measured_warm,node_websocket_client_timing,"Database completion is approximated by HTTP response completion. Server broadcast timestamp, client-store update, and browser render were not instrumented and remain blank."
realtime_final,10,comment_create,10.390,ms,1,measured_warm,node_websocket_client_timing,"Database completion is approximated by HTTP response completion. Server broadcast timestamp, client-store update, and browser render were not instrumented and remain blank."
realtime_final,10,comment_create,10.403,ms,1,measured_warm,node_websocket_client_timing,"Database completion is approximated by HTTP response completion. Server broadcast timestamp, client-store update, and browser render were not instrumented and remain blank."
realtime_final,10,comment_create,10.416,ms,1,measured_warm,node_websocket_client_timing,"Database completion is approximated by HTTP response completion. Server broadcast timestamp, client-store update, and browser render were not instrumented and remain blank."
realtime_final,10,comment_create,10.428,ms,1,measured_warm,node_websocket_client_timing,"Database completion is approximated by HTTP response completion. Server broadcast timestamp, client-store update, and browser render were not instrumented and remain blank."
realtime_final,10,comment_create,10.446,ms,1,measured_warm,node_websocket_client_timing,"Database completion is approximated by HTTP response completion. Server broadcast timestamp, client-store update, and browser render were not instrumented and remain blank."
realtime_final,10,comment_edit,9.305,ms,1,measured_warm,node_websocket_client_timing,"Database completion is approximated by HTTP response completion. Server broadcast timestamp, client-store update, and browser render were not instrumented and remain blank."
realtime_final,10,comment_edit,9.381,ms,1,measured_warm,node_websocket_client_timing,"Database completion is approximated by HTTP response completion. Server broadcast timestamp, client-store update, and browser render were not instrumented and remain blank."
realtime_final,10,comment_edit,9.442,ms,1,measured_warm,node_websocket_client_timing,"Database completion is approximated by HTTP response completion. Server broadcast timestamp, client-store update, and browser render were not instrumented and remain blank."
realtime_final,10,comment_edit,9.460,ms,1,measured_warm,node_websocket_client_timing,"Database completion is approximated by HTTP response completion. Server broadcast timestamp, client-store update, and browser render were not instrumented and remain blank."
realtime_final,10,comment_edit,9.475,ms,1,measured_warm,node_websocket_client_timing,"Database completion is approximated by HTTP response completion. Server broadcast timestamp, client-store update, and browser render were not instrumented and remain blank."
realtime_final,10,comment_edit,9.489,ms,1,measured_warm,node_websocket_client_timing,"Database completion is approximated by HTTP response completion. Server broadcast timestamp, client-store update, and browser render were not instrumented and remain blank."
realtime_final,10,comment_edit,9.504,ms,1,measured_warm,node_websocket_client_timing,"Database completion is approximated by HTTP response completion. Server broadcast timestamp, client-store update, and browser render were not instrumented and remain blank."
realtime_final,10,comment_edit,9.522,ms,1,measured_warm,node_websocket_client_timing,"Database completion is approximated by HTTP response completion. Server broadcast timestamp, client-store update, and browser render were not instrumented and remain blank."
realtime_final,10,comment_edit,9.535,ms,1,measured_warm,node_websocket_client_timing,"Database completion is approximated by HTTP response completion. Server broadcast timestamp, client-store update, and browser render were not instrumented and remain blank."
realtime_final,10,comment_edit,9.554,ms,1,measured_warm,node_websocket_client_timing,"Database completion is approximated by HTTP response completion. Server broadcast timestamp, client-store update, and browser render were not instrumented and remain blank."
realtime_final,10,rating_update,16.055,ms,1,measured_warm,node_websocket_client_timing,"Database completion is approximated by HTTP response completion. Server broadcast timestamp, client-store update, and browser render were not instrumented and remain blank."
realtime_final,10,rating_update,16.109,ms,1,measured_warm,node_websocket_client_timing,"Database completion is approximated by HTTP response completion. Server broadcast timestamp, client-store update, and browser render were not instrumented and remain blank."
realtime_final,10,rating_update,16.126,ms,1,measured_warm,node_websocket_client_timing,"Database completion is approximated by HTTP response completion. Server broadcast timestamp, client-store update, and browser render were not instrumented and remain blank."
realtime_final,10,rating_update,16.139,ms,1,measured_warm,node_websocket_client_timing,"Database completion is approximated by HTTP response completion. Server broadcast timestamp, client-store update, and browser render were not instrumented and remain blank."
realtime_final,10,rating_update,16.153,ms,1,measured_warm,node_websocket_client_timing,"Database completion is approximated by HTTP response completion. Server broadcast timestamp, client-store update, and browser render were not instrumented and remain blank."
realtime_final,10,rating_update,16.169,ms,1,measured_warm,node_websocket_client_timing,"Database completion is approximated by HTTP response completion. Server broadcast timestamp, client-store update, and browser render were not instrumented and remain blank."
realtime_final,10,rating_update,16.186,ms,1,measured_warm,node_websocket_client_timing,"Database completion is approximated by HTTP response completion. Server broadcast timestamp, client-store update, and browser render were not instrumented and remain blank."
realtime_final,10,rating_update,16.204,ms,1,measured_warm,node_websocket_client_timing,"Database completion is approximated by HTTP response completion. Server broadcast timestamp, client-store update, and browser render were not instrumented and remain blank."
realtime_final,10,rating_update,16.220,ms,1,measured_warm,node_websocket_client_timing,"Database completion is approximated by HTTP response completion. Server broadcast timestamp, client-store update, and browser render were not instrumented and remain blank."
realtime_final,10,rating_update,16.236,ms,1,measured_warm,node_websocket_client_timing,"Database completion is approximated by HTTP response completion. Server broadcast timestamp, client-store update, and browser render were not instrumented and remain blank."
realtime_final,10,comment_delete,9.954,ms,1,measured_warm,node_websocket_client_timing,"Database completion is approximated by HTTP response completion. Server broadcast timestamp, client-store update, and browser render were not instrumented and remain blank."
realtime_final,10,comment_delete,10.005,ms,1,measured_warm,node_websocket_client_timing,"Database completion is approximated by HTTP response completion. Server broadcast timestamp, client-store update, and browser render were not instrumented and remain blank."
realtime_final,10,comment_delete,10.020,ms,1,measured_warm,node_websocket_client_timing,"Database completion is approximated by HTTP response completion. Server broadcast timestamp, client-store update, and browser render were not instrumented and remain blank."
realtime_final,10,comment_delete,10.033,ms,1,measured_warm,node_websocket_client_timing,"Database completion is approximated by HTTP response completion. Server broadcast timestamp, client-store update, and browser render were not instrumented and remain blank."
realtime_final,10,comment_delete,10.046,ms,1,measured_warm,node_websocket_client_timing,"Database completion is approximated by HTTP response completion. Server broadcast timestamp, client-store update, and browser render were not instrumented and remain blank."
realtime_final,10,comment_delete,10.061,ms,1,measured_warm,node_websocket_client_timing,"Database completion is approximated by HTTP response completion. Server broadcast timestamp, client-store update, and browser render were not instrumented and remain blank."
realtime_final,10,comment_delete,10.074,ms,1,measured_warm,node_websocket_client_timing,"Database completion is approximated by HTTP response completion. Server broadcast timestamp, client-store update, and browser render were not instrumented and remain blank."
realtime_final,10,comment_delete,10.086,ms,1,measured_warm,node_websocket_client_timing,"Database completion is approximated by HTTP response completion. Server broadcast timestamp, client-store update, and browser render were not instrumented and remain blank."
realtime_final,10,comment_delete,10.098,ms,1,measured_warm,node_websocket_client_timing,"Database completion is approximated by HTTP response completion. Server broadcast timestamp, client-store update, and browser render were not instrumented and remain blank."
realtime_final,10,comment_delete,10.116,ms,1,measured_warm,node_websocket_client_timing,"Database completion is approximated by HTTP response completion. Server broadcast timestamp, client-store update, and browser render were not instrumented and remain blank."
realtime_final,10,comment_create,12.161,ms,1,measured_warm,node_websocket_client_timing,"Database completion is approximated by HTTP response completion. Server broadcast timestamp, client-store update, and browser render were not instrumented and remain blank."
realtime_final,10,comment_create,12.228,ms,1,measured_warm,node_websocket_client_timing,"Database completion is approximated by HTTP response completion. Server broadcast timestamp, client-store update, and browser render were not instrumented and remain blank."
realtime_final,10,comment_create,12.247,ms,1,measured_warm,node_websocket_client_timing,"Database completion is approximated by HTTP response completion. Server broadcast timestamp, client-store update, and browser render were not instrumented and remain blank."
realtime_final,10,comment_create,12.265,ms,1,measured_warm,node_websocket_client_timing,"Database completion is approximated by HTTP response completion. Server broadcast timestamp, client-store update, and browser render were not instrumented and remain blank."
realtime_final,10,comment_create,12.284,ms,1,measured_warm,node_websocket_client_timing,"Database completion is approximated by HTTP response completion. Server broadcast timestamp, client-store update, and browser render were not instrumented and remain blank."
realtime_final,10,comment_create,12.302,ms,1,measured_warm,node_websocket_client_timing,"Database completion is approximated by HTTP response completion. Server broadcast timestamp, client-store update, and browser render were not instrumented and remain blank."
realtime_final,10,comment_create,12.319,ms,1,measured_warm,node_websocket_client_timing,"Database completion is approximated by HTTP response completion. Server broadcast timestamp, client-store update, and browser render were not instrumented and remain blank."
realtime_final,10,comment_create,12.335,ms,1,measured_warm,node_websocket_client_timing,"Database completion is approximated by HTTP response completion. Server broadcast timestamp, client-store update, and browser render were not instrumented and remain blank."
realtime_final,10,comment_create,12.357,ms,1,measured_warm,node_websocket_client_timing,"Database completion is approximated by HTTP response completion. Server broadcast timestamp, client-store update, and browser render were not instrumented and remain blank."
realtime_final,10,comment_create,12.396,ms,1,measured_warm,node_websocket_client_timing,"Database completion is approximated by HTTP response completion. Server broadcast timestamp, client-store update, and browser render were not instrumented and remain blank."
realtime_final,10,comment_edit,10.128,ms,1,measured_warm,node_websocket_client_timing,"Database completion is approximated by HTTP response completion. Server broadcast timestamp, client-store update, and browser render were not instrumented and remain blank."
realtime_final,10,comment_edit,10.184,ms,1,measured_warm,node_websocket_client_timing,"Database completion is approximated by HTTP response completion. Server broadcast timestamp, client-store update, and browser render were not instrumented and remain blank."
realtime_final,10,comment_edit,10.203,ms,1,measured_warm,node_websocket_client_timing,"Database completion is approximated by HTTP response completion. Server broadcast timestamp, client-store update, and browser render were not instrumented and remain blank."
realtime_final,10,comment_edit,10.221,ms,1,measured_warm,node_websocket_client_timing,"Database completion is approximated by HTTP response completion. Server broadcast timestamp, client-store update, and browser render were not instrumented and remain blank."
realtime_final,10,comment_edit,10.236,ms,1,measured_warm,node_websocket_client_timing,"Database completion is approximated by HTTP response completion. Server broadcast timestamp, client-store update, and browser render were not instrumented and remain blank."
realtime_final,10,comment_edit,10.251,ms,1,measured_warm,node_websocket_client_timing,"Database completion is approximated by HTTP response completion. Server broadcast timestamp, client-store update, and browser render were not instrumented and remain blank."
realtime_final,10,comment_edit,10.269,ms,1,measured_warm,node_websocket_client_timing,"Database completion is approximated by HTTP response completion. Server broadcast timestamp, client-store update, and browser render were not instrumented and remain blank."
realtime_final,10,comment_edit,10.284,ms,1,measured_warm,node_websocket_client_timing,"Database completion is approximated by HTTP response completion. Server broadcast timestamp, client-store update, and browser render were not instrumented and remain blank."
realtime_final,10,comment_edit,10.301,ms,1,measured_warm,node_websocket_client_timing,"Database completion is approximated by HTTP response completion. Server broadcast timestamp, client-store update, and browser render were not instrumented and remain blank."
realtime_final,10,comment_edit,10.340,ms,1,measured_warm,node_websocket_client_timing,"Database completion is approximated by HTTP response completion. Server broadcast timestamp, client-store update, and browser render were not instrumented and remain blank."
realtime_final,10,rating_update,11.307,ms,1,measured_warm,node_websocket_client_timing,"Database completion is approximated by HTTP response completion. Server broadcast timestamp, client-store update, and browser render were not instrumented and remain blank."
realtime_final,10,rating_update,11.360,ms,1,measured_warm,node_websocket_client_timing,"Database completion is approximated by HTTP response completion. Server broadcast timestamp, client-store update, and browser render were not instrumented and remain blank."
realtime_final,10,rating_update,11.377,ms,1,measured_warm,node_websocket_client_timing,"Database completion is approximated by HTTP response completion. Server broadcast timestamp, client-store update, and browser render were not instrumented and remain blank."
realtime_final,10,rating_update,11.390,ms,1,measured_warm,node_websocket_client_timing,"Database completion is approximated by HTTP response completion. Server broadcast timestamp, client-store update, and browser render were not instrumented and remain blank."
realtime_final,10,rating_update,11.405,ms,1,measured_warm,node_websocket_client_timing,"Database completion is approximated by HTTP response completion. Server broadcast timestamp, client-store update, and browser render were not instrumented and remain blank."
realtime_final,10,rating_update,11.419,ms,1,measured_warm,node_websocket_client_timing,"Database completion is approximated by HTTP response completion. Server broadcast timestamp, client-store update, and browser render were not instrumented and remain blank."
realtime_final,10,rating_update,11.431,ms,1,measured_warm,node_websocket_client_timing,"Database completion is approximated by HTTP response completion. Server broadcast timestamp, client-store update, and browser render were not instrumented and remain blank."
realtime_final,10,rating_update,11.444,ms,1,measured_warm,node_websocket_client_timing,"Database completion is approximated by HTTP response completion. Server broadcast timestamp, client-store update, and browser render were not instrumented and remain blank."
realtime_final,10,rating_update,11.457,ms,1,measured_warm,node_websocket_client_timing,"Database completion is approximated by HTTP response completion. Server broadcast timestamp, client-store update, and browser render were not instrumented and remain blank."
realtime_final,10,rating_update,11.476,ms,1,measured_warm,node_websocket_client_timing,"Database completion is approximated by HTTP response completion. Server broadcast timestamp, client-store update, and browser render were not instrumented and remain blank."
realtime_final,10,comment_delete,10.641,ms,1,measured_warm,node_websocket_client_timing,"Database completion is approximated by HTTP response completion. Server broadcast timestamp, client-store update, and browser render were not instrumented and remain blank."
realtime_final,10,comment_delete,10.703,ms,1,measured_warm,node_websocket_client_timing,"Database completion is approximated by HTTP response completion. Server broadcast timestamp, client-store update, and browser render were not instrumented and remain blank."
realtime_final,10,comment_delete,10.720,ms,1,measured_warm,node_websocket_client_timing,"Database completion is approximated by HTTP response completion. Server broadcast timestamp, client-store update, and browser render were not instrumented and remain blank."
realtime_final,10,comment_delete,10.734,ms,1,measured_warm,node_websocket_client_timing,"Database completion is approximated by HTTP response completion. Server broadcast timestamp, client-store update, and browser render were not instrumented and remain blank."
realtime_final,10,comment_delete,10.748,ms,1,measured_warm,node_websocket_client_timing,"Database completion is approximated by HTTP response completion. Server broadcast timestamp, client-store update, and browser render were not instrumented and remain blank."
realtime_final,10,comment_delete,10.762,ms,1,measured_warm,node_websocket_client_timing,"Database completion is approximated by HTTP response completion. Server broadcast timestamp, client-store update, and browser render were not instrumented and remain blank."
realtime_final,10,comment_delete,10.775,ms,1,measured_warm,node_websocket_client_timing,"Database completion is approximated by HTTP response completion. Server broadcast timestamp, client-store update, and browser render were not instrumented and remain blank."
realtime_final,10,comment_delete,10.793,ms,1,measured_warm,node_websocket_client_timing,"Database completion is approximated by HTTP response completion. Server broadcast timestamp, client-store update, and browser render were not instrumented and remain blank."
realtime_final,10,comment_delete,10.817,ms,1,measured_warm,node_websocket_client_timing,"Database completion is approximated by HTTP response completion. Server broadcast timestamp, client-store update, and browser render were not instrumented and remain blank."
realtime_final,10,comment_delete,10.835,ms,1,measured_warm,node_websocket_client_timing,"Database completion is approximated by HTTP response completion. Server broadcast timestamp, client-store update, and browser render were not instrumented and remain blank."
realtime_final,10,comment_create,10.736,ms,1,measured_warm,node_websocket_client_timing,"Database completion is approximated by HTTP response completion. Server broadcast timestamp, client-store update, and browser render were not instrumented and remain blank."
realtime_final,10,comment_create,10.788,ms,1,measured_warm,node_websocket_client_timing,"Database completion is approximated by HTTP response completion. Server broadcast timestamp, client-store update, and browser render were not instrumented and remain blank."
realtime_final,10,comment_create,10.805,ms,1,measured_warm,node_websocket_client_timing,"Database completion is approximated by HTTP response completion. Server broadcast timestamp, client-store update, and browser render were not instrumented and remain blank."
realtime_final,10,comment_create,10.820,ms,1,measured_warm,node_websocket_client_timing,"Database completion is approximated by HTTP response completion. Server broadcast timestamp, client-store update, and browser render were not instrumented and remain blank."
realtime_final,10,comment_create,10.834,ms,1,measured_warm,node_websocket_client_timing,"Database completion is approximated by HTTP response completion. Server broadcast timestamp, client-store update, and browser render were not instrumented and remain blank."
realtime_final,10,comment_create,10.855,ms,1,measured_warm,node_websocket_client_timing,"Database completion is approximated by HTTP response completion. Server broadcast timestamp, client-store update, and browser render were not instrumented and remain blank."
realtime_final,10,comment_create,10.905,ms,1,measured_warm,node_websocket_client_timing,"Database completion is approximated by HTTP response completion. Server broadcast timestamp, client-store update, and browser render were not instrumented and remain blank."
realtime_final,10,comment_create,10.922,ms,1,measured_warm,node_websocket_client_timing,"Database completion is approximated by HTTP response completion. Server broadcast timestamp, client-store update, and browser render were not instrumented and remain blank."
realtime_final,10,comment_create,10.940,ms,1,measured_warm,node_websocket_client_timing,"Database completion is approximated by HTTP response completion. Server broadcast timestamp, client-store update, and browser render were not instrumented and remain blank."
realtime_final,10,comment_create,10.977,ms,1,measured_warm,node_websocket_client_timing,"Database completion is approximated by HTTP response completion. Server broadcast timestamp, client-store update, and browser render were not instrumented and remain blank."
realtime_final,10,comment_edit,9.752,ms,1,measured_warm,node_websocket_client_timing,"Database completion is approximated by HTTP response completion. Server broadcast timestamp, client-store update, and browser render were not instrumented and remain blank."
realtime_final,10,comment_edit,9.848,ms,1,measured_warm,node_websocket_client_timing,"Database completion is approximated by HTTP response completion. Server broadcast timestamp, client-store update, and browser render were not instrumented and remain blank."
realtime_final,10,comment_edit,9.908,ms,1,measured_warm,node_websocket_client_timing,"Database completion is approximated by HTTP response completion. Server broadcast timestamp, client-store update, and browser render were not instrumented and remain blank."
realtime_final,10,comment_edit,9.955,ms,1,measured_warm,node_websocket_client_timing,"Database completion is approximated by HTTP response completion. Server broadcast timestamp, client-store update, and browser render were not instrumented and remain blank."
realtime_final,10,comment_edit,9.998,ms,1,measured_warm,node_websocket_client_timing,"Database completion is approximated by HTTP response completion. Server broadcast timestamp, client-store update, and browser render were not instrumented and remain blank."
realtime_final,10,comment_edit,10.064,ms,1,measured_warm,node_websocket_client_timing,"Database completion is approximated by HTTP response completion. Server broadcast timestamp, client-store update, and browser render were not instrumented and remain blank."
realtime_final,10,comment_edit,10.110,ms,1,measured_warm,node_websocket_client_timing,"Database completion is approximated by HTTP response completion. Server broadcast timestamp, client-store update, and browser render were not instrumented and remain blank."
realtime_final,10,comment_edit,10.149,ms,1,measured_warm,node_websocket_client_timing,"Database completion is approximated by HTTP response completion. Server broadcast timestamp, client-store update, and browser render were not instrumented and remain blank."
realtime_final,10,comment_edit,10.190,ms,1,measured_warm,node_websocket_client_timing,"Database completion is approximated by HTTP response completion. Server broadcast timestamp, client-store update, and browser render were not instrumented and remain blank."
realtime_final,10,comment_edit,10.239,ms,1,measured_warm,node_websocket_client_timing,"Database completion is approximated by HTTP response completion. Server broadcast timestamp, client-store update, and browser render were not instrumented and remain blank."
realtime_final,10,rating_update,10.557,ms,1,measured_warm,node_websocket_client_timing,"Database completion is approximated by HTTP response completion. Server broadcast timestamp, client-store update, and browser render were not instrumented and remain blank."
realtime_final,10,rating_update,10.614,ms,1,measured_warm,node_websocket_client_timing,"Database completion is approximated by HTTP response completion. Server broadcast timestamp, client-store update, and browser render were not instrumented and remain blank."
realtime_final,10,rating_update,10.630,ms,1,measured_warm,node_websocket_client_timing,"Database completion is approximated by HTTP response completion. Server broadcast timestamp, client-store update, and browser render were not instrumented and remain blank."
realtime_final,10,rating_update,10.644,ms,1,measured_warm,node_websocket_client_timing,"Database completion is approximated by HTTP response completion. Server broadcast timestamp, client-store update, and browser render were not instrumented and remain blank."
realtime_final,10,rating_update,10.657,ms,1,measured_warm,node_websocket_client_timing,"Database completion is approximated by HTTP response completion. Server broadcast timestamp, client-store update, and browser render were not instrumented and remain blank."
realtime_final,10,rating_update,10.677,ms,1,measured_warm,node_websocket_client_timing,"Database completion is approximated by HTTP response completion. Server broadcast timestamp, client-store update, and browser render were not instrumented and remain blank."
realtime_final,10,rating_update,10.694,ms,1,measured_warm,node_websocket_client_timing,"Database completion is approximated by HTTP response completion. Server broadcast timestamp, client-store update, and browser render were not instrumented and remain blank."
realtime_final,10,rating_update,10.707,ms,1,measured_warm,node_websocket_client_timing,"Database completion is approximated by HTTP response completion. Server broadcast timestamp, client-store update, and browser render were not instrumented and remain blank."
realtime_final,10,rating_update,10.721,ms,1,measured_warm,node_websocket_client_timing,"Database completion is approximated by HTTP response completion. Server broadcast timestamp, client-store update, and browser render were not instrumented and remain blank."
realtime_final,10,rating_update,10.739,ms,1,measured_warm,node_websocket_client_timing,"Database completion is approximated by HTTP response completion. Server broadcast timestamp, client-store update, and browser render were not instrumented and remain blank."
realtime_final,10,comment_delete,8.681,ms,1,measured_warm,node_websocket_client_timing,"Database completion is approximated by HTTP response completion. Server broadcast timestamp, client-store update, and browser render were not instrumented and remain blank."
realtime_final,10,comment_delete,8.799,ms,1,measured_warm,node_websocket_client_timing,"Database completion is approximated by HTTP response completion. Server broadcast timestamp, client-store update, and browser render were not instrumented and remain blank."
realtime_final,10,comment_delete,8.848,ms,1,measured_warm,node_websocket_client_timing,"Database completion is approximated by HTTP response completion. Server broadcast timestamp, client-store update, and browser render were not instrumented and remain blank."
realtime_final,10,comment_delete,8.893,ms,1,measured_warm,node_websocket_client_timing,"Database completion is approximated by HTTP response completion. Server broadcast timestamp, client-store update, and browser render were not instrumented and remain blank."
realtime_final,10,comment_delete,8.946,ms,1,measured_warm,node_websocket_client_timing,"Database completion is approximated by HTTP response completion. Server broadcast timestamp, client-store update, and browser render were not instrumented and remain blank."
realtime_final,10,comment_delete,9.042,ms,1,measured_warm,node_websocket_client_timing,"Database completion is approximated by HTTP response completion. Server broadcast timestamp, client-store update, and browser render were not instrumented and remain blank."
realtime_final,10,comment_delete,9.083,ms,1,measured_warm,node_websocket_client_timing,"Database completion is approximated by HTTP response completion. Server broadcast timestamp, client-store update, and browser render were not instrumented and remain blank."
realtime_final,10,comment_delete,9.133,ms,1,measured_warm,node_websocket_client_timing,"Database completion is approximated by HTTP response completion. Server broadcast timestamp, client-store update, and browser render were not instrumented and remain blank."
realtime_final,10,comment_delete,9.171,ms,1,measured_warm,node_websocket_client_timing,"Database completion is approximated by HTTP response completion. Server broadcast timestamp, client-store update, and browser render were not instrumented and remain blank."
realtime_final,10,comment_delete,9.219,ms,1,measured_warm,node_websocket_client_timing,"Database completion is approximated by HTTP response completion. Server broadcast timestamp, client-store update, and browser render were not instrumented and remain blank."
realtime_final,10,comment_create,9.969,ms,1,measured_warm,node_websocket_client_timing,"Database completion is approximated by HTTP response completion. Server broadcast timestamp, client-store update, and browser render were not instrumented and remain blank."
realtime_final,10,comment_create,10.032,ms,1,measured_warm,node_websocket_client_timing,"Database completion is approximated by HTTP response completion. Server broadcast timestamp, client-store update, and browser render were not instrumented and remain blank."
realtime_final,10,comment_create,10.054,ms,1,measured_warm,node_websocket_client_timing,"Database completion is approximated by HTTP response completion. Server broadcast timestamp, client-store update, and browser render were not instrumented and remain blank."
realtime_final,10,comment_create,10.070,ms,1,measured_warm,node_websocket_client_timing,"Database completion is approximated by HTTP response completion. Server broadcast timestamp, client-store update, and browser render were not instrumented and remain blank."
realtime_final,10,comment_create,10.086,ms,1,measured_warm,node_websocket_client_timing,"Database completion is approximated by HTTP response completion. Server broadcast timestamp, client-store update, and browser render were not instrumented and remain blank."
realtime_final,10,comment_create,10.100,ms,1,measured_warm,node_websocket_client_timing,"Database completion is approximated by HTTP response completion. Server broadcast timestamp, client-store update, and browser render were not instrumented and remain blank."
realtime_final,10,comment_create,10.117,ms,1,measured_warm,node_websocket_client_timing,"Database completion is approximated by HTTP response completion. Server broadcast timestamp, client-store update, and browser render were not instrumented and remain blank."
realtime_final,10,comment_create,10.153,ms,1,measured_warm,node_websocket_client_timing,"Database completion is approximated by HTTP response completion. Server broadcast timestamp, client-store update, and browser render were not instrumented and remain blank."
realtime_final,10,comment_create,10.172,ms,1,measured_warm,node_websocket_client_timing,"Database completion is approximated by HTTP response completion. Server broadcast timestamp, client-store update, and browser render were not instrumented and remain blank."
realtime_final,10,comment_create,10.189,ms,1,measured_warm,node_websocket_client_timing,"Database completion is approximated by HTTP response completion. Server broadcast timestamp, client-store update, and browser render were not instrumented and remain blank."
realtime_final,10,comment_edit,38.808,ms,1,measured_warm,node_websocket_client_timing,"Database completion is approximated by HTTP response completion. Server broadcast timestamp, client-store update, and browser render were not instrumented and remain blank."
realtime_final,10,comment_edit,38.865,ms,1,measured_warm,node_websocket_client_timing,"Database completion is approximated by HTTP response completion. Server broadcast timestamp, client-store update, and browser render were not instrumented and remain blank."
realtime_final,10,comment_edit,38.903,ms,1,measured_warm,node_websocket_client_timing,"Database completion is approximated by HTTP response completion. Server broadcast timestamp, client-store update, and browser render were not instrumented and remain blank."
realtime_final,10,comment_edit,38.925,ms,1,measured_warm,node_websocket_client_timing,"Database completion is approximated by HTTP response completion. Server broadcast timestamp, client-store update, and browser render were not instrumented and remain blank."
realtime_final,10,comment_edit,38.948,ms,1,measured_warm,node_websocket_client_timing,"Database completion is approximated by HTTP response completion. Server broadcast timestamp, client-store update, and browser render were not instrumented and remain blank."
realtime_final,10,comment_edit,38.965,ms,1,measured_warm,node_websocket_client_timing,"Database completion is approximated by HTTP response completion. Server broadcast timestamp, client-store update, and browser render were not instrumented and remain blank."
realtime_final,10,comment_edit,38.980,ms,1,measured_warm,node_websocket_client_timing,"Database completion is approximated by HTTP response completion. Server broadcast timestamp, client-store update, and browser render were not instrumented and remain blank."
realtime_final,10,comment_edit,38.997,ms,1,measured_warm,node_websocket_client_timing,"Database completion is approximated by HTTP response completion. Server broadcast timestamp, client-store update, and browser render were not instrumented and remain blank."
realtime_final,10,comment_edit,39.015,ms,1,measured_warm,node_websocket_client_timing,"Database completion is approximated by HTTP response completion. Server broadcast timestamp, client-store update, and browser render were not instrumented and remain blank."
realtime_final,10,comment_edit,39.034,ms,1,measured_warm,node_websocket_client_timing,"Database completion is approximated by HTTP response completion. Server broadcast timestamp, client-store update, and browser render were not instrumented and remain blank."
realtime_final,10,rating_update,18.275,ms,1,measured_warm,node_websocket_client_timing,"Database completion is approximated by HTTP response completion. Server broadcast timestamp, client-store update, and browser render were not instrumented and remain blank."
realtime_final,10,rating_update,18.329,ms,1,measured_warm,node_websocket_client_timing,"Database completion is approximated by HTTP response completion. Server broadcast timestamp, client-store update, and browser render were not instrumented and remain blank."
realtime_final,10,rating_update,18.347,ms,1,measured_warm,node_websocket_client_timing,"Database completion is approximated by HTTP response completion. Server broadcast timestamp, client-store update, and browser render were not instrumented and remain blank."
realtime_final,10,rating_update,18.362,ms,1,measured_warm,node_websocket_client_timing,"Database completion is approximated by HTTP response completion. Server broadcast timestamp, client-store update, and browser render were not instrumented and remain blank."
realtime_final,10,rating_update,18.377,ms,1,measured_warm,node_websocket_client_timing,"Database completion is approximated by HTTP response completion. Server broadcast timestamp, client-store update, and browser render were not instrumented and remain blank."
realtime_final,10,rating_update,18.394,ms,1,measured_warm,node_websocket_client_timing,"Database completion is approximated by HTTP response completion. Server broadcast timestamp, client-store update, and browser render were not instrumented and remain blank."
realtime_final,10,rating_update,18.408,ms,1,measured_warm,node_websocket_client_timing,"Database completion is approximated by HTTP response completion. Server broadcast timestamp, client-store update, and browser render were not instrumented and remain blank."
realtime_final,10,rating_update,18.420,ms,1,measured_warm,node_websocket_client_timing,"Database completion is approximated by HTTP response completion. Server broadcast timestamp, client-store update, and browser render were not instrumented and remain blank."
realtime_final,10,rating_update,18.434,ms,1,measured_warm,node_websocket_client_timing,"Database completion is approximated by HTTP response completion. Server broadcast timestamp, client-store update, and browser render were not instrumented and remain blank."
realtime_final,10,rating_update,18.452,ms,1,measured_warm,node_websocket_client_timing,"Database completion is approximated by HTTP response completion. Server broadcast timestamp, client-store update, and browser render were not instrumented and remain blank."
realtime_final,10,comment_delete,8.323,ms,1,measured_warm,node_websocket_client_timing,"Database completion is approximated by HTTP response completion. Server broadcast timestamp, client-store update, and browser render were not instrumented and remain blank."
realtime_final,10,comment_delete,8.396,ms,1,measured_warm,node_websocket_client_timing,"Database completion is approximated by HTTP response completion. Server broadcast timestamp, client-store update, and browser render were not instrumented and remain blank."
realtime_final,10,comment_delete,8.414,ms,1,measured_warm,node_websocket_client_timing,"Database completion is approximated by HTTP response completion. Server broadcast timestamp, client-store update, and browser render were not instrumented and remain blank."
realtime_final,10,comment_delete,8.428,ms,1,measured_warm,node_websocket_client_timing,"Database completion is approximated by HTTP response completion. Server broadcast timestamp, client-store update, and browser render were not instrumented and remain blank."
realtime_final,10,comment_delete,8.442,ms,1,measured_warm,node_websocket_client_timing,"Database completion is approximated by HTTP response completion. Server broadcast timestamp, client-store update, and browser render were not instrumented and remain blank."
realtime_final,10,comment_delete,8.458,ms,1,measured_warm,node_websocket_client_timing,"Database completion is approximated by HTTP response completion. Server broadcast timestamp, client-store update, and browser render were not instrumented and remain blank."
realtime_final,10,comment_delete,8.472,ms,1,measured_warm,node_websocket_client_timing,"Database completion is approximated by HTTP response completion. Server broadcast timestamp, client-store update, and browser render were not instrumented and remain blank."
realtime_final,10,comment_delete,8.485,ms,1,measured_warm,node_websocket_client_timing,"Database completion is approximated by HTTP response completion. Server broadcast timestamp, client-store update, and browser render were not instrumented and remain blank."
realtime_final,10,comment_delete,8.498,ms,1,measured_warm,node_websocket_client_timing,"Database completion is approximated by HTTP response completion. Server broadcast timestamp, client-store update, and browser render were not instrumented and remain blank."
realtime_final,10,comment_delete,8.535,ms,1,measured_warm,node_websocket_client_timing,"Database completion is approximated by HTTP response completion. Server broadcast timestamp, client-store update, and browser render were not instrumented and remain blank."
realtime_final,10,comment_create,9.715,ms,1,measured_warm,node_websocket_client_timing,"Database completion is approximated by HTTP response completion. Server broadcast timestamp, client-store update, and browser render were not instrumented and remain blank."
realtime_final,10,comment_create,9.779,ms,1,measured_warm,node_websocket_client_timing,"Database completion is approximated by HTTP response completion. Server broadcast timestamp, client-store update, and browser render were not instrumented and remain blank."
realtime_final,10,comment_create,9.802,ms,1,measured_warm,node_websocket_client_timing,"Database completion is approximated by HTTP response completion. Server broadcast timestamp, client-store update, and browser render were not instrumented and remain blank."
realtime_final,10,comment_create,9.824,ms,1,measured_warm,node_websocket_client_timing,"Database completion is approximated by HTTP response completion. Server broadcast timestamp, client-store update, and browser render were not instrumented and remain blank."
realtime_final,10,comment_create,9.968,ms,1,measured_warm,node_websocket_client_timing,"Database completion is approximated by HTTP response completion. Server broadcast timestamp, client-store update, and browser render were not instrumented and remain blank."
realtime_final,10,comment_create,10.015,ms,1,measured_warm,node_websocket_client_timing,"Database completion is approximated by HTTP response completion. Server broadcast timestamp, client-store update, and browser render were not instrumented and remain blank."
realtime_final,10,comment_create,10.039,ms,1,measured_warm,node_websocket_client_timing,"Database completion is approximated by HTTP response completion. Server broadcast timestamp, client-store update, and browser render were not instrumented and remain blank."
realtime_final,10,comment_create,10.380,ms,1,measured_warm,node_websocket_client_timing,"Database completion is approximated by HTTP response completion. Server broadcast timestamp, client-store update, and browser render were not instrumented and remain blank."
realtime_final,10,comment_create,10.652,ms,1,measured_warm,node_websocket_client_timing,"Database completion is approximated by HTTP response completion. Server broadcast timestamp, client-store update, and browser render were not instrumented and remain blank."
realtime_final,10,comment_create,10.827,ms,1,measured_warm,node_websocket_client_timing,"Database completion is approximated by HTTP response completion. Server broadcast timestamp, client-store update, and browser render were not instrumented and remain blank."
realtime_final,10,comment_edit,9.521,ms,1,measured_warm,node_websocket_client_timing,"Database completion is approximated by HTTP response completion. Server broadcast timestamp, client-store update, and browser render were not instrumented and remain blank."
realtime_final,10,comment_edit,9.571,ms,1,measured_warm,node_websocket_client_timing,"Database completion is approximated by HTTP response completion. Server broadcast timestamp, client-store update, and browser render were not instrumented and remain blank."
realtime_final,10,comment_edit,9.589,ms,1,measured_warm,node_websocket_client_timing,"Database completion is approximated by HTTP response completion. Server broadcast timestamp, client-store update, and browser render were not instrumented and remain blank."
realtime_final,10,comment_edit,9.608,ms,1,measured_warm,node_websocket_client_timing,"Database completion is approximated by HTTP response completion. Server broadcast timestamp, client-store update, and browser render were not instrumented and remain blank."
realtime_final,10,comment_edit,9.658,ms,1,measured_warm,node_websocket_client_timing,"Database completion is approximated by HTTP response completion. Server broadcast timestamp, client-store update, and browser render were not instrumented and remain blank."
realtime_final,10,comment_edit,9.680,ms,1,measured_warm,node_websocket_client_timing,"Database completion is approximated by HTTP response completion. Server broadcast timestamp, client-store update, and browser render were not instrumented and remain blank."
realtime_final,10,comment_edit,9.695,ms,1,measured_warm,node_websocket_client_timing,"Database completion is approximated by HTTP response completion. Server broadcast timestamp, client-store update, and browser render were not instrumented and remain blank."
realtime_final,10,comment_edit,9.709,ms,1,measured_warm,node_websocket_client_timing,"Database completion is approximated by HTTP response completion. Server broadcast timestamp, client-store update, and browser render were not instrumented and remain blank."
realtime_final,10,comment_edit,9.725,ms,1,measured_warm,node_websocket_client_timing,"Database completion is approximated by HTTP response completion. Server broadcast timestamp, client-store update, and browser render were not instrumented and remain blank."
realtime_final,10,comment_edit,9.749,ms,1,measured_warm,node_websocket_client_timing,"Database completion is approximated by HTTP response completion. Server broadcast timestamp, client-store update, and browser render were not instrumented and remain blank."
realtime_final,10,rating_update,10.756,ms,1,measured_warm,node_websocket_client_timing,"Database completion is approximated by HTTP response completion. Server broadcast timestamp, client-store update, and browser render were not instrumented and remain blank."
realtime_final,10,rating_update,10.804,ms,1,measured_warm,node_websocket_client_timing,"Database completion is approximated by HTTP response completion. Server broadcast timestamp, client-store update, and browser render were not instrumented and remain blank."
realtime_final,10,rating_update,10.820,ms,1,measured_warm,node_websocket_client_timing,"Database completion is approximated by HTTP response completion. Server broadcast timestamp, client-store update, and browser render were not instrumented and remain blank."
realtime_final,10,rating_update,10.836,ms,1,measured_warm,node_websocket_client_timing,"Database completion is approximated by HTTP response completion. Server broadcast timestamp, client-store update, and browser render were not instrumented and remain blank."
realtime_final,10,rating_update,10.877,ms,1,measured_warm,node_websocket_client_timing,"Database completion is approximated by HTTP response completion. Server broadcast timestamp, client-store update, and browser render were not instrumented and remain blank."
realtime_final,10,rating_update,10.895,ms,1,measured_warm,node_websocket_client_timing,"Database completion is approximated by HTTP response completion. Server broadcast timestamp, client-store update, and browser render were not instrumented and remain blank."
realtime_final,10,rating_update,10.908,ms,1,measured_warm,node_websocket_client_timing,"Database completion is approximated by HTTP response completion. Server broadcast timestamp, client-store update, and browser render were not instrumented and remain blank."
realtime_final,10,rating_update,10.919,ms,1,measured_warm,node_websocket_client_timing,"Database completion is approximated by HTTP response completion. Server broadcast timestamp, client-store update, and browser render were not instrumented and remain blank."
realtime_final,10,rating_update,10.931,ms,1,measured_warm,node_websocket_client_timing,"Database completion is approximated by HTTP response completion. Server broadcast timestamp, client-store update, and browser render were not instrumented and remain blank."
realtime_final,10,rating_update,10.950,ms,1,measured_warm,node_websocket_client_timing,"Database completion is approximated by HTTP response completion. Server broadcast timestamp, client-store update, and browser render were not instrumented and remain blank."
realtime_final,10,comment_delete,8.890,ms,1,measured_warm,node_websocket_client_timing,"Database completion is approximated by HTTP response completion. Server broadcast timestamp, client-store update, and browser render were not instrumented and remain blank."
realtime_final,10,comment_delete,8.971,ms,1,measured_warm,node_websocket_client_timing,"Database completion is approximated by HTTP response completion. Server broadcast timestamp, client-store update, and browser render were not instrumented and remain blank."
realtime_final,10,comment_delete,9.026,ms,1,measured_warm,node_websocket_client_timing,"Database completion is approximated by HTTP response completion. Server broadcast timestamp, client-store update, and browser render were not instrumented and remain blank."
realtime_final,10,comment_delete,9.043,ms,1,measured_warm,node_websocket_client_timing,"Database completion is approximated by HTTP response completion. Server broadcast timestamp, client-store update, and browser render were not instrumented and remain blank."
realtime_final,10,comment_delete,9.064,ms,1,measured_warm,node_websocket_client_timing,"Database completion is approximated by HTTP response completion. Server broadcast timestamp, client-store update, and browser render were not instrumented and remain blank."
realtime_final,10,comment_delete,9.082,ms,1,measured_warm,node_websocket_client_timing,"Database completion is approximated by HTTP response completion. Server broadcast timestamp, client-store update, and browser render were not instrumented and remain blank."
realtime_final,10,comment_delete,9.097,ms,1,measured_warm,node_websocket_client_timing,"Database completion is approximated by HTTP response completion. Server broadcast timestamp, client-store update, and browser render were not instrumented and remain blank."
realtime_final,10,comment_delete,9.110,ms,1,measured_warm,node_websocket_client_timing,"Database completion is approximated by HTTP response completion. Server broadcast timestamp, client-store update, and browser render were not instrumented and remain blank."
realtime_final,10,comment_delete,9.123,ms,1,measured_warm,node_websocket_client_timing,"Database completion is approximated by HTTP response completion. Server broadcast timestamp, client-store update, and browser render were not instrumented and remain blank."
realtime_final,10,comment_delete,9.147,ms,1,measured_warm,node_websocket_client_timing,"Database completion is approximated by HTTP response completion. Server broadcast timestamp, client-store update, and browser render were not instrumented and remain blank."
realtime_final,10,comment_create,9.930,ms,1,measured_warm,node_websocket_client_timing,"Database completion is approximated by HTTP response completion. Server broadcast timestamp, client-store update, and browser render were not instrumented and remain blank."
realtime_final,10,comment_create,10.784,ms,1,measured_warm,node_websocket_client_timing,"Database completion is approximated by HTTP response completion. Server broadcast timestamp, client-store update, and browser render were not instrumented and remain blank."
realtime_final,10,comment_create,10.810,ms,1,measured_warm,node_websocket_client_timing,"Database completion is approximated by HTTP response completion. Server broadcast timestamp, client-store update, and browser render were not instrumented and remain blank."
realtime_final,10,comment_create,10.824,ms,1,measured_warm,node_websocket_client_timing,"Database completion is approximated by HTTP response completion. Server broadcast timestamp, client-store update, and browser render were not instrumented and remain blank."
realtime_final,10,comment_create,10.837,ms,1,measured_warm,node_websocket_client_timing,"Database completion is approximated by HTTP response completion. Server broadcast timestamp, client-store update, and browser render were not instrumented and remain blank."
realtime_final,10,comment_create,10.850,ms,1,measured_warm,node_websocket_client_timing,"Database completion is approximated by HTTP response completion. Server broadcast timestamp, client-store update, and browser render were not instrumented and remain blank."
realtime_final,10,comment_create,10.866,ms,1,measured_warm,node_websocket_client_timing,"Database completion is approximated by HTTP response completion. Server broadcast timestamp, client-store update, and browser render were not instrumented and remain blank."
realtime_final,10,comment_create,10.878,ms,1,measured_warm,node_websocket_client_timing,"Database completion is approximated by HTTP response completion. Server broadcast timestamp, client-store update, and browser render were not instrumented and remain blank."
realtime_final,10,comment_create,10.889,ms,1,measured_warm,node_websocket_client_timing,"Database completion is approximated by HTTP response completion. Server broadcast timestamp, client-store update, and browser render were not instrumented and remain blank."
realtime_final,10,comment_create,10.910,ms,1,measured_warm,node_websocket_client_timing,"Database completion is approximated by HTTP response completion. Server broadcast timestamp, client-store update, and browser render were not instrumented and remain blank."
realtime_final,10,comment_edit,9.032,ms,1,measured_warm,node_websocket_client_timing,"Database completion is approximated by HTTP response completion. Server broadcast timestamp, client-store update, and browser render were not instrumented and remain blank."
realtime_final,10,comment_edit,9.071,ms,1,measured_warm,node_websocket_client_timing,"Database completion is approximated by HTTP response completion. Server broadcast timestamp, client-store update, and browser render were not instrumented and remain blank."
realtime_final,10,comment_edit,9.085,ms,1,measured_warm,node_websocket_client_timing,"Database completion is approximated by HTTP response completion. Server broadcast timestamp, client-store update, and browser render were not instrumented and remain blank."
realtime_final,10,comment_edit,9.105,ms,1,measured_warm,node_websocket_client_timing,"Database completion is approximated by HTTP response completion. Server broadcast timestamp, client-store update, and browser render were not instrumented and remain blank."
realtime_final,10,comment_edit,9.118,ms,1,measured_warm,node_websocket_client_timing,"Database completion is approximated by HTTP response completion. Server broadcast timestamp, client-store update, and browser render were not instrumented and remain blank."
realtime_final,10,comment_edit,9.131,ms,1,measured_warm,node_websocket_client_timing,"Database completion is approximated by HTTP response completion. Server broadcast timestamp, client-store update, and browser render were not instrumented and remain blank."
realtime_final,10,comment_edit,9.171,ms,1,measured_warm,node_websocket_client_timing,"Database completion is approximated by HTTP response completion. Server broadcast timestamp, client-store update, and browser render were not instrumented and remain blank."
realtime_final,10,comment_edit,9.184,ms,1,measured_warm,node_websocket_client_timing,"Database completion is approximated by HTTP response completion. Server broadcast timestamp, client-store update, and browser render were not instrumented and remain blank."
realtime_final,10,comment_edit,9.195,ms,1,measured_warm,node_websocket_client_timing,"Database completion is approximated by HTTP response completion. Server broadcast timestamp, client-store update, and browser render were not instrumented and remain blank."
realtime_final,10,comment_edit,9.222,ms,1,measured_warm,node_websocket_client_timing,"Database completion is approximated by HTTP response completion. Server broadcast timestamp, client-store update, and browser render were not instrumented and remain blank."
realtime_final,10,rating_update,10.078,ms,1,measured_warm,node_websocket_client_timing,"Database completion is approximated by HTTP response completion. Server broadcast timestamp, client-store update, and browser render were not instrumented and remain blank."
realtime_final,10,rating_update,10.146,ms,1,measured_warm,node_websocket_client_timing,"Database completion is approximated by HTTP response completion. Server broadcast timestamp, client-store update, and browser render were not instrumented and remain blank."
realtime_final,10,rating_update,10.167,ms,1,measured_warm,node_websocket_client_timing,"Database completion is approximated by HTTP response completion. Server broadcast timestamp, client-store update, and browser render were not instrumented and remain blank."
realtime_final,10,rating_update,10.178,ms,1,measured_warm,node_websocket_client_timing,"Database completion is approximated by HTTP response completion. Server broadcast timestamp, client-store update, and browser render were not instrumented and remain blank."
realtime_final,10,rating_update,10.191,ms,1,measured_warm,node_websocket_client_timing,"Database completion is approximated by HTTP response completion. Server broadcast timestamp, client-store update, and browser render were not instrumented and remain blank."
realtime_final,10,rating_update,10.201,ms,1,measured_warm,node_websocket_client_timing,"Database completion is approximated by HTTP response completion. Server broadcast timestamp, client-store update, and browser render were not instrumented and remain blank."
realtime_final,10,rating_update,10.211,ms,1,measured_warm,node_websocket_client_timing,"Database completion is approximated by HTTP response completion. Server broadcast timestamp, client-store update, and browser render were not instrumented and remain blank."
realtime_final,10,rating_update,10.221,ms,1,measured_warm,node_websocket_client_timing,"Database completion is approximated by HTTP response completion. Server broadcast timestamp, client-store update, and browser render were not instrumented and remain blank."
realtime_final,10,rating_update,10.230,ms,1,measured_warm,node_websocket_client_timing,"Database completion is approximated by HTTP response completion. Server broadcast timestamp, client-store update, and browser render were not instrumented and remain blank."
realtime_final,10,rating_update,10.247,ms,1,measured_warm,node_websocket_client_timing,"Database completion is approximated by HTTP response completion. Server broadcast timestamp, client-store update, and browser render were not instrumented and remain blank."
realtime_final,10,comment_delete,8.922,ms,1,measured_warm,node_websocket_client_timing,"Database completion is approximated by HTTP response completion. Server broadcast timestamp, client-store update, and browser render were not instrumented and remain blank."
realtime_final,10,comment_delete,8.961,ms,1,measured_warm,node_websocket_client_timing,"Database completion is approximated by HTTP response completion. Server broadcast timestamp, client-store update, and browser render were not instrumented and remain blank."
realtime_final,10,comment_delete,8.974,ms,1,measured_warm,node_websocket_client_timing,"Database completion is approximated by HTTP response completion. Server broadcast timestamp, client-store update, and browser render were not instrumented and remain blank."
realtime_final,10,comment_delete,8.984,ms,1,measured_warm,node_websocket_client_timing,"Database completion is approximated by HTTP response completion. Server broadcast timestamp, client-store update, and browser render were not instrumented and remain blank."
realtime_final,10,comment_delete,9.034,ms,1,measured_warm,node_websocket_client_timing,"Database completion is approximated by HTTP response completion. Server broadcast timestamp, client-store update, and browser render were not instrumented and remain blank."
realtime_final,10,comment_delete,9.078,ms,1,measured_warm,node_websocket_client_timing,"Database completion is approximated by HTTP response completion. Server broadcast timestamp, client-store update, and browser render were not instrumented and remain blank."
realtime_final,10,comment_delete,9.093,ms,1,measured_warm,node_websocket_client_timing,"Database completion is approximated by HTTP response completion. Server broadcast timestamp, client-store update, and browser render were not instrumented and remain blank."
realtime_final,10,comment_delete,9.103,ms,1,measured_warm,node_websocket_client_timing,"Database completion is approximated by HTTP response completion. Server broadcast timestamp, client-store update, and browser render were not instrumented and remain blank."
realtime_final,10,comment_delete,9.111,ms,1,measured_warm,node_websocket_client_timing,"Database completion is approximated by HTTP response completion. Server broadcast timestamp, client-store update, and browser render were not instrumented and remain blank."
realtime_final,10,comment_delete,9.127,ms,1,measured_warm,node_websocket_client_timing,"Database completion is approximated by HTTP response completion. Server broadcast timestamp, client-store update, and browser render were not instrumented and remain blank."
realtime_final,10,comment_create,9.757,ms,1,measured_warm,node_websocket_client_timing,"Database completion is approximated by HTTP response completion. Server broadcast timestamp, client-store update, and browser render were not instrumented and remain blank."
realtime_final,10,comment_create,9.792,ms,1,measured_warm,node_websocket_client_timing,"Database completion is approximated by HTTP response completion. Server broadcast timestamp, client-store update, and browser render were not instrumented and remain blank."
realtime_final,10,comment_create,9.811,ms,1,measured_warm,node_websocket_client_timing,"Database completion is approximated by HTTP response completion. Server broadcast timestamp, client-store update, and browser render were not instrumented and remain blank."
realtime_final,10,comment_create,9.822,ms,1,measured_warm,node_websocket_client_timing,"Database completion is approximated by HTTP response completion. Server broadcast timestamp, client-store update, and browser render were not instrumented and remain blank."
realtime_final,10,comment_create,9.833,ms,1,measured_warm,node_websocket_client_timing,"Database completion is approximated by HTTP response completion. Server broadcast timestamp, client-store update, and browser render were not instrumented and remain blank."
realtime_final,10,comment_create,9.844,ms,1,measured_warm,node_websocket_client_timing,"Database completion is approximated by HTTP response completion. Server broadcast timestamp, client-store update, and browser render were not instrumented and remain blank."
realtime_final,10,comment_create,9.855,ms,1,measured_warm,node_websocket_client_timing,"Database completion is approximated by HTTP response completion. Server broadcast timestamp, client-store update, and browser render were not instrumented and remain blank."
realtime_final,10,comment_create,9.866,ms,1,measured_warm,node_websocket_client_timing,"Database completion is approximated by HTTP response completion. Server broadcast timestamp, client-store update, and browser render were not instrumented and remain blank."
realtime_final,10,comment_create,9.876,ms,1,measured_warm,node_websocket_client_timing,"Database completion is approximated by HTTP response completion. Server broadcast timestamp, client-store update, and browser render were not instrumented and remain blank."
realtime_final,10,comment_create,9.891,ms,1,measured_warm,node_websocket_client_timing,"Database completion is approximated by HTTP response completion. Server broadcast timestamp, client-store update, and browser render were not instrumented and remain blank."
realtime_final,10,comment_edit,9.395,ms,1,measured_warm,node_websocket_client_timing,"Database completion is approximated by HTTP response completion. Server broadcast timestamp, client-store update, and browser render were not instrumented and remain blank."
realtime_final,10,comment_edit,9.435,ms,1,measured_warm,node_websocket_client_timing,"Database completion is approximated by HTTP response completion. Server broadcast timestamp, client-store update, and browser render were not instrumented and remain blank."
realtime_final,10,comment_edit,9.448,ms,1,measured_warm,node_websocket_client_timing,"Database completion is approximated by HTTP response completion. Server broadcast timestamp, client-store update, and browser render were not instrumented and remain blank."
realtime_final,10,comment_edit,9.459,ms,1,measured_warm,node_websocket_client_timing,"Database completion is approximated by HTTP response completion. Server broadcast timestamp, client-store update, and browser render were not instrumented and remain blank."
realtime_final,10,comment_edit,9.470,ms,1,measured_warm,node_websocket_client_timing,"Database completion is approximated by HTTP response completion. Server broadcast timestamp, client-store update, and browser render were not instrumented and remain blank."
realtime_final,10,comment_edit,9.482,ms,1,measured_warm,node_websocket_client_timing,"Database completion is approximated by HTTP response completion. Server broadcast timestamp, client-store update, and browser render were not instrumented and remain blank."
realtime_final,10,comment_edit,9.492,ms,1,measured_warm,node_websocket_client_timing,"Database completion is approximated by HTTP response completion. Server broadcast timestamp, client-store update, and browser render were not instrumented and remain blank."
realtime_final,10,comment_edit,9.503,ms,1,measured_warm,node_websocket_client_timing,"Database completion is approximated by HTTP response completion. Server broadcast timestamp, client-store update, and browser render were not instrumented and remain blank."
realtime_final,10,comment_edit,9.514,ms,1,measured_warm,node_websocket_client_timing,"Database completion is approximated by HTTP response completion. Server broadcast timestamp, client-store update, and browser render were not instrumented and remain blank."
realtime_final,10,comment_edit,9.547,ms,1,measured_warm,node_websocket_client_timing,"Database completion is approximated by HTTP response completion. Server broadcast timestamp, client-store update, and browser render were not instrumented and remain blank."
realtime_final,10,rating_update,11.414,ms,1,measured_warm,node_websocket_client_timing,"Database completion is approximated by HTTP response completion. Server broadcast timestamp, client-store update, and browser render were not instrumented and remain blank."
realtime_final,10,rating_update,11.472,ms,1,measured_warm,node_websocket_client_timing,"Database completion is approximated by HTTP response completion. Server broadcast timestamp, client-store update, and browser render were not instrumented and remain blank."
realtime_final,10,rating_update,11.487,ms,1,measured_warm,node_websocket_client_timing,"Database completion is approximated by HTTP response completion. Server broadcast timestamp, client-store update, and browser render were not instrumented and remain blank."
realtime_final,10,rating_update,11.500,ms,1,measured_warm,node_websocket_client_timing,"Database completion is approximated by HTTP response completion. Server broadcast timestamp, client-store update, and browser render were not instrumented and remain blank."
realtime_final,10,rating_update,11.512,ms,1,measured_warm,node_websocket_client_timing,"Database completion is approximated by HTTP response completion. Server broadcast timestamp, client-store update, and browser render were not instrumented and remain blank."
realtime_final,10,rating_update,11.526,ms,1,measured_warm,node_websocket_client_timing,"Database completion is approximated by HTTP response completion. Server broadcast timestamp, client-store update, and browser render were not instrumented and remain blank."
realtime_final,10,rating_update,11.538,ms,1,measured_warm,node_websocket_client_timing,"Database completion is approximated by HTTP response completion. Server broadcast timestamp, client-store update, and browser render were not instrumented and remain blank."
realtime_final,10,rating_update,11.549,ms,1,measured_warm,node_websocket_client_timing,"Database completion is approximated by HTTP response completion. Server broadcast timestamp, client-store update, and browser render were not instrumented and remain blank."
realtime_final,10,rating_update,11.622,ms,1,measured_warm,node_websocket_client_timing,"Database completion is approximated by HTTP response completion. Server broadcast timestamp, client-store update, and browser render were not instrumented and remain blank."
realtime_final,10,rating_update,11.657,ms,1,measured_warm,node_websocket_client_timing,"Database completion is approximated by HTTP response completion. Server broadcast timestamp, client-store update, and browser render were not instrumented and remain blank."
realtime_final,10,comment_delete,8.563,ms,1,measured_warm,node_websocket_client_timing,"Database completion is approximated by HTTP response completion. Server broadcast timestamp, client-store update, and browser render were not instrumented and remain blank."
realtime_final,10,comment_delete,8.618,ms,1,measured_warm,node_websocket_client_timing,"Database completion is approximated by HTTP response completion. Server broadcast timestamp, client-store update, and browser render were not instrumented and remain blank."
realtime_final,10,comment_delete,8.631,ms,1,measured_warm,node_websocket_client_timing,"Database completion is approximated by HTTP response completion. Server broadcast timestamp, client-store update, and browser render were not instrumented and remain blank."
realtime_final,10,comment_delete,8.643,ms,1,measured_warm,node_websocket_client_timing,"Database completion is approximated by HTTP response completion. Server broadcast timestamp, client-store update, and browser render were not instrumented and remain blank."
realtime_final,10,comment_delete,8.655,ms,1,measured_warm,node_websocket_client_timing,"Database completion is approximated by HTTP response completion. Server broadcast timestamp, client-store update, and browser render were not instrumented and remain blank."
realtime_final,10,comment_delete,8.671,ms,1,measured_warm,node_websocket_client_timing,"Database completion is approximated by HTTP response completion. Server broadcast timestamp, client-store update, and browser render were not instrumented and remain blank."
realtime_final,10,comment_delete,8.682,ms,1,measured_warm,node_websocket_client_timing,"Database completion is approximated by HTTP response completion. Server broadcast timestamp, client-store update, and browser render were not instrumented and remain blank."
realtime_final,10,comment_delete,8.694,ms,1,measured_warm,node_websocket_client_timing,"Database completion is approximated by HTTP response completion. Server broadcast timestamp, client-store update, and browser render were not instrumented and remain blank."
realtime_final,10,comment_delete,8.705,ms,1,measured_warm,node_websocket_client_timing,"Database completion is approximated by HTTP response completion. Server broadcast timestamp, client-store update, and browser render were not instrumented and remain blank."
realtime_final,10,comment_delete,8.743,ms,1,measured_warm,node_websocket_client_timing,"Database completion is approximated by HTTP response completion. Server broadcast timestamp, client-store update, and browser render were not instrumented and remain blank."
realtime_final,10,comment_create,8.947,ms,1,measured_warm,node_websocket_client_timing,"Database completion is approximated by HTTP response completion. Server broadcast timestamp, client-store update, and browser render were not instrumented and remain blank."
realtime_final,10,comment_create,8.987,ms,1,measured_warm,node_websocket_client_timing,"Database completion is approximated by HTTP response completion. Server broadcast timestamp, client-store update, and browser render were not instrumented and remain blank."
realtime_final,10,comment_create,8.999,ms,1,measured_warm,node_websocket_client_timing,"Database completion is approximated by HTTP response completion. Server broadcast timestamp, client-store update, and browser render were not instrumented and remain blank."
realtime_final,10,comment_create,9.010,ms,1,measured_warm,node_websocket_client_timing,"Database completion is approximated by HTTP response completion. Server broadcast timestamp, client-store update, and browser render were not instrumented and remain blank."
realtime_final,10,comment_create,9.034,ms,1,measured_warm,node_websocket_client_timing,"Database completion is approximated by HTTP response completion. Server broadcast timestamp, client-store update, and browser render were not instrumented and remain blank."
realtime_final,10,comment_create,9.048,ms,1,measured_warm,node_websocket_client_timing,"Database completion is approximated by HTTP response completion. Server broadcast timestamp, client-store update, and browser render were not instrumented and remain blank."
realtime_final,10,comment_create,9.058,ms,1,measured_warm,node_websocket_client_timing,"Database completion is approximated by HTTP response completion. Server broadcast timestamp, client-store update, and browser render were not instrumented and remain blank."
realtime_final,10,comment_create,9.068,ms,1,measured_warm,node_websocket_client_timing,"Database completion is approximated by HTTP response completion. Server broadcast timestamp, client-store update, and browser render were not instrumented and remain blank."
realtime_final,10,comment_create,9.094,ms,1,measured_warm,node_websocket_client_timing,"Database completion is approximated by HTTP response completion. Server broadcast timestamp, client-store update, and browser render were not instrumented and remain blank."
realtime_final,10,comment_create,9.167,ms,1,measured_warm,node_websocket_client_timing,"Database completion is approximated by HTTP response completion. Server broadcast timestamp, client-store update, and browser render were not instrumented and remain blank."
realtime_final,10,comment_edit,8.875,ms,1,measured_warm,node_websocket_client_timing,"Database completion is approximated by HTTP response completion. Server broadcast timestamp, client-store update, and browser render were not instrumented and remain blank."
realtime_final,10,comment_edit,8.917,ms,1,measured_warm,node_websocket_client_timing,"Database completion is approximated by HTTP response completion. Server broadcast timestamp, client-store update, and browser render were not instrumented and remain blank."
realtime_final,10,comment_edit,8.940,ms,1,measured_warm,node_websocket_client_timing,"Database completion is approximated by HTTP response completion. Server broadcast timestamp, client-store update, and browser render were not instrumented and remain blank."
realtime_final,10,comment_edit,8.952,ms,1,measured_warm,node_websocket_client_timing,"Database completion is approximated by HTTP response completion. Server broadcast timestamp, client-store update, and browser render were not instrumented and remain blank."
realtime_final,10,comment_edit,8.965,ms,1,measured_warm,node_websocket_client_timing,"Database completion is approximated by HTTP response completion. Server broadcast timestamp, client-store update, and browser render were not instrumented and remain blank."
realtime_final,10,comment_edit,8.976,ms,1,measured_warm,node_websocket_client_timing,"Database completion is approximated by HTTP response completion. Server broadcast timestamp, client-store update, and browser render were not instrumented and remain blank."
realtime_final,10,comment_edit,8.991,ms,1,measured_warm,node_websocket_client_timing,"Database completion is approximated by HTTP response completion. Server broadcast timestamp, client-store update, and browser render were not instrumented and remain blank."
realtime_final,10,comment_edit,9.002,ms,1,measured_warm,node_websocket_client_timing,"Database completion is approximated by HTTP response completion. Server broadcast timestamp, client-store update, and browser render were not instrumented and remain blank."
realtime_final,10,comment_edit,9.012,ms,1,measured_warm,node_websocket_client_timing,"Database completion is approximated by HTTP response completion. Server broadcast timestamp, client-store update, and browser render were not instrumented and remain blank."
realtime_final,10,comment_edit,9.030,ms,1,measured_warm,node_websocket_client_timing,"Database completion is approximated by HTTP response completion. Server broadcast timestamp, client-store update, and browser render were not instrumented and remain blank."
realtime_final,10,rating_update,14.680,ms,1,measured_warm,node_websocket_client_timing,"Database completion is approximated by HTTP response completion. Server broadcast timestamp, client-store update, and browser render were not instrumented and remain blank."
realtime_final,10,rating_update,14.722,ms,1,measured_warm,node_websocket_client_timing,"Database completion is approximated by HTTP response completion. Server broadcast timestamp, client-store update, and browser render were not instrumented and remain blank."
realtime_final,10,rating_update,14.734,ms,1,measured_warm,node_websocket_client_timing,"Database completion is approximated by HTTP response completion. Server broadcast timestamp, client-store update, and browser render were not instrumented and remain blank."
realtime_final,10,rating_update,14.744,ms,1,measured_warm,node_websocket_client_timing,"Database completion is approximated by HTTP response completion. Server broadcast timestamp, client-store update, and browser render were not instrumented and remain blank."
realtime_final,10,rating_update,14.760,ms,1,measured_warm,node_websocket_client_timing,"Database completion is approximated by HTTP response completion. Server broadcast timestamp, client-store update, and browser render were not instrumented and remain blank."
realtime_final,10,rating_update,14.771,ms,1,measured_warm,node_websocket_client_timing,"Database completion is approximated by HTTP response completion. Server broadcast timestamp, client-store update, and browser render were not instrumented and remain blank."
realtime_final,10,rating_update,14.962,ms,1,measured_warm,node_websocket_client_timing,"Database completion is approximated by HTTP response completion. Server broadcast timestamp, client-store update, and browser render were not instrumented and remain blank."
realtime_final,10,rating_update,14.988,ms,1,measured_warm,node_websocket_client_timing,"Database completion is approximated by HTTP response completion. Server broadcast timestamp, client-store update, and browser render were not instrumented and remain blank."
realtime_final,10,rating_update,15.003,ms,1,measured_warm,node_websocket_client_timing,"Database completion is approximated by HTTP response completion. Server broadcast timestamp, client-store update, and browser render were not instrumented and remain blank."
realtime_final,10,rating_update,15.019,ms,1,measured_warm,node_websocket_client_timing,"Database completion is approximated by HTTP response completion. Server broadcast timestamp, client-store update, and browser render were not instrumented and remain blank."
realtime_final,10,comment_delete,9.136,ms,1,measured_warm,node_websocket_client_timing,"Database completion is approximated by HTTP response completion. Server broadcast timestamp, client-store update, and browser render were not instrumented and remain blank."
realtime_final,10,comment_delete,9.182,ms,1,measured_warm,node_websocket_client_timing,"Database completion is approximated by HTTP response completion. Server broadcast timestamp, client-store update, and browser render were not instrumented and remain blank."
realtime_final,10,comment_delete,9.194,ms,1,measured_warm,node_websocket_client_timing,"Database completion is approximated by HTTP response completion. Server broadcast timestamp, client-store update, and browser render were not instrumented and remain blank."
realtime_final,10,comment_delete,9.206,ms,1,measured_warm,node_websocket_client_timing,"Database completion is approximated by HTTP response completion. Server broadcast timestamp, client-store update, and browser render were not instrumented and remain blank."
realtime_final,10,comment_delete,9.218,ms,1,measured_warm,node_websocket_client_timing,"Database completion is approximated by HTTP response completion. Server broadcast timestamp, client-store update, and browser render were not instrumented and remain blank."
realtime_final,10,comment_delete,9.231,ms,1,measured_warm,node_websocket_client_timing,"Database completion is approximated by HTTP response completion. Server broadcast timestamp, client-store update, and browser render were not instrumented and remain blank."
realtime_final,10,comment_delete,9.242,ms,1,measured_warm,node_websocket_client_timing,"Database completion is approximated by HTTP response completion. Server broadcast timestamp, client-store update, and browser render were not instrumented and remain blank."
realtime_final,10,comment_delete,9.253,ms,1,measured_warm,node_websocket_client_timing,"Database completion is approximated by HTTP response completion. Server broadcast timestamp, client-store update, and browser render were not instrumented and remain blank."
realtime_final,10,comment_delete,9.264,ms,1,measured_warm,node_websocket_client_timing,"Database completion is approximated by HTTP response completion. Server broadcast timestamp, client-store update, and browser render were not instrumented and remain blank."
realtime_final,10,comment_delete,9.352,ms,1,measured_warm,node_websocket_client_timing,"Database completion is approximated by HTTP response completion. Server broadcast timestamp, client-store update, and browser render were not instrumented and remain blank."
