version_id,commit_sha,corpus_id,case_id,url,expected_category,expected_place_or_address,expected_dish,actual_final_status,matched_place,candidate_place,candidate_dish,confidence,correct_exact_match,correct_partial_match,safe_review_result,false_positive,false_promotion,false_negative,timeout,provider_error,total_wall_clock_ms,queue_wait_ms,metadata_time_ms,media_acquisition_time_ms,frame_extraction_time_ms,ocr_time_ms,asr_time_ms,model_provider_time_ms,place_resolution_time_ms,frame_count,crop_count,ocr_call_count,asr_windows,provider_call_count,peak_memory_bytes,run_index,run_type,evidence_type,sample_size,caveat,error
track2_v3,852d5735c5e20abf995ffa3a4e096e04add88586,shorts-address-router-seed-v1,shorts_001,https://www.youtube.com/shorts/ZDPXxZe4uEs,TRACK_1,"39 Nguyen Trai, District 1, TP. Hồ Chí Minh",,TRACK_1,"39 Nguyen Trai, District 1, TP. Hồ Chí Minh","39 Nguyen Trai, District 1, TP. Hồ Chí Minh",,0.95,,,0,0,0,0,0,0,3.890900,,,,,,,,,,,0,0,0,,0,warmup,deterministic_30_case_router_fixture,30,Measures safe Track 1/Track 2 routing only. It is not a full media/OCR/dish/place benchmark and cannot support exact-place or dish-accuracy claims.,
track2_v3,852d5735c5e20abf995ffa3a4e096e04add88586,shorts-address-router-seed-v1,shorts_002,https://www.youtube.com/shorts/Hmd7A_1Xb44,TRACK_1,"52 Nguyen Cong Tru, Ward 19, Binh Thanh District, Ho Chi Minh city",,TRACK_1,"52 Nguyen Cong Tru, Ward 19, Binh Thanh District, Ho Chi Minh","52 Nguyen Cong Tru, Ward 19, Binh Thanh District, Ho Chi Minh",,0.95,,,0,0,0,0,0,0,1.092300,,,,,,,,,,,0,0,0,,0,warmup,deterministic_30_case_router_fixture,30,Measures safe Track 1/Track 2 routing only. It is not a full media/OCR/dish/place benchmark and cannot support exact-place or dish-accuracy claims.,
track2_v3,852d5735c5e20abf995ffa3a4e096e04add88586,shorts-address-router-seed-v1,shorts_003,https://www.youtube.com/shorts/QL51CQ28vpg,TRACK_1,"9, ngõ 56 Trần Quang Diệu, Đống Đa, Hà Nội",,TRACK_1,"Số 9, ngõ 56 Trần Quang Diệu, Đống Đa, Hà Nội","Số 9, ngõ 56 Trần Quang Diệu, Đống Đa, Hà Nội",,0.95,,,0,0,0,0,0,0,0.584500,,,,,,,,,,,0,0,0,,0,warmup,deterministic_30_case_router_fixture,30,Measures safe Track 1/Track 2 routing only. It is not a full media/OCR/dish/place benchmark and cannot support exact-place or dish-accuracy claims.,
track2_v3,852d5735c5e20abf995ffa3a4e096e04add88586,shorts-address-router-seed-v1,shorts_004,https://www.youtube.com/shorts/aWjqL1wGzUE,TRACK_1,"28 đường Thảo Điền, phường An Khánh, Quận 2, TP. Hồ Chí Minh",,TRACK_1,"CÀ PHÊ CÀ PHÁO 28 đường Thảo Điền, Quận 2, TP. Hồ Chí Minh","CÀ PHÊ CÀ PHÁO 28 đường Thảo Điền, Quận 2, TP. Hồ Chí Minh",,0.95,,,0,0,0,0,0,0,0.089100,,,,,,,,,,,0,0,0,,0,warmup,deterministic_30_case_router_fixture,30,Measures safe Track 1/Track 2 routing only. It is not a full media/OCR/dish/place benchmark and cannot support exact-place or dish-accuracy claims.,
track2_v3,852d5735c5e20abf995ffa3a4e096e04add88586,shorts-address-router-seed-v1,shorts_005,https://www.youtube.com/shorts/TIflqSNgcl8,TRACK_1,"Hẻm 140 Trần Bình Trọng, Phường 2, Quận 5, TP. Hồ Chí Minh",,TRACK_1,"Hẻm 140 Trần Bình Trọng, Phường 2, Quận 5","Hẻm 140 Trần Bình Trọng, Phường 2, Quận 5",,0.95,,,0,0,0,0,0,0,0.073800,,,,,,,,,,,0,0,0,,0,warmup,deterministic_30_case_router_fixture,30,Measures safe Track 1/Track 2 routing only. It is not a full media/OCR/dish/place benchmark and cannot support exact-place or dish-accuracy claims.,
track2_v3,852d5735c5e20abf995ffa3a4e096e04add88586,shorts-address-router-seed-v1,shorts_006,https://www.youtube.com/shorts/5Kt2X_L-zmU,TRACK_1,"92C Cao Thắng, Phường 4, Quận 3, TP. Hồ Chí Minh",,TRACK_1,"92C Cao Thắng, Phường 4, Quận 3","92C Cao Thắng, Phường 4, Quận 3",,0.95,,,0,0,0,0,0,0,0.075500,,,,,,,,,,,0,0,0,,0,warmup,deterministic_30_case_router_fixture,30,Measures safe Track 1/Track 2 routing only. It is not a full media/OCR/dish/place benchmark and cannot support exact-place or dish-accuracy claims.,
track2_v3,852d5735c5e20abf995ffa3a4e096e04add88586,shorts-address-router-seed-v1,shorts_007,https://www.youtube.com/shorts/W5vVDobZ8VA,TRACK_1,"284/3 Chợ Lớn (Quận 6, TP. Hồ Chí Minh)",,TRACK_1,"284/3 Chợ Lớn (Quận 6, TP. Hồ Chí Minh)","284/3 Chợ Lớn (Quận 6, TP. Hồ Chí Minh)",,0.9,,,0,0,0,0,0,0,3.226600,,,,,,,,,,,0,0,0,,0,warmup,deterministic_30_case_router_fixture,30,Measures safe Track 1/Track 2 routing only. It is not a full media/OCR/dish/place benchmark and cannot support exact-place or dish-accuracy claims.,
track2_v3,852d5735c5e20abf995ffa3a4e096e04add88586,shorts-address-router-seed-v1,shorts_008,https://www.youtube.com/shorts/z_nTyA64-mo,TRACK_1,"213B Phan Văn Khỏe (Quận 6, TP. Hồ Chí Minh)",,TRACK_1,"213B Phan Văn Khỏe (Quận 6, TP. Hồ Chí Minh)","213B Phan Văn Khỏe (Quận 6, TP. Hồ Chí Minh)",,0.9,,,0,0,0,0,0,0,1.503200,,,,,,,,,,,0,0,0,,0,warmup,deterministic_30_case_router_fixture,30,Measures safe Track 1/Track 2 routing only. It is not a full media/OCR/dish/place benchmark and cannot support exact-place or dish-accuracy claims.,
track2_v3,852d5735c5e20abf995ffa3a4e096e04add88586,shorts-address-router-seed-v1,shorts_009,https://www.youtube.com/shorts/tYGQhyFdk6U,TRACK_1,"14 Trịnh Văn Cấn, Phường Cầu Ông Lãnh, Quận 1, TP. Hồ Chí Minh",,TRACK_1,"14 Trịnh Văn Cấn, Quận 1, TP. Hồ Chí Minh","14 Trịnh Văn Cấn, Quận 1, TP. Hồ Chí Minh",,0.9,,,0,0,0,0,0,0,0.331000,,,,,,,,,,,0,0,0,,0,warmup,deterministic_30_case_router_fixture,30,Measures safe Track 1/Track 2 routing only. It is not a full media/OCR/dish/place benchmark and cannot support exact-place or dish-accuracy claims.,
track2_v3,852d5735c5e20abf995ffa3a4e096e04add88586,shorts-address-router-seed-v1,shorts_010,https://www.youtube.com/shorts/O2U5picQ9AU,TRACK_1,"371/67A Hẻm 371 Trường Chinh, Phường 14, Quận Tân Bình, TP. Hồ Chí Minh",,TRACK_2,[FOOD REVIEW] QUÁN SUSU ỐC-LẨU-NƯỚNG...,[FOOD REVIEW] QUÁN SUSU ỐC-LẨU-NƯỚNG...,,,,,0,0,0,1,0,0,0.368500,,,,,,,,,,,0,0,0,,0,warmup,deterministic_30_case_router_fixture,30,Measures safe Track 1/Track 2 routing only. It is not a full media/OCR/dish/place benchmark and cannot support exact-place or dish-accuracy claims.,
track2_v3,852d5735c5e20abf995ffa3a4e096e04add88586,shorts-address-router-seed-v1,shorts_011,https://www.youtube.com/shorts/s3QtciG_lLQ,TRACK_2,,,TRACK_2,"12 Lê Lợi, Quận 1","12 Lê Lợi, Quận 1",,,,,1,0,0,0,0,0,0.872300,,,,,,,,,,,0,0,0,,0,warmup,deterministic_30_case_router_fixture,30,Measures safe Track 1/Track 2 routing only. It is not a full media/OCR/dish/place benchmark and cannot support exact-place or dish-accuracy claims.,
track2_v3,852d5735c5e20abf995ffa3a4e096e04add88586,shorts-address-router-seed-v1,shorts_012,https://www.youtube.com/shorts/o3An_wnTC1M,TRACK_2,,,TRACK_2,"34 Nguyễn Huệ, Quận 1","34 Nguyễn Huệ, Quận 1",,,,,1,0,0,0,0,0,0.115900,,,,,,,,,,,0,0,0,,0,warmup,deterministic_30_case_router_fixture,30,Measures safe Track 1/Track 2 routing only. It is not a full media/OCR/dish/place benchmark and cannot support exact-place or dish-accuracy claims.,
track2_v3,852d5735c5e20abf995ffa3a4e096e04add88586,shorts-address-router-seed-v1,shorts_013,https://www.youtube.com/shorts/XC8FdZWQ40w,TRACK_2,,,TRACK_2,"56 Trần Hưng Đạo, Quận 5","56 Trần Hưng Đạo, Quận 5",,,,,1,0,0,0,0,0,0.081800,,,,,,,,,,,0,0,0,,0,warmup,deterministic_30_case_router_fixture,30,Measures safe Track 1/Track 2 routing only. It is not a full media/OCR/dish/place benchmark and cannot support exact-place or dish-accuracy claims.,
track2_v3,852d5735c5e20abf995ffa3a4e096e04add88586,shorts-address-router-seed-v1,shorts_014,https://www.youtube.com/shorts/5e3nN9TmaAo,TRACK_2,,,TRACK_2,"78 Thái Phiên, Quận 11","78 Thái Phiên, Quận 11",,,,,1,0,0,0,0,0,0.751400,,,,,,,,,,,0,0,0,,0,warmup,deterministic_30_case_router_fixture,30,Measures safe Track 1/Track 2 routing only. It is not a full media/OCR/dish/place benchmark and cannot support exact-place or dish-accuracy claims.,
track2_v3,852d5735c5e20abf995ffa3a4e096e04add88586,shorts-address-router-seed-v1,shorts_015,https://www.youtube.com/shorts/Vo2vRItP1d8,TRACK_2,,,TRACK_2,"90 Trường Chinh, Quận Tân Bình","90 Trường Chinh, Quận Tân Bình",,,,,1,0,0,0,0,0,0.127700,,,,,,,,,,,0,0,0,,0,warmup,deterministic_30_case_router_fixture,30,Measures safe Track 1/Track 2 routing only. It is not a full media/OCR/dish/place benchmark and cannot support exact-place or dish-accuracy claims.,
track2_v3,852d5735c5e20abf995ffa3a4e096e04add88586,shorts-address-router-seed-v1,shorts_016,https://m.youtube.com/shorts/zGrWnb9C84c,TRACK_2,,,TRACK_2,"102 Phan Xích Long, Phú Nhuận","102 Phan Xích Long, Phú Nhuận",,,,,1,0,0,0,0,0,2.181300,,,,,,,,,,,0,0,0,,0,warmup,deterministic_30_case_router_fixture,30,Measures safe Track 1/Track 2 routing only. It is not a full media/OCR/dish/place benchmark and cannot support exact-place or dish-accuracy claims.,
track2_v3,852d5735c5e20abf995ffa3a4e096e04add88586,shorts-address-router-seed-v1,shorts_017,https://www.youtube.com/shorts/avLPlQA7w0I,TRACK_2,,,TRACK_2,"NỘM LONG VI DUNG - 23 Hồ Hoàn Kiếm, Quận Hoàn Kiếm, Hà Nội","NỘM LONG VI DUNG - 23 Hồ Hoàn Kiếm, Quận Hoàn Kiếm, Hà Nội",,,,,1,0,0,0,0,0,0.154200,,,,,,,,,,,0,0,0,,0,warmup,deterministic_30_case_router_fixture,30,Measures safe Track 1/Track 2 routing only. It is not a full media/OCR/dish/place benchmark and cannot support exact-place or dish-accuracy claims.,
track2_v3,852d5735c5e20abf995ffa3a4e096e04add88586,shorts-address-router-seed-v1,shorts_018,https://www.youtube.com/shorts/W8ewx2gZqU4,TRACK_2,,,TRACK_2,,,,,,,1,0,0,0,0,0,0.080500,,,,,,,,,,,0,0,0,,0,warmup,deterministic_30_case_router_fixture,30,Measures safe Track 1/Track 2 routing only. It is not a full media/OCR/dish/place benchmark and cannot support exact-place or dish-accuracy claims.,
track2_v3,852d5735c5e20abf995ffa3a4e096e04add88586,shorts-address-router-seed-v1,shorts_019,https://www.youtube.com/shorts/i-_71qo3mOE,TRACK_2,,,TRACK_2,Tổng hợp quán ăn ngon Quận 8 rất nhiều quán ngon đón chờ #tieusanhdaily #foodreview #anngon #amthuc,Tổng hợp quán ăn ngon Quận 8 rất nhiều quán ngon đón chờ #tieusanhdaily #foodreview #anngon #amthuc,,,,,1,0,0,0,0,0,0.198600,,,,,,,,,,,0,0,0,,0,warmup,deterministic_30_case_router_fixture,30,Measures safe Track 1/Track 2 routing only. It is not a full media/OCR/dish/place benchmark and cannot support exact-place or dish-accuracy claims.,
track2_v3,852d5735c5e20abf995ffa3a4e096e04add88586,shorts-address-router-seed-v1,shorts_020,https://www.youtube.com/shorts/jsJ8bkSfC-c,TRACK_2,,,TRACK_2,,,,,,,1,0,0,0,0,0,0.139400,,,,,,,,,,,0,0,0,,0,warmup,deterministic_30_case_router_fixture,30,Measures safe Track 1/Track 2 routing only. It is not a full media/OCR/dish/place benchmark and cannot support exact-place or dish-accuracy claims.,
track2_v3,852d5735c5e20abf995ffa3a4e096e04add88586,shorts-address-router-seed-v1,shorts_021,https://m.youtube.com/shorts/ABu9EuMbb5A,TRACK_2,,,TRACK_2,"... tại địa chỉ 216 Hoàng Ngân, Hà Nội...","... tại địa chỉ 216 Hoàng Ngân, Hà Nội...",,,,,1,0,0,0,0,0,0.147600,,,,,,,,,,,0,0,0,,0,warmup,deterministic_30_case_router_fixture,30,Measures safe Track 1/Track 2 routing only. It is not a full media/OCR/dish/place benchmark and cannot support exact-place or dish-accuracy claims.,
track2_v3,852d5735c5e20abf995ffa3a4e096e04add88586,shorts-address-router-seed-v1,shorts_022,https://www.youtube.com/shorts/WDckuulKB6g,TRACK_2,,,TRACK_2,,,,,,,1,0,0,0,0,0,0.087700,,,,,,,,,,,0,0,0,,0,warmup,deterministic_30_case_router_fixture,30,Measures safe Track 1/Track 2 routing only. It is not a full media/OCR/dish/place benchmark and cannot support exact-place or dish-accuracy claims.,
track2_v3,852d5735c5e20abf995ffa3a4e096e04add88586,shorts-address-router-seed-v1,shorts_023,https://www.youtube.com/shorts/Gv5Kcox1gIQ,TRACK_2,,,TRACK_2,... có một quán ăn nhỏ... địa chỉ mỳ ...,... có một quán ăn nhỏ... địa chỉ mỳ ...,,,,,1,0,0,0,0,0,0.071500,,,,,,,,,,,0,0,0,,0,warmup,deterministic_30_case_router_fixture,30,Measures safe Track 1/Track 2 routing only. It is not a full media/OCR/dish/place benchmark and cannot support exact-place or dish-accuracy claims.,
track2_v3,852d5735c5e20abf995ffa3a4e096e04add88586,shorts-address-router-seed-v1,shorts_024,https://www.youtube.com/shorts/MFJYWsgZ3gA,TRACK_2,,,TRACK_2,,,,,,,1,0,0,0,0,0,1.175400,,,,,,,,,,,0,0,0,,0,warmup,deterministic_30_case_router_fixture,30,Measures safe Track 1/Track 2 routing only. It is not a full media/OCR/dish/place benchmark and cannot support exact-place or dish-accuracy claims.,
track2_v3,852d5735c5e20abf995ffa3a4e096e04add88586,shorts-address-router-seed-v1,shorts_025,https://www.youtube.com/shorts/QdAGUbaZj0U,TRACK_2,,,TRACK_2,Top món ngon ở Quận 5 không phải ai cũng biết | Đi Đâu Sài Gòn,Top món ngon ở Quận 5 không phải ai cũng biết | Đi Đâu Sài Gòn,,,,,1,0,0,0,0,0,0.189100,,,,,,,,,,,0,0,0,,0,warmup,deterministic_30_case_router_fixture,30,Measures safe Track 1/Track 2 routing only. It is not a full media/OCR/dish/place benchmark and cannot support exact-place or dish-accuracy claims.,
track2_v3,852d5735c5e20abf995ffa3a4e096e04add88586,shorts-address-router-seed-v1,shorts_026,https://www.youtube.com/shorts/9BZ8f4B300E,TRACK_2,,,TRACK_2,Địa chỉ các nơi trong video: ...,Địa chỉ các nơi trong video: ...,,,,,1,0,0,0,0,0,0.087900,,,,,,,,,,,0,0,0,,0,warmup,deterministic_30_case_router_fixture,30,Measures safe Track 1/Track 2 routing only. It is not a full media/OCR/dish/place benchmark and cannot support exact-place or dish-accuracy claims.,
track2_v3,852d5735c5e20abf995ffa3a4e096e04add88586,shorts-address-router-seed-v1,shorts_027,https://www.youtube.com/shorts/qONsGB7T-Ig,TRACK_2,,,TRACK_2,,,,,,,1,0,0,0,0,0,0.035600,,,,,,,,,,,0,0,0,,0,warmup,deterministic_30_case_router_fixture,30,Measures safe Track 1/Track 2 routing only. It is not a full media/OCR/dish/place benchmark and cannot support exact-place or dish-accuracy claims.,
track2_v3,852d5735c5e20abf995ffa3a4e096e04add88586,shorts-address-router-seed-v1,shorts_028,https://www.youtube.com/shorts/tTXYvs45-yk,TRACK_2,,,TRACK_2,,,,,,,1,0,0,0,0,0,0.268900,,,,,,,,,,,0,0,0,,0,warmup,deterministic_30_case_router_fixture,30,Measures safe Track 1/Track 2 routing only. It is not a full media/OCR/dish/place benchmark and cannot support exact-place or dish-accuracy claims.,
track2_v3,852d5735c5e20abf995ffa3a4e096e04add88586,shorts-address-router-seed-v1,shorts_029,https://www.youtube.com/shorts/qr_LgJ2N3Ro,TRACK_2,,,TRACK_2,,,,,,,1,0,0,0,0,0,0.058700,,,,,,,,,,,0,0,0,,0,warmup,deterministic_30_case_router_fixture,30,Measures safe Track 1/Track 2 routing only. It is not a full media/OCR/dish/place benchmark and cannot support exact-place or dish-accuracy claims.,
track2_v3,852d5735c5e20abf995ffa3a4e096e04add88586,shorts-address-router-seed-v1,shorts_030,https://www.youtube.com/shorts/eM_uLz7n0Qs,TRACK_2,,,TRACK_2,"... tại địa chỉ số 1 Đông Thái, Chợ Gạo...","... tại địa chỉ số 1 Đông Thái, Chợ Gạo...",,,,,1,0,0,0,0,0,0.067100,,,,,,,,,,,0,0,0,,0,warmup,deterministic_30_case_router_fixture,30,Measures safe Track 1/Track 2 routing only. It is not a full media/OCR/dish/place benchmark and cannot support exact-place or dish-accuracy claims.,
track2_v3,852d5735c5e20abf995ffa3a4e096e04add88586,shorts-address-router-seed-v1,shorts_001,https://www.youtube.com/shorts/ZDPXxZe4uEs,TRACK_1,"39 Nguyen Trai, District 1, TP. Hồ Chí Minh",,TRACK_1,"39 Nguyen Trai, District 1, TP. Hồ Chí Minh","39 Nguyen Trai, District 1, TP. Hồ Chí Minh",,0.95,,,0,0,0,0,0,0,0.118900,,,,,,,,,,,0,0,0,,1,measured_warm,deterministic_30_case_router_fixture,150,Measures safe Track 1/Track 2 routing only. It is not a full media/OCR/dish/place benchmark and cannot support exact-place or dish-accuracy claims.,
track2_v3,852d5735c5e20abf995ffa3a4e096e04add88586,shorts-address-router-seed-v1,shorts_002,https://www.youtube.com/shorts/Hmd7A_1Xb44,TRACK_1,"52 Nguyen Cong Tru, Ward 19, Binh Thanh District, Ho Chi Minh city",,TRACK_1,"52 Nguyen Cong Tru, Ward 19, Binh Thanh District, Ho Chi Minh","52 Nguyen Cong Tru, Ward 19, Binh Thanh District, Ho Chi Minh",,0.95,,,0,0,0,0,0,0,0.054400,,,,,,,,,,,0,0,0,,1,measured_warm,deterministic_30_case_router_fixture,150,Measures safe Track 1/Track 2 routing only. It is not a full media/OCR/dish/place benchmark and cannot support exact-place or dish-accuracy claims.,
track2_v3,852d5735c5e20abf995ffa3a4e096e04add88586,shorts-address-router-seed-v1,shorts_003,https://www.youtube.com/shorts/QL51CQ28vpg,TRACK_1,"9, ngõ 56 Trần Quang Diệu, Đống Đa, Hà Nội",,TRACK_1,"Số 9, ngõ 56 Trần Quang Diệu, Đống Đa, Hà Nội","Số 9, ngõ 56 Trần Quang Diệu, Đống Đa, Hà Nội",,0.95,,,0,0,0,0,0,0,0.063800,,,,,,,,,,,0,0,0,,1,measured_warm,deterministic_30_case_router_fixture,150,Measures safe Track 1/Track 2 routing only. It is not a full media/OCR/dish/place benchmark and cannot support exact-place or dish-accuracy claims.,
track2_v3,852d5735c5e20abf995ffa3a4e096e04add88586,shorts-address-router-seed-v1,shorts_004,https://www.youtube.com/shorts/aWjqL1wGzUE,TRACK_1,"28 đường Thảo Điền, phường An Khánh, Quận 2, TP. Hồ Chí Minh",,TRACK_1,"CÀ PHÊ CÀ PHÁO 28 đường Thảo Điền, Quận 2, TP. Hồ Chí Minh","CÀ PHÊ CÀ PHÁO 28 đường Thảo Điền, Quận 2, TP. Hồ Chí Minh",,0.95,,,0,0,0,0,0,0,0.054900,,,,,,,,,,,0,0,0,,1,measured_warm,deterministic_30_case_router_fixture,150,Measures safe Track 1/Track 2 routing only. It is not a full media/OCR/dish/place benchmark and cannot support exact-place or dish-accuracy claims.,
track2_v3,852d5735c5e20abf995ffa3a4e096e04add88586,shorts-address-router-seed-v1,shorts_005,https://www.youtube.com/shorts/TIflqSNgcl8,TRACK_1,"Hẻm 140 Trần Bình Trọng, Phường 2, Quận 5, TP. Hồ Chí Minh",,TRACK_1,"Hẻm 140 Trần Bình Trọng, Phường 2, Quận 5","Hẻm 140 Trần Bình Trọng, Phường 2, Quận 5",,0.95,,,0,0,0,0,0,0,0.036700,,,,,,,,,,,0,0,0,,1,measured_warm,deterministic_30_case_router_fixture,150,Measures safe Track 1/Track 2 routing only. It is not a full media/OCR/dish/place benchmark and cannot support exact-place or dish-accuracy claims.,
track2_v3,852d5735c5e20abf995ffa3a4e096e04add88586,shorts-address-router-seed-v1,shorts_006,https://www.youtube.com/shorts/5Kt2X_L-zmU,TRACK_1,"92C Cao Thắng, Phường 4, Quận 3, TP. Hồ Chí Minh",,TRACK_1,"92C Cao Thắng, Phường 4, Quận 3","92C Cao Thắng, Phường 4, Quận 3",,0.95,,,0,0,0,0,0,0,0.036600,,,,,,,,,,,0,0,0,,1,measured_warm,deterministic_30_case_router_fixture,150,Measures safe Track 1/Track 2 routing only. It is not a full media/OCR/dish/place benchmark and cannot support exact-place or dish-accuracy claims.,
track2_v3,852d5735c5e20abf995ffa3a4e096e04add88586,shorts-address-router-seed-v1,shorts_007,https://www.youtube.com/shorts/W5vVDobZ8VA,TRACK_1,"284/3 Chợ Lớn (Quận 6, TP. Hồ Chí Minh)",,TRACK_1,"284/3 Chợ Lớn (Quận 6, TP. Hồ Chí Minh)","284/3 Chợ Lớn (Quận 6, TP. Hồ Chí Minh)",,0.9,,,0,0,0,0,0,0,0.190100,,,,,,,,,,,0,0,0,,1,measured_warm,deterministic_30_case_router_fixture,150,Measures safe Track 1/Track 2 routing only. It is not a full media/OCR/dish/place benchmark and cannot support exact-place or dish-accuracy claims.,
track2_v3,852d5735c5e20abf995ffa3a4e096e04add88586,shorts-address-router-seed-v1,shorts_008,https://www.youtube.com/shorts/z_nTyA64-mo,TRACK_1,"213B Phan Văn Khỏe (Quận 6, TP. Hồ Chí Minh)",,TRACK_1,"213B Phan Văn Khỏe (Quận 6, TP. Hồ Chí Minh)","213B Phan Văn Khỏe (Quận 6, TP. Hồ Chí Minh)",,0.9,,,0,0,0,0,0,0,0.131300,,,,,,,,,,,0,0,0,,1,measured_warm,deterministic_30_case_router_fixture,150,Measures safe Track 1/Track 2 routing only. It is not a full media/OCR/dish/place benchmark and cannot support exact-place or dish-accuracy claims.,
track2_v3,852d5735c5e20abf995ffa3a4e096e04add88586,shorts-address-router-seed-v1,shorts_009,https://www.youtube.com/shorts/tYGQhyFdk6U,TRACK_1,"14 Trịnh Văn Cấn, Phường Cầu Ông Lãnh, Quận 1, TP. Hồ Chí Minh",,TRACK_1,"14 Trịnh Văn Cấn, Quận 1, TP. Hồ Chí Minh","14 Trịnh Văn Cấn, Quận 1, TP. Hồ Chí Minh",,0.9,,,0,0,0,0,0,0,0.125900,,,,,,,,,,,0,0,0,,1,measured_warm,deterministic_30_case_router_fixture,150,Measures safe Track 1/Track 2 routing only. It is not a full media/OCR/dish/place benchmark and cannot support exact-place or dish-accuracy claims.,
track2_v3,852d5735c5e20abf995ffa3a4e096e04add88586,shorts-address-router-seed-v1,shorts_010,https://www.youtube.com/shorts/O2U5picQ9AU,TRACK_1,"371/67A Hẻm 371 Trường Chinh, Phường 14, Quận Tân Bình, TP. Hồ Chí Minh",,TRACK_2,[FOOD REVIEW] QUÁN SUSU ỐC-LẨU-NƯỚNG...,[FOOD REVIEW] QUÁN SUSU ỐC-LẨU-NƯỚNG...,,,,,0,0,0,1,0,0,0.098000,,,,,,,,,,,0,0,0,,1,measured_warm,deterministic_30_case_router_fixture,150,Measures safe Track 1/Track 2 routing only. It is not a full media/OCR/dish/place benchmark and cannot support exact-place or dish-accuracy claims.,
track2_v3,852d5735c5e20abf995ffa3a4e096e04add88586,shorts-address-router-seed-v1,shorts_011,https://www.youtube.com/shorts/s3QtciG_lLQ,TRACK_2,,,TRACK_2,"12 Lê Lợi, Quận 1","12 Lê Lợi, Quận 1",,,,,1,0,0,0,0,0,0.111300,,,,,,,,,,,0,0,0,,1,measured_warm,deterministic_30_case_router_fixture,150,Measures safe Track 1/Track 2 routing only. It is not a full media/OCR/dish/place benchmark and cannot support exact-place or dish-accuracy claims.,
track2_v3,852d5735c5e20abf995ffa3a4e096e04add88586,shorts-address-router-seed-v1,shorts_012,https://www.youtube.com/shorts/o3An_wnTC1M,TRACK_2,,,TRACK_2,"34 Nguyễn Huệ, Quận 1","34 Nguyễn Huệ, Quận 1",,,,,1,0,0,0,0,0,0.083100,,,,,,,,,,,0,0,0,,1,measured_warm,deterministic_30_case_router_fixture,150,Measures safe Track 1/Track 2 routing only. It is not a full media/OCR/dish/place benchmark and cannot support exact-place or dish-accuracy claims.,
track2_v3,852d5735c5e20abf995ffa3a4e096e04add88586,shorts-address-router-seed-v1,shorts_013,https://www.youtube.com/shorts/XC8FdZWQ40w,TRACK_2,,,TRACK_2,"56 Trần Hưng Đạo, Quận 5","56 Trần Hưng Đạo, Quận 5",,,,,1,0,0,0,0,0,0.072300,,,,,,,,,,,0,0,0,,1,measured_warm,deterministic_30_case_router_fixture,150,Measures safe Track 1/Track 2 routing only. It is not a full media/OCR/dish/place benchmark and cannot support exact-place or dish-accuracy claims.,
track2_v3,852d5735c5e20abf995ffa3a4e096e04add88586,shorts-address-router-seed-v1,shorts_014,https://www.youtube.com/shorts/5e3nN9TmaAo,TRACK_2,,,TRACK_2,"78 Thái Phiên, Quận 11","78 Thái Phiên, Quận 11",,,,,1,0,0,0,0,0,0.556000,,,,,,,,,,,0,0,0,,1,measured_warm,deterministic_30_case_router_fixture,150,Measures safe Track 1/Track 2 routing only. It is not a full media/OCR/dish/place benchmark and cannot support exact-place or dish-accuracy claims.,
track2_v3,852d5735c5e20abf995ffa3a4e096e04add88586,shorts-address-router-seed-v1,shorts_015,https://www.youtube.com/shorts/Vo2vRItP1d8,TRACK_2,,,TRACK_2,"90 Trường Chinh, Quận Tân Bình","90 Trường Chinh, Quận Tân Bình",,,,,1,0,0,0,0,0,0.050600,,,,,,,,,,,0,0,0,,1,measured_warm,deterministic_30_case_router_fixture,150,Measures safe Track 1/Track 2 routing only. It is not a full media/OCR/dish/place benchmark and cannot support exact-place or dish-accuracy claims.,
track2_v3,852d5735c5e20abf995ffa3a4e096e04add88586,shorts-address-router-seed-v1,shorts_016,https://m.youtube.com/shorts/zGrWnb9C84c,TRACK_2,,,TRACK_2,"102 Phan Xích Long, Phú Nhuận","102 Phan Xích Long, Phú Nhuận",,,,,1,0,0,0,0,0,0.044200,,,,,,,,,,,0,0,0,,1,measured_warm,deterministic_30_case_router_fixture,150,Measures safe Track 1/Track 2 routing only. It is not a full media/OCR/dish/place benchmark and cannot support exact-place or dish-accuracy claims.,
track2_v3,852d5735c5e20abf995ffa3a4e096e04add88586,shorts-address-router-seed-v1,shorts_017,https://www.youtube.com/shorts/avLPlQA7w0I,TRACK_2,,,TRACK_2,"NỘM LONG VI DUNG - 23 Hồ Hoàn Kiếm, Quận Hoàn Kiếm, Hà Nội","NỘM LONG VI DUNG - 23 Hồ Hoàn Kiếm, Quận Hoàn Kiếm, Hà Nội",,,,,1,0,0,0,0,0,0.064200,,,,,,,,,,,0,0,0,,1,measured_warm,deterministic_30_case_router_fixture,150,Measures safe Track 1/Track 2 routing only. It is not a full media/OCR/dish/place benchmark and cannot support exact-place or dish-accuracy claims.,
track2_v3,852d5735c5e20abf995ffa3a4e096e04add88586,shorts-address-router-seed-v1,shorts_018,https://www.youtube.com/shorts/W8ewx2gZqU4,TRACK_2,,,TRACK_2,,,,,,,1,0,0,0,0,0,0.047200,,,,,,,,,,,0,0,0,,1,measured_warm,deterministic_30_case_router_fixture,150,Measures safe Track 1/Track 2 routing only. It is not a full media/OCR/dish/place benchmark and cannot support exact-place or dish-accuracy claims.,
track2_v3,852d5735c5e20abf995ffa3a4e096e04add88586,shorts-address-router-seed-v1,shorts_019,https://www.youtube.com/shorts/i-_71qo3mOE,TRACK_2,,,TRACK_2,Tổng hợp quán ăn ngon Quận 8 rất nhiều quán ngon đón chờ #tieusanhdaily #foodreview #anngon #amthuc,Tổng hợp quán ăn ngon Quận 8 rất nhiều quán ngon đón chờ #tieusanhdaily #foodreview #anngon #amthuc,,,,,1,0,0,0,0,0,0.040500,,,,,,,,,,,0,0,0,,1,measured_warm,deterministic_30_case_router_fixture,150,Measures safe Track 1/Track 2 routing only. It is not a full media/OCR/dish/place benchmark and cannot support exact-place or dish-accuracy claims.,
track2_v3,852d5735c5e20abf995ffa3a4e096e04add88586,shorts-address-router-seed-v1,shorts_020,https://www.youtube.com/shorts/jsJ8bkSfC-c,TRACK_2,,,TRACK_2,,,,,,,1,0,0,0,0,0,0.045300,,,,,,,,,,,0,0,0,,1,measured_warm,deterministic_30_case_router_fixture,150,Measures safe Track 1/Track 2 routing only. It is not a full media/OCR/dish/place benchmark and cannot support exact-place or dish-accuracy claims.,
track2_v3,852d5735c5e20abf995ffa3a4e096e04add88586,shorts-address-router-seed-v1,shorts_021,https://m.youtube.com/shorts/ABu9EuMbb5A,TRACK_2,,,TRACK_2,"... tại địa chỉ 216 Hoàng Ngân, Hà Nội...","... tại địa chỉ 216 Hoàng Ngân, Hà Nội...",,,,,1,0,0,0,0,0,0.042200,,,,,,,,,,,0,0,0,,1,measured_warm,deterministic_30_case_router_fixture,150,Measures safe Track 1/Track 2 routing only. It is not a full media/OCR/dish/place benchmark and cannot support exact-place or dish-accuracy claims.,
track2_v3,852d5735c5e20abf995ffa3a4e096e04add88586,shorts-address-router-seed-v1,shorts_022,https://www.youtube.com/shorts/WDckuulKB6g,TRACK_2,,,TRACK_2,,,,,,,1,0,0,0,0,0,0.037300,,,,,,,,,,,0,0,0,,1,measured_warm,deterministic_30_case_router_fixture,150,Measures safe Track 1/Track 2 routing only. It is not a full media/OCR/dish/place benchmark and cannot support exact-place or dish-accuracy claims.,
track2_v3,852d5735c5e20abf995ffa3a4e096e04add88586,shorts-address-router-seed-v1,shorts_023,https://www.youtube.com/shorts/Gv5Kcox1gIQ,TRACK_2,,,TRACK_2,... có một quán ăn nhỏ... địa chỉ mỳ ...,... có một quán ăn nhỏ... địa chỉ mỳ ...,,,,,1,0,0,0,0,0,0.053600,,,,,,,,,,,0,0,0,,1,measured_warm,deterministic_30_case_router_fixture,150,Measures safe Track 1/Track 2 routing only. It is not a full media/OCR/dish/place benchmark and cannot support exact-place or dish-accuracy claims.,
track2_v3,852d5735c5e20abf995ffa3a4e096e04add88586,shorts-address-router-seed-v1,shorts_024,https://www.youtube.com/shorts/MFJYWsgZ3gA,TRACK_2,,,TRACK_2,,,,,,,1,0,0,0,0,0,0.031800,,,,,,,,,,,0,0,0,,1,measured_warm,deterministic_30_case_router_fixture,150,Measures safe Track 1/Track 2 routing only. It is not a full media/OCR/dish/place benchmark and cannot support exact-place or dish-accuracy claims.,
track2_v3,852d5735c5e20abf995ffa3a4e096e04add88586,shorts-address-router-seed-v1,shorts_025,https://www.youtube.com/shorts/QdAGUbaZj0U,TRACK_2,,,TRACK_2,Top món ngon ở Quận 5 không phải ai cũng biết | Đi Đâu Sài Gòn,Top món ngon ở Quận 5 không phải ai cũng biết | Đi Đâu Sài Gòn,,,,,1,0,0,0,0,0,0.033700,,,,,,,,,,,0,0,0,,1,measured_warm,deterministic_30_case_router_fixture,150,Measures safe Track 1/Track 2 routing only. It is not a full media/OCR/dish/place benchmark and cannot support exact-place or dish-accuracy claims.,
track2_v3,852d5735c5e20abf995ffa3a4e096e04add88586,shorts-address-router-seed-v1,shorts_026,https://www.youtube.com/shorts/9BZ8f4B300E,TRACK_2,,,TRACK_2,Địa chỉ các nơi trong video: ...,Địa chỉ các nơi trong video: ...,,,,,1,0,0,0,0,0,0.037800,,,,,,,,,,,0,0,0,,1,measured_warm,deterministic_30_case_router_fixture,150,Measures safe Track 1/Track 2 routing only. It is not a full media/OCR/dish/place benchmark and cannot support exact-place or dish-accuracy claims.,
track2_v3,852d5735c5e20abf995ffa3a4e096e04add88586,shorts-address-router-seed-v1,shorts_027,https://www.youtube.com/shorts/qONsGB7T-Ig,TRACK_2,,,TRACK_2,,,,,,,1,0,0,0,0,0,0.025100,,,,,,,,,,,0,0,0,,1,measured_warm,deterministic_30_case_router_fixture,150,Measures safe Track 1/Track 2 routing only. It is not a full media/OCR/dish/place benchmark and cannot support exact-place or dish-accuracy claims.,
track2_v3,852d5735c5e20abf995ffa3a4e096e04add88586,shorts-address-router-seed-v1,shorts_028,https://www.youtube.com/shorts/tTXYvs45-yk,TRACK_2,,,TRACK_2,,,,,,,1,0,0,0,0,0,0.201000,,,,,,,,,,,0,0,0,,1,measured_warm,deterministic_30_case_router_fixture,150,Measures safe Track 1/Track 2 routing only. It is not a full media/OCR/dish/place benchmark and cannot support exact-place or dish-accuracy claims.,
track2_v3,852d5735c5e20abf995ffa3a4e096e04add88586,shorts-address-router-seed-v1,shorts_029,https://www.youtube.com/shorts/qr_LgJ2N3Ro,TRACK_2,,,TRACK_2,,,,,,,1,0,0,0,0,0,0.059600,,,,,,,,,,,0,0,0,,1,measured_warm,deterministic_30_case_router_fixture,150,Measures safe Track 1/Track 2 routing only. It is not a full media/OCR/dish/place benchmark and cannot support exact-place or dish-accuracy claims.,
track2_v3,852d5735c5e20abf995ffa3a4e096e04add88586,shorts-address-router-seed-v1,shorts_030,https://www.youtube.com/shorts/eM_uLz7n0Qs,TRACK_2,,,TRACK_2,"... tại địa chỉ số 1 Đông Thái, Chợ Gạo...","... tại địa chỉ số 1 Đông Thái, Chợ Gạo...",,,,,1,0,0,0,0,0,0.043700,,,,,,,,,,,0,0,0,,1,measured_warm,deterministic_30_case_router_fixture,150,Measures safe Track 1/Track 2 routing only. It is not a full media/OCR/dish/place benchmark and cannot support exact-place or dish-accuracy claims.,
track2_v3,852d5735c5e20abf995ffa3a4e096e04add88586,shorts-address-router-seed-v1,shorts_001,https://www.youtube.com/shorts/ZDPXxZe4uEs,TRACK_1,"39 Nguyen Trai, District 1, TP. Hồ Chí Minh",,TRACK_1,"39 Nguyen Trai, District 1, TP. Hồ Chí Minh","39 Nguyen Trai, District 1, TP. Hồ Chí Minh",,0.95,,,0,0,0,0,0,0,0.046400,,,,,,,,,,,0,0,0,,2,measured_warm,deterministic_30_case_router_fixture,150,Measures safe Track 1/Track 2 routing only. It is not a full media/OCR/dish/place benchmark and cannot support exact-place or dish-accuracy claims.,
track2_v3,852d5735c5e20abf995ffa3a4e096e04add88586,shorts-address-router-seed-v1,shorts_002,https://www.youtube.com/shorts/Hmd7A_1Xb44,TRACK_1,"52 Nguyen Cong Tru, Ward 19, Binh Thanh District, Ho Chi Minh city",,TRACK_1,"52 Nguyen Cong Tru, Ward 19, Binh Thanh District, Ho Chi Minh","52 Nguyen Cong Tru, Ward 19, Binh Thanh District, Ho Chi Minh",,0.95,,,0,0,0,0,0,0,0.031300,,,,,,,,,,,0,0,0,,2,measured_warm,deterministic_30_case_router_fixture,150,Measures safe Track 1/Track 2 routing only. It is not a full media/OCR/dish/place benchmark and cannot support exact-place or dish-accuracy claims.,
track2_v3,852d5735c5e20abf995ffa3a4e096e04add88586,shorts-address-router-seed-v1,shorts_003,https://www.youtube.com/shorts/QL51CQ28vpg,TRACK_1,"9, ngõ 56 Trần Quang Diệu, Đống Đa, Hà Nội",,TRACK_1,"Số 9, ngõ 56 Trần Quang Diệu, Đống Đa, Hà Nội","Số 9, ngõ 56 Trần Quang Diệu, Đống Đa, Hà Nội",,0.95,,,0,0,0,0,0,0,0.040300,,,,,,,,,,,0,0,0,,2,measured_warm,deterministic_30_case_router_fixture,150,Measures safe Track 1/Track 2 routing only. It is not a full media/OCR/dish/place benchmark and cannot support exact-place or dish-accuracy claims.,
track2_v3,852d5735c5e20abf995ffa3a4e096e04add88586,shorts-address-router-seed-v1,shorts_004,https://www.youtube.com/shorts/aWjqL1wGzUE,TRACK_1,"28 đường Thảo Điền, phường An Khánh, Quận 2, TP. Hồ Chí Minh",,TRACK_1,"CÀ PHÊ CÀ PHÁO 28 đường Thảo Điền, Quận 2, TP. Hồ Chí Minh","CÀ PHÊ CÀ PHÁO 28 đường Thảo Điền, Quận 2, TP. Hồ Chí Minh",,0.95,,,0,0,0,0,0,0,0.034900,,,,,,,,,,,0,0,0,,2,measured_warm,deterministic_30_case_router_fixture,150,Measures safe Track 1/Track 2 routing only. It is not a full media/OCR/dish/place benchmark and cannot support exact-place or dish-accuracy claims.,
track2_v3,852d5735c5e20abf995ffa3a4e096e04add88586,shorts-address-router-seed-v1,shorts_005,https://www.youtube.com/shorts/TIflqSNgcl8,TRACK_1,"Hẻm 140 Trần Bình Trọng, Phường 2, Quận 5, TP. Hồ Chí Minh",,TRACK_1,"Hẻm 140 Trần Bình Trọng, Phường 2, Quận 5","Hẻm 140 Trần Bình Trọng, Phường 2, Quận 5",,0.95,,,0,0,0,0,0,0,0.028900,,,,,,,,,,,0,0,0,,2,measured_warm,deterministic_30_case_router_fixture,150,Measures safe Track 1/Track 2 routing only. It is not a full media/OCR/dish/place benchmark and cannot support exact-place or dish-accuracy claims.,
track2_v3,852d5735c5e20abf995ffa3a4e096e04add88586,shorts-address-router-seed-v1,shorts_006,https://www.youtube.com/shorts/5Kt2X_L-zmU,TRACK_1,"92C Cao Thắng, Phường 4, Quận 3, TP. Hồ Chí Minh",,TRACK_1,"92C Cao Thắng, Phường 4, Quận 3","92C Cao Thắng, Phường 4, Quận 3",,0.95,,,0,0,0,0,0,0,0.023200,,,,,,,,,,,0,0,0,,2,measured_warm,deterministic_30_case_router_fixture,150,Measures safe Track 1/Track 2 routing only. It is not a full media/OCR/dish/place benchmark and cannot support exact-place or dish-accuracy claims.,
track2_v3,852d5735c5e20abf995ffa3a4e096e04add88586,shorts-address-router-seed-v1,shorts_007,https://www.youtube.com/shorts/W5vVDobZ8VA,TRACK_1,"284/3 Chợ Lớn (Quận 6, TP. Hồ Chí Minh)",,TRACK_1,"284/3 Chợ Lớn (Quận 6, TP. Hồ Chí Minh)","284/3 Chợ Lớn (Quận 6, TP. Hồ Chí Minh)",,0.9,,,0,0,0,0,0,0,0.111200,,,,,,,,,,,0,0,0,,2,measured_warm,deterministic_30_case_router_fixture,150,Measures safe Track 1/Track 2 routing only. It is not a full media/OCR/dish/place benchmark and cannot support exact-place or dish-accuracy claims.,
track2_v3,852d5735c5e20abf995ffa3a4e096e04add88586,shorts-address-router-seed-v1,shorts_008,https://www.youtube.com/shorts/z_nTyA64-mo,TRACK_1,"213B Phan Văn Khỏe (Quận 6, TP. Hồ Chí Minh)",,TRACK_1,"213B Phan Văn Khỏe (Quận 6, TP. Hồ Chí Minh)","213B Phan Văn Khỏe (Quận 6, TP. Hồ Chí Minh)",,0.9,,,0,0,0,0,0,0,0.079200,,,,,,,,,,,0,0,0,,2,measured_warm,deterministic_30_case_router_fixture,150,Measures safe Track 1/Track 2 routing only. It is not a full media/OCR/dish/place benchmark and cannot support exact-place or dish-accuracy claims.,
track2_v3,852d5735c5e20abf995ffa3a4e096e04add88586,shorts-address-router-seed-v1,shorts_009,https://www.youtube.com/shorts/tYGQhyFdk6U,TRACK_1,"14 Trịnh Văn Cấn, Phường Cầu Ông Lãnh, Quận 1, TP. Hồ Chí Minh",,TRACK_1,"14 Trịnh Văn Cấn, Quận 1, TP. Hồ Chí Minh","14 Trịnh Văn Cấn, Quận 1, TP. Hồ Chí Minh",,0.9,,,0,0,0,0,0,0,0.130300,,,,,,,,,,,0,0,0,,2,measured_warm,deterministic_30_case_router_fixture,150,Measures safe Track 1/Track 2 routing only. It is not a full media/OCR/dish/place benchmark and cannot support exact-place or dish-accuracy claims.,
track2_v3,852d5735c5e20abf995ffa3a4e096e04add88586,shorts-address-router-seed-v1,shorts_010,https://www.youtube.com/shorts/O2U5picQ9AU,TRACK_1,"371/67A Hẻm 371 Trường Chinh, Phường 14, Quận Tân Bình, TP. Hồ Chí Minh",,TRACK_2,[FOOD REVIEW] QUÁN SUSU ỐC-LẨU-NƯỚNG...,[FOOD REVIEW] QUÁN SUSU ỐC-LẨU-NƯỚNG...,,,,,0,0,0,1,0,0,0.072700,,,,,,,,,,,0,0,0,,2,measured_warm,deterministic_30_case_router_fixture,150,Measures safe Track 1/Track 2 routing only. It is not a full media/OCR/dish/place benchmark and cannot support exact-place or dish-accuracy claims.,
track2_v3,852d5735c5e20abf995ffa3a4e096e04add88586,shorts-address-router-seed-v1,shorts_011,https://www.youtube.com/shorts/s3QtciG_lLQ,TRACK_2,,,TRACK_2,"12 Lê Lợi, Quận 1","12 Lê Lợi, Quận 1",,,,,1,0,0,0,0,0,0.067000,,,,,,,,,,,0,0,0,,2,measured_warm,deterministic_30_case_router_fixture,150,Measures safe Track 1/Track 2 routing only. It is not a full media/OCR/dish/place benchmark and cannot support exact-place or dish-accuracy claims.,
track2_v3,852d5735c5e20abf995ffa3a4e096e04add88586,shorts-address-router-seed-v1,shorts_012,https://www.youtube.com/shorts/o3An_wnTC1M,TRACK_2,,,TRACK_2,"34 Nguyễn Huệ, Quận 1","34 Nguyễn Huệ, Quận 1",,,,,1,0,0,0,0,0,0.055400,,,,,,,,,,,0,0,0,,2,measured_warm,deterministic_30_case_router_fixture,150,Measures safe Track 1/Track 2 routing only. It is not a full media/OCR/dish/place benchmark and cannot support exact-place or dish-accuracy claims.,
track2_v3,852d5735c5e20abf995ffa3a4e096e04add88586,shorts-address-router-seed-v1,shorts_013,https://www.youtube.com/shorts/XC8FdZWQ40w,TRACK_2,,,TRACK_2,"56 Trần Hưng Đạo, Quận 5","56 Trần Hưng Đạo, Quận 5",,,,,1,0,0,0,0,0,0.039000,,,,,,,,,,,0,0,0,,2,measured_warm,deterministic_30_case_router_fixture,150,Measures safe Track 1/Track 2 routing only. It is not a full media/OCR/dish/place benchmark and cannot support exact-place or dish-accuracy claims.,
track2_v3,852d5735c5e20abf995ffa3a4e096e04add88586,shorts-address-router-seed-v1,shorts_014,https://www.youtube.com/shorts/5e3nN9TmaAo,TRACK_2,,,TRACK_2,"78 Thái Phiên, Quận 11","78 Thái Phiên, Quận 11",,,,,1,0,0,0,0,0,0.052100,,,,,,,,,,,0,0,0,,2,measured_warm,deterministic_30_case_router_fixture,150,Measures safe Track 1/Track 2 routing only. It is not a full media/OCR/dish/place benchmark and cannot support exact-place or dish-accuracy claims.,
track2_v3,852d5735c5e20abf995ffa3a4e096e04add88586,shorts-address-router-seed-v1,shorts_015,https://www.youtube.com/shorts/Vo2vRItP1d8,TRACK_2,,,TRACK_2,"90 Trường Chinh, Quận Tân Bình","90 Trường Chinh, Quận Tân Bình",,,,,1,0,0,0,0,0,0.054800,,,,,,,,,,,0,0,0,,2,measured_warm,deterministic_30_case_router_fixture,150,Measures safe Track 1/Track 2 routing only. It is not a full media/OCR/dish/place benchmark and cannot support exact-place or dish-accuracy claims.,
track2_v3,852d5735c5e20abf995ffa3a4e096e04add88586,shorts-address-router-seed-v1,shorts_016,https://m.youtube.com/shorts/zGrWnb9C84c,TRACK_2,,,TRACK_2,"102 Phan Xích Long, Phú Nhuận","102 Phan Xích Long, Phú Nhuận",,,,,1,0,0,0,0,0,0.100500,,,,,,,,,,,0,0,0,,2,measured_warm,deterministic_30_case_router_fixture,150,Measures safe Track 1/Track 2 routing only. It is not a full media/OCR/dish/place benchmark and cannot support exact-place or dish-accuracy claims.,
track2_v3,852d5735c5e20abf995ffa3a4e096e04add88586,shorts-address-router-seed-v1,shorts_017,https://www.youtube.com/shorts/avLPlQA7w0I,TRACK_2,,,TRACK_2,"NỘM LONG VI DUNG - 23 Hồ Hoàn Kiếm, Quận Hoàn Kiếm, Hà Nội","NỘM LONG VI DUNG - 23 Hồ Hoàn Kiếm, Quận Hoàn Kiếm, Hà Nội",,,,,1,0,0,0,0,0,0.089100,,,,,,,,,,,0,0,0,,2,measured_warm,deterministic_30_case_router_fixture,150,Measures safe Track 1/Track 2 routing only. It is not a full media/OCR/dish/place benchmark and cannot support exact-place or dish-accuracy claims.,
track2_v3,852d5735c5e20abf995ffa3a4e096e04add88586,shorts-address-router-seed-v1,shorts_018,https://www.youtube.com/shorts/W8ewx2gZqU4,TRACK_2,,,TRACK_2,,,,,,,1,0,0,0,0,0,0.081300,,,,,,,,,,,0,0,0,,2,measured_warm,deterministic_30_case_router_fixture,150,Measures safe Track 1/Track 2 routing only. It is not a full media/OCR/dish/place benchmark and cannot support exact-place or dish-accuracy claims.,
track2_v3,852d5735c5e20abf995ffa3a4e096e04add88586,shorts-address-router-seed-v1,shorts_019,https://www.youtube.com/shorts/i-_71qo3mOE,TRACK_2,,,TRACK_2,Tổng hợp quán ăn ngon Quận 8 rất nhiều quán ngon đón chờ #tieusanhdaily #foodreview #anngon #amthuc,Tổng hợp quán ăn ngon Quận 8 rất nhiều quán ngon đón chờ #tieusanhdaily #foodreview #anngon #amthuc,,,,,1,0,0,0,0,0,0.065000,,,,,,,,,,,0,0,0,,2,measured_warm,deterministic_30_case_router_fixture,150,Measures safe Track 1/Track 2 routing only. It is not a full media/OCR/dish/place benchmark and cannot support exact-place or dish-accuracy claims.,
track2_v3,852d5735c5e20abf995ffa3a4e096e04add88586,shorts-address-router-seed-v1,shorts_020,https://www.youtube.com/shorts/jsJ8bkSfC-c,TRACK_2,,,TRACK_2,,,,,,,1,0,0,0,0,0,0.076900,,,,,,,,,,,0,0,0,,2,measured_warm,deterministic_30_case_router_fixture,150,Measures safe Track 1/Track 2 routing only. It is not a full media/OCR/dish/place benchmark and cannot support exact-place or dish-accuracy claims.,
track2_v3,852d5735c5e20abf995ffa3a4e096e04add88586,shorts-address-router-seed-v1,shorts_021,https://m.youtube.com/shorts/ABu9EuMbb5A,TRACK_2,,,TRACK_2,"... tại địa chỉ 216 Hoàng Ngân, Hà Nội...","... tại địa chỉ 216 Hoàng Ngân, Hà Nội...",,,,,1,0,0,0,0,0,0.064000,,,,,,,,,,,0,0,0,,2,measured_warm,deterministic_30_case_router_fixture,150,Measures safe Track 1/Track 2 routing only. It is not a full media/OCR/dish/place benchmark and cannot support exact-place or dish-accuracy claims.,
track2_v3,852d5735c5e20abf995ffa3a4e096e04add88586,shorts-address-router-seed-v1,shorts_022,https://www.youtube.com/shorts/WDckuulKB6g,TRACK_2,,,TRACK_2,,,,,,,1,0,0,0,0,0,0.060100,,,,,,,,,,,0,0,0,,2,measured_warm,deterministic_30_case_router_fixture,150,Measures safe Track 1/Track 2 routing only. It is not a full media/OCR/dish/place benchmark and cannot support exact-place or dish-accuracy claims.,
track2_v3,852d5735c5e20abf995ffa3a4e096e04add88586,shorts-address-router-seed-v1,shorts_023,https://www.youtube.com/shorts/Gv5Kcox1gIQ,TRACK_2,,,TRACK_2,... có một quán ăn nhỏ... địa chỉ mỳ ...,... có một quán ăn nhỏ... địa chỉ mỳ ...,,,,,1,0,0,0,0,0,0.059400,,,,,,,,,,,0,0,0,,2,measured_warm,deterministic_30_case_router_fixture,150,Measures safe Track 1/Track 2 routing only. It is not a full media/OCR/dish/place benchmark and cannot support exact-place or dish-accuracy claims.,
track2_v3,852d5735c5e20abf995ffa3a4e096e04add88586,shorts-address-router-seed-v1,shorts_024,https://www.youtube.com/shorts/MFJYWsgZ3gA,TRACK_2,,,TRACK_2,,,,,,,1,0,0,0,0,0,0.035800,,,,,,,,,,,0,0,0,,2,measured_warm,deterministic_30_case_router_fixture,150,Measures safe Track 1/Track 2 routing only. It is not a full media/OCR/dish/place benchmark and cannot support exact-place or dish-accuracy claims.,
track2_v3,852d5735c5e20abf995ffa3a4e096e04add88586,shorts-address-router-seed-v1,shorts_025,https://www.youtube.com/shorts/QdAGUbaZj0U,TRACK_2,,,TRACK_2,Top món ngon ở Quận 5 không phải ai cũng biết | Đi Đâu Sài Gòn,Top món ngon ở Quận 5 không phải ai cũng biết | Đi Đâu Sài Gòn,,,,,1,0,0,0,0,0,0.051200,,,,,,,,,,,0,0,0,,2,measured_warm,deterministic_30_case_router_fixture,150,Measures safe Track 1/Track 2 routing only. It is not a full media/OCR/dish/place benchmark and cannot support exact-place or dish-accuracy claims.,
track2_v3,852d5735c5e20abf995ffa3a4e096e04add88586,shorts-address-router-seed-v1,shorts_026,https://www.youtube.com/shorts/9BZ8f4B300E,TRACK_2,,,TRACK_2,Địa chỉ các nơi trong video: ...,Địa chỉ các nơi trong video: ...,,,,,1,0,0,0,0,0,0.054800,,,,,,,,,,,0,0,0,,2,measured_warm,deterministic_30_case_router_fixture,150,Measures safe Track 1/Track 2 routing only. It is not a full media/OCR/dish/place benchmark and cannot support exact-place or dish-accuracy claims.,
track2_v3,852d5735c5e20abf995ffa3a4e096e04add88586,shorts-address-router-seed-v1,shorts_027,https://www.youtube.com/shorts/qONsGB7T-Ig,TRACK_2,,,TRACK_2,,,,,,,1,0,0,0,0,0,0.031500,,,,,,,,,,,0,0,0,,2,measured_warm,deterministic_30_case_router_fixture,150,Measures safe Track 1/Track 2 routing only. It is not a full media/OCR/dish/place benchmark and cannot support exact-place or dish-accuracy claims.,
track2_v3,852d5735c5e20abf995ffa3a4e096e04add88586,shorts-address-router-seed-v1,shorts_028,https://www.youtube.com/shorts/tTXYvs45-yk,TRACK_2,,,TRACK_2,,,,,,,1,0,0,0,0,0,0.716300,,,,,,,,,,,0,0,0,,2,measured_warm,deterministic_30_case_router_fixture,150,Measures safe Track 1/Track 2 routing only. It is not a full media/OCR/dish/place benchmark and cannot support exact-place or dish-accuracy claims.,
track2_v3,852d5735c5e20abf995ffa3a4e096e04add88586,shorts-address-router-seed-v1,shorts_029,https://www.youtube.com/shorts/qr_LgJ2N3Ro,TRACK_2,,,TRACK_2,,,,,,,1,0,0,0,0,0,0.065600,,,,,,,,,,,0,0,0,,2,measured_warm,deterministic_30_case_router_fixture,150,Measures safe Track 1/Track 2 routing only. It is not a full media/OCR/dish/place benchmark and cannot support exact-place or dish-accuracy claims.,
track2_v3,852d5735c5e20abf995ffa3a4e096e04add88586,shorts-address-router-seed-v1,shorts_030,https://www.youtube.com/shorts/eM_uLz7n0Qs,TRACK_2,,,TRACK_2,"... tại địa chỉ số 1 Đông Thái, Chợ Gạo...","... tại địa chỉ số 1 Đông Thái, Chợ Gạo...",,,,,1,0,0,0,0,0,0.044600,,,,,,,,,,,0,0,0,,2,measured_warm,deterministic_30_case_router_fixture,150,Measures safe Track 1/Track 2 routing only. It is not a full media/OCR/dish/place benchmark and cannot support exact-place or dish-accuracy claims.,
track2_v3,852d5735c5e20abf995ffa3a4e096e04add88586,shorts-address-router-seed-v1,shorts_001,https://www.youtube.com/shorts/ZDPXxZe4uEs,TRACK_1,"39 Nguyen Trai, District 1, TP. Hồ Chí Minh",,TRACK_1,"39 Nguyen Trai, District 1, TP. Hồ Chí Minh","39 Nguyen Trai, District 1, TP. Hồ Chí Minh",,0.95,,,0,0,0,0,0,0,0.045200,,,,,,,,,,,0,0,0,,3,measured_warm,deterministic_30_case_router_fixture,150,Measures safe Track 1/Track 2 routing only. It is not a full media/OCR/dish/place benchmark and cannot support exact-place or dish-accuracy claims.,
track2_v3,852d5735c5e20abf995ffa3a4e096e04add88586,shorts-address-router-seed-v1,shorts_002,https://www.youtube.com/shorts/Hmd7A_1Xb44,TRACK_1,"52 Nguyen Cong Tru, Ward 19, Binh Thanh District, Ho Chi Minh city",,TRACK_1,"52 Nguyen Cong Tru, Ward 19, Binh Thanh District, Ho Chi Minh","52 Nguyen Cong Tru, Ward 19, Binh Thanh District, Ho Chi Minh",,0.95,,,0,0,0,0,0,0,0.031200,,,,,,,,,,,0,0,0,,3,measured_warm,deterministic_30_case_router_fixture,150,Measures safe Track 1/Track 2 routing only. It is not a full media/OCR/dish/place benchmark and cannot support exact-place or dish-accuracy claims.,
track2_v3,852d5735c5e20abf995ffa3a4e096e04add88586,shorts-address-router-seed-v1,shorts_003,https://www.youtube.com/shorts/QL51CQ28vpg,TRACK_1,"9, ngõ 56 Trần Quang Diệu, Đống Đa, Hà Nội",,TRACK_1,"Số 9, ngõ 56 Trần Quang Diệu, Đống Đa, Hà Nội","Số 9, ngõ 56 Trần Quang Diệu, Đống Đa, Hà Nội",,0.95,,,0,0,0,0,0,0,0.038700,,,,,,,,,,,0,0,0,,3,measured_warm,deterministic_30_case_router_fixture,150,Measures safe Track 1/Track 2 routing only. It is not a full media/OCR/dish/place benchmark and cannot support exact-place or dish-accuracy claims.,
track2_v3,852d5735c5e20abf995ffa3a4e096e04add88586,shorts-address-router-seed-v1,shorts_004,https://www.youtube.com/shorts/aWjqL1wGzUE,TRACK_1,"28 đường Thảo Điền, phường An Khánh, Quận 2, TP. Hồ Chí Minh",,TRACK_1,"CÀ PHÊ CÀ PHÁO 28 đường Thảo Điền, Quận 2, TP. Hồ Chí Minh","CÀ PHÊ CÀ PHÁO 28 đường Thảo Điền, Quận 2, TP. Hồ Chí Minh",,0.95,,,0,0,0,0,0,0,0.032700,,,,,,,,,,,0,0,0,,3,measured_warm,deterministic_30_case_router_fixture,150,Measures safe Track 1/Track 2 routing only. It is not a full media/OCR/dish/place benchmark and cannot support exact-place or dish-accuracy claims.,
track2_v3,852d5735c5e20abf995ffa3a4e096e04add88586,shorts-address-router-seed-v1,shorts_005,https://www.youtube.com/shorts/TIflqSNgcl8,TRACK_1,"Hẻm 140 Trần Bình Trọng, Phường 2, Quận 5, TP. Hồ Chí Minh",,TRACK_1,"Hẻm 140 Trần Bình Trọng, Phường 2, Quận 5","Hẻm 140 Trần Bình Trọng, Phường 2, Quận 5",,0.95,,,0,0,0,0,0,0,0.026600,,,,,,,,,,,0,0,0,,3,measured_warm,deterministic_30_case_router_fixture,150,Measures safe Track 1/Track 2 routing only. It is not a full media/OCR/dish/place benchmark and cannot support exact-place or dish-accuracy claims.,
track2_v3,852d5735c5e20abf995ffa3a4e096e04add88586,shorts-address-router-seed-v1,shorts_006,https://www.youtube.com/shorts/5Kt2X_L-zmU,TRACK_1,"92C Cao Thắng, Phường 4, Quận 3, TP. Hồ Chí Minh",,TRACK_1,"92C Cao Thắng, Phường 4, Quận 3","92C Cao Thắng, Phường 4, Quận 3",,0.95,,,0,0,0,0,0,0,0.021800,,,,,,,,,,,0,0,0,,3,measured_warm,deterministic_30_case_router_fixture,150,Measures safe Track 1/Track 2 routing only. It is not a full media/OCR/dish/place benchmark and cannot support exact-place or dish-accuracy claims.,
track2_v3,852d5735c5e20abf995ffa3a4e096e04add88586,shorts-address-router-seed-v1,shorts_007,https://www.youtube.com/shorts/W5vVDobZ8VA,TRACK_1,"284/3 Chợ Lớn (Quận 6, TP. Hồ Chí Minh)",,TRACK_1,"284/3 Chợ Lớn (Quận 6, TP. Hồ Chí Minh)","284/3 Chợ Lớn (Quận 6, TP. Hồ Chí Minh)",,0.9,,,0,0,0,0,0,0,0.144300,,,,,,,,,,,0,0,0,,3,measured_warm,deterministic_30_case_router_fixture,150,Measures safe Track 1/Track 2 routing only. It is not a full media/OCR/dish/place benchmark and cannot support exact-place or dish-accuracy claims.,
track2_v3,852d5735c5e20abf995ffa3a4e096e04add88586,shorts-address-router-seed-v1,shorts_008,https://www.youtube.com/shorts/z_nTyA64-mo,TRACK_1,"213B Phan Văn Khỏe (Quận 6, TP. Hồ Chí Minh)",,TRACK_1,"213B Phan Văn Khỏe (Quận 6, TP. Hồ Chí Minh)","213B Phan Văn Khỏe (Quận 6, TP. Hồ Chí Minh)",,0.9,,,0,0,0,0,0,0,0.106700,,,,,,,,,,,0,0,0,,3,measured_warm,deterministic_30_case_router_fixture,150,Measures safe Track 1/Track 2 routing only. It is not a full media/OCR/dish/place benchmark and cannot support exact-place or dish-accuracy claims.,
track2_v3,852d5735c5e20abf995ffa3a4e096e04add88586,shorts-address-router-seed-v1,shorts_009,https://www.youtube.com/shorts/tYGQhyFdk6U,TRACK_1,"14 Trịnh Văn Cấn, Phường Cầu Ông Lãnh, Quận 1, TP. Hồ Chí Minh",,TRACK_1,"14 Trịnh Văn Cấn, Quận 1, TP. Hồ Chí Minh","14 Trịnh Văn Cấn, Quận 1, TP. Hồ Chí Minh",,0.9,,,0,0,0,0,0,0,0.121500,,,,,,,,,,,0,0,0,,3,measured_warm,deterministic_30_case_router_fixture,150,Measures safe Track 1/Track 2 routing only. It is not a full media/OCR/dish/place benchmark and cannot support exact-place or dish-accuracy claims.,
track2_v3,852d5735c5e20abf995ffa3a4e096e04add88586,shorts-address-router-seed-v1,shorts_010,https://www.youtube.com/shorts/O2U5picQ9AU,TRACK_1,"371/67A Hẻm 371 Trường Chinh, Phường 14, Quận Tân Bình, TP. Hồ Chí Minh",,TRACK_2,[FOOD REVIEW] QUÁN SUSU ỐC-LẨU-NƯỚNG...,[FOOD REVIEW] QUÁN SUSU ỐC-LẨU-NƯỚNG...,,,,,0,0,0,1,0,0,0.066500,,,,,,,,,,,0,0,0,,3,measured_warm,deterministic_30_case_router_fixture,150,Measures safe Track 1/Track 2 routing only. It is not a full media/OCR/dish/place benchmark and cannot support exact-place or dish-accuracy claims.,
track2_v3,852d5735c5e20abf995ffa3a4e096e04add88586,shorts-address-router-seed-v1,shorts_011,https://www.youtube.com/shorts/s3QtciG_lLQ,TRACK_2,,,TRACK_2,"12 Lê Lợi, Quận 1","12 Lê Lợi, Quận 1",,,,,1,0,0,0,0,0,0.044400,,,,,,,,,,,0,0,0,,3,measured_warm,deterministic_30_case_router_fixture,150,Measures safe Track 1/Track 2 routing only. It is not a full media/OCR/dish/place benchmark and cannot support exact-place or dish-accuracy claims.,
track2_v3,852d5735c5e20abf995ffa3a4e096e04add88586,shorts-address-router-seed-v1,shorts_012,https://www.youtube.com/shorts/o3An_wnTC1M,TRACK_2,,,TRACK_2,"34 Nguyễn Huệ, Quận 1","34 Nguyễn Huệ, Quận 1",,,,,1,0,0,0,0,0,0.032900,,,,,,,,,,,0,0,0,,3,measured_warm,deterministic_30_case_router_fixture,150,Measures safe Track 1/Track 2 routing only. It is not a full media/OCR/dish/place benchmark and cannot support exact-place or dish-accuracy claims.,
track2_v3,852d5735c5e20abf995ffa3a4e096e04add88586,shorts-address-router-seed-v1,shorts_013,https://www.youtube.com/shorts/XC8FdZWQ40w,TRACK_2,,,TRACK_2,"56 Trần Hưng Đạo, Quận 5","56 Trần Hưng Đạo, Quận 5",,,,,1,0,0,0,0,0,0.030900,,,,,,,,,,,0,0,0,,3,measured_warm,deterministic_30_case_router_fixture,150,Measures safe Track 1/Track 2 routing only. It is not a full media/OCR/dish/place benchmark and cannot support exact-place or dish-accuracy claims.,
track2_v3,852d5735c5e20abf995ffa3a4e096e04add88586,shorts-address-router-seed-v1,shorts_014,https://www.youtube.com/shorts/5e3nN9TmaAo,TRACK_2,,,TRACK_2,"78 Thái Phiên, Quận 11","78 Thái Phiên, Quận 11",,,,,1,0,0,0,0,0,0.034500,,,,,,,,,,,0,0,0,,3,measured_warm,deterministic_30_case_router_fixture,150,Measures safe Track 1/Track 2 routing only. It is not a full media/OCR/dish/place benchmark and cannot support exact-place or dish-accuracy claims.,
track2_v3,852d5735c5e20abf995ffa3a4e096e04add88586,shorts-address-router-seed-v1,shorts_015,https://www.youtube.com/shorts/Vo2vRItP1d8,TRACK_2,,,TRACK_2,"90 Trường Chinh, Quận Tân Bình","90 Trường Chinh, Quận Tân Bình",,,,,1,0,0,0,0,0,0.033500,,,,,,,,,,,0,0,0,,3,measured_warm,deterministic_30_case_router_fixture,150,Measures safe Track 1/Track 2 routing only. It is not a full media/OCR/dish/place benchmark and cannot support exact-place or dish-accuracy claims.,
track2_v3,852d5735c5e20abf995ffa3a4e096e04add88586,shorts-address-router-seed-v1,shorts_016,https://m.youtube.com/shorts/zGrWnb9C84c,TRACK_2,,,TRACK_2,"102 Phan Xích Long, Phú Nhuận","102 Phan Xích Long, Phú Nhuận",,,,,1,0,0,0,0,0,0.037000,,,,,,,,,,,0,0,0,,3,measured_warm,deterministic_30_case_router_fixture,150,Measures safe Track 1/Track 2 routing only. It is not a full media/OCR/dish/place benchmark and cannot support exact-place or dish-accuracy claims.,
track2_v3,852d5735c5e20abf995ffa3a4e096e04add88586,shorts-address-router-seed-v1,shorts_017,https://www.youtube.com/shorts/avLPlQA7w0I,TRACK_2,,,TRACK_2,"NỘM LONG VI DUNG - 23 Hồ Hoàn Kiếm, Quận Hoàn Kiếm, Hà Nội","NỘM LONG VI DUNG - 23 Hồ Hoàn Kiếm, Quận Hoàn Kiếm, Hà Nội",,,,,1,0,0,0,0,0,0.054700,,,,,,,,,,,0,0,0,,3,measured_warm,deterministic_30_case_router_fixture,150,Measures safe Track 1/Track 2 routing only. It is not a full media/OCR/dish/place benchmark and cannot support exact-place or dish-accuracy claims.,
track2_v3,852d5735c5e20abf995ffa3a4e096e04add88586,shorts-address-router-seed-v1,shorts_018,https://www.youtube.com/shorts/W8ewx2gZqU4,TRACK_2,,,TRACK_2,,,,,,,1,0,0,0,0,0,0.041900,,,,,,,,,,,0,0,0,,3,measured_warm,deterministic_30_case_router_fixture,150,Measures safe Track 1/Track 2 routing only. It is not a full media/OCR/dish/place benchmark and cannot support exact-place or dish-accuracy claims.,
track2_v3,852d5735c5e20abf995ffa3a4e096e04add88586,shorts-address-router-seed-v1,shorts_019,https://www.youtube.com/shorts/i-_71qo3mOE,TRACK_2,,,TRACK_2,Tổng hợp quán ăn ngon Quận 8 rất nhiều quán ngon đón chờ #tieusanhdaily #foodreview #anngon #amthuc,Tổng hợp quán ăn ngon Quận 8 rất nhiều quán ngon đón chờ #tieusanhdaily #foodreview #anngon #amthuc,,,,,1,0,0,0,0,0,0.041100,,,,,,,,,,,0,0,0,,3,measured_warm,deterministic_30_case_router_fixture,150,Measures safe Track 1/Track 2 routing only. It is not a full media/OCR/dish/place benchmark and cannot support exact-place or dish-accuracy claims.,
track2_v3,852d5735c5e20abf995ffa3a4e096e04add88586,shorts-address-router-seed-v1,shorts_020,https://www.youtube.com/shorts/jsJ8bkSfC-c,TRACK_2,,,TRACK_2,,,,,,,1,0,0,0,0,0,0.039800,,,,,,,,,,,0,0,0,,3,measured_warm,deterministic_30_case_router_fixture,150,Measures safe Track 1/Track 2 routing only. It is not a full media/OCR/dish/place benchmark and cannot support exact-place or dish-accuracy claims.,
track2_v3,852d5735c5e20abf995ffa3a4e096e04add88586,shorts-address-router-seed-v1,shorts_021,https://m.youtube.com/shorts/ABu9EuMbb5A,TRACK_2,,,TRACK_2,"... tại địa chỉ 216 Hoàng Ngân, Hà Nội...","... tại địa chỉ 216 Hoàng Ngân, Hà Nội...",,,,,1,0,0,0,0,0,0.034500,,,,,,,,,,,0,0,0,,3,measured_warm,deterministic_30_case_router_fixture,150,Measures safe Track 1/Track 2 routing only. It is not a full media/OCR/dish/place benchmark and cannot support exact-place or dish-accuracy claims.,
track2_v3,852d5735c5e20abf995ffa3a4e096e04add88586,shorts-address-router-seed-v1,shorts_022,https://www.youtube.com/shorts/WDckuulKB6g,TRACK_2,,,TRACK_2,,,,,,,1,0,0,0,0,0,0.033400,,,,,,,,,,,0,0,0,,3,measured_warm,deterministic_30_case_router_fixture,150,Measures safe Track 1/Track 2 routing only. It is not a full media/OCR/dish/place benchmark and cannot support exact-place or dish-accuracy claims.,
track2_v3,852d5735c5e20abf995ffa3a4e096e04add88586,shorts-address-router-seed-v1,shorts_023,https://www.youtube.com/shorts/Gv5Kcox1gIQ,TRACK_2,,,TRACK_2,... có một quán ăn nhỏ... địa chỉ mỳ ...,... có một quán ăn nhỏ... địa chỉ mỳ ...,,,,,1,0,0,0,0,0,0.031000,,,,,,,,,,,0,0,0,,3,measured_warm,deterministic_30_case_router_fixture,150,Measures safe Track 1/Track 2 routing only. It is not a full media/OCR/dish/place benchmark and cannot support exact-place or dish-accuracy claims.,
track2_v3,852d5735c5e20abf995ffa3a4e096e04add88586,shorts-address-router-seed-v1,shorts_024,https://www.youtube.com/shorts/MFJYWsgZ3gA,TRACK_2,,,TRACK_2,,,,,,,1,0,0,0,0,0,0.020900,,,,,,,,,,,0,0,0,,3,measured_warm,deterministic_30_case_router_fixture,150,Measures safe Track 1/Track 2 routing only. It is not a full media/OCR/dish/place benchmark and cannot support exact-place or dish-accuracy claims.,
track2_v3,852d5735c5e20abf995ffa3a4e096e04add88586,shorts-address-router-seed-v1,shorts_025,https://www.youtube.com/shorts/QdAGUbaZj0U,TRACK_2,,,TRACK_2,Top món ngon ở Quận 5 không phải ai cũng biết | Đi Đâu Sài Gòn,Top món ngon ở Quận 5 không phải ai cũng biết | Đi Đâu Sài Gòn,,,,,1,0,0,0,0,0,0.028800,,,,,,,,,,,0,0,0,,3,measured_warm,deterministic_30_case_router_fixture,150,Measures safe Track 1/Track 2 routing only. It is not a full media/OCR/dish/place benchmark and cannot support exact-place or dish-accuracy claims.,
track2_v3,852d5735c5e20abf995ffa3a4e096e04add88586,shorts-address-router-seed-v1,shorts_026,https://www.youtube.com/shorts/9BZ8f4B300E,TRACK_2,,,TRACK_2,Địa chỉ các nơi trong video: ...,Địa chỉ các nơi trong video: ...,,,,,1,0,0,0,0,0,0.029000,,,,,,,,,,,0,0,0,,3,measured_warm,deterministic_30_case_router_fixture,150,Measures safe Track 1/Track 2 routing only. It is not a full media/OCR/dish/place benchmark and cannot support exact-place or dish-accuracy claims.,
track2_v3,852d5735c5e20abf995ffa3a4e096e04add88586,shorts-address-router-seed-v1,shorts_027,https://www.youtube.com/shorts/qONsGB7T-Ig,TRACK_2,,,TRACK_2,,,,,,,1,0,0,0,0,0,0.017600,,,,,,,,,,,0,0,0,,3,measured_warm,deterministic_30_case_router_fixture,150,Measures safe Track 1/Track 2 routing only. It is not a full media/OCR/dish/place benchmark and cannot support exact-place or dish-accuracy claims.,
track2_v3,852d5735c5e20abf995ffa3a4e096e04add88586,shorts-address-router-seed-v1,shorts_028,https://www.youtube.com/shorts/tTXYvs45-yk,TRACK_2,,,TRACK_2,,,,,,,1,0,0,0,0,0,0.190700,,,,,,,,,,,0,0,0,,3,measured_warm,deterministic_30_case_router_fixture,150,Measures safe Track 1/Track 2 routing only. It is not a full media/OCR/dish/place benchmark and cannot support exact-place or dish-accuracy claims.,
track2_v3,852d5735c5e20abf995ffa3a4e096e04add88586,shorts-address-router-seed-v1,shorts_029,https://www.youtube.com/shorts/qr_LgJ2N3Ro,TRACK_2,,,TRACK_2,,,,,,,1,0,0,0,0,0,0.041100,,,,,,,,,,,0,0,0,,3,measured_warm,deterministic_30_case_router_fixture,150,Measures safe Track 1/Track 2 routing only. It is not a full media/OCR/dish/place benchmark and cannot support exact-place or dish-accuracy claims.,
track2_v3,852d5735c5e20abf995ffa3a4e096e04add88586,shorts-address-router-seed-v1,shorts_030,https://www.youtube.com/shorts/eM_uLz7n0Qs,TRACK_2,,,TRACK_2,"... tại địa chỉ số 1 Đông Thái, Chợ Gạo...","... tại địa chỉ số 1 Đông Thái, Chợ Gạo...",,,,,1,0,0,0,0,0,0.037500,,,,,,,,,,,0,0,0,,3,measured_warm,deterministic_30_case_router_fixture,150,Measures safe Track 1/Track 2 routing only. It is not a full media/OCR/dish/place benchmark and cannot support exact-place or dish-accuracy claims.,
track2_v3,852d5735c5e20abf995ffa3a4e096e04add88586,shorts-address-router-seed-v1,shorts_001,https://www.youtube.com/shorts/ZDPXxZe4uEs,TRACK_1,"39 Nguyen Trai, District 1, TP. Hồ Chí Minh",,TRACK_1,"39 Nguyen Trai, District 1, TP. Hồ Chí Minh","39 Nguyen Trai, District 1, TP. Hồ Chí Minh",,0.95,,,0,0,0,0,0,0,0.042500,,,,,,,,,,,0,0,0,,4,measured_warm,deterministic_30_case_router_fixture,150,Measures safe Track 1/Track 2 routing only. It is not a full media/OCR/dish/place benchmark and cannot support exact-place or dish-accuracy claims.,
track2_v3,852d5735c5e20abf995ffa3a4e096e04add88586,shorts-address-router-seed-v1,shorts_002,https://www.youtube.com/shorts/Hmd7A_1Xb44,TRACK_1,"52 Nguyen Cong Tru, Ward 19, Binh Thanh District, Ho Chi Minh city",,TRACK_1,"52 Nguyen Cong Tru, Ward 19, Binh Thanh District, Ho Chi Minh","52 Nguyen Cong Tru, Ward 19, Binh Thanh District, Ho Chi Minh",,0.95,,,0,0,0,0,0,0,0.028700,,,,,,,,,,,0,0,0,,4,measured_warm,deterministic_30_case_router_fixture,150,Measures safe Track 1/Track 2 routing only. It is not a full media/OCR/dish/place benchmark and cannot support exact-place or dish-accuracy claims.,
track2_v3,852d5735c5e20abf995ffa3a4e096e04add88586,shorts-address-router-seed-v1,shorts_003,https://www.youtube.com/shorts/QL51CQ28vpg,TRACK_1,"9, ngõ 56 Trần Quang Diệu, Đống Đa, Hà Nội",,TRACK_1,"Số 9, ngõ 56 Trần Quang Diệu, Đống Đa, Hà Nội","Số 9, ngõ 56 Trần Quang Diệu, Đống Đa, Hà Nội",,0.95,,,0,0,0,0,0,0,0.037900,,,,,,,,,,,0,0,0,,4,measured_warm,deterministic_30_case_router_fixture,150,Measures safe Track 1/Track 2 routing only. It is not a full media/OCR/dish/place benchmark and cannot support exact-place or dish-accuracy claims.,
track2_v3,852d5735c5e20abf995ffa3a4e096e04add88586,shorts-address-router-seed-v1,shorts_004,https://www.youtube.com/shorts/aWjqL1wGzUE,TRACK_1,"28 đường Thảo Điền, phường An Khánh, Quận 2, TP. Hồ Chí Minh",,TRACK_1,"CÀ PHÊ CÀ PHÁO 28 đường Thảo Điền, Quận 2, TP. Hồ Chí Minh","CÀ PHÊ CÀ PHÁO 28 đường Thảo Điền, Quận 2, TP. Hồ Chí Minh",,0.95,,,0,0,0,0,0,0,0.031700,,,,,,,,,,,0,0,0,,4,measured_warm,deterministic_30_case_router_fixture,150,Measures safe Track 1/Track 2 routing only. It is not a full media/OCR/dish/place benchmark and cannot support exact-place or dish-accuracy claims.,
track2_v3,852d5735c5e20abf995ffa3a4e096e04add88586,shorts-address-router-seed-v1,shorts_005,https://www.youtube.com/shorts/TIflqSNgcl8,TRACK_1,"Hẻm 140 Trần Bình Trọng, Phường 2, Quận 5, TP. Hồ Chí Minh",,TRACK_1,"Hẻm 140 Trần Bình Trọng, Phường 2, Quận 5","Hẻm 140 Trần Bình Trọng, Phường 2, Quận 5",,0.95,,,0,0,0,0,0,0,0.026000,,,,,,,,,,,0,0,0,,4,measured_warm,deterministic_30_case_router_fixture,150,Measures safe Track 1/Track 2 routing only. It is not a full media/OCR/dish/place benchmark and cannot support exact-place or dish-accuracy claims.,
track2_v3,852d5735c5e20abf995ffa3a4e096e04add88586,shorts-address-router-seed-v1,shorts_006,https://www.youtube.com/shorts/5Kt2X_L-zmU,TRACK_1,"92C Cao Thắng, Phường 4, Quận 3, TP. Hồ Chí Minh",,TRACK_1,"92C Cao Thắng, Phường 4, Quận 3","92C Cao Thắng, Phường 4, Quận 3",,0.95,,,0,0,0,0,0,0,0.023300,,,,,,,,,,,0,0,0,,4,measured_warm,deterministic_30_case_router_fixture,150,Measures safe Track 1/Track 2 routing only. It is not a full media/OCR/dish/place benchmark and cannot support exact-place or dish-accuracy claims.,
track2_v3,852d5735c5e20abf995ffa3a4e096e04add88586,shorts-address-router-seed-v1,shorts_007,https://www.youtube.com/shorts/W5vVDobZ8VA,TRACK_1,"284/3 Chợ Lớn (Quận 6, TP. Hồ Chí Minh)",,TRACK_1,"284/3 Chợ Lớn (Quận 6, TP. Hồ Chí Minh)","284/3 Chợ Lớn (Quận 6, TP. Hồ Chí Minh)",,0.9,,,0,0,0,0,0,0,0.080700,,,,,,,,,,,0,0,0,,4,measured_warm,deterministic_30_case_router_fixture,150,Measures safe Track 1/Track 2 routing only. It is not a full media/OCR/dish/place benchmark and cannot support exact-place or dish-accuracy claims.,
track2_v3,852d5735c5e20abf995ffa3a4e096e04add88586,shorts-address-router-seed-v1,shorts_008,https://www.youtube.com/shorts/z_nTyA64-mo,TRACK_1,"213B Phan Văn Khỏe (Quận 6, TP. Hồ Chí Minh)",,TRACK_1,"213B Phan Văn Khỏe (Quận 6, TP. Hồ Chí Minh)","213B Phan Văn Khỏe (Quận 6, TP. Hồ Chí Minh)",,0.9,,,0,0,0,0,0,0,0.065900,,,,,,,,,,,0,0,0,,4,measured_warm,deterministic_30_case_router_fixture,150,Measures safe Track 1/Track 2 routing only. It is not a full media/OCR/dish/place benchmark and cannot support exact-place or dish-accuracy claims.,
track2_v3,852d5735c5e20abf995ffa3a4e096e04add88586,shorts-address-router-seed-v1,shorts_009,https://www.youtube.com/shorts/tYGQhyFdk6U,TRACK_1,"14 Trịnh Văn Cấn, Phường Cầu Ông Lãnh, Quận 1, TP. Hồ Chí Minh",,TRACK_1,"14 Trịnh Văn Cấn, Quận 1, TP. Hồ Chí Minh","14 Trịnh Văn Cấn, Quận 1, TP. Hồ Chí Minh",,0.9,,,0,0,0,0,0,0,0.347100,,,,,,,,,,,0,0,0,,4,measured_warm,deterministic_30_case_router_fixture,150,Measures safe Track 1/Track 2 routing only. It is not a full media/OCR/dish/place benchmark and cannot support exact-place or dish-accuracy claims.,
track2_v3,852d5735c5e20abf995ffa3a4e096e04add88586,shorts-address-router-seed-v1,shorts_010,https://www.youtube.com/shorts/O2U5picQ9AU,TRACK_1,"371/67A Hẻm 371 Trường Chinh, Phường 14, Quận Tân Bình, TP. Hồ Chí Minh",,TRACK_2,[FOOD REVIEW] QUÁN SUSU ỐC-LẨU-NƯỚNG...,[FOOD REVIEW] QUÁN SUSU ỐC-LẨU-NƯỚNG...,,,,,0,0,0,1,0,0,0.117000,,,,,,,,,,,0,0,0,,4,measured_warm,deterministic_30_case_router_fixture,150,Measures safe Track 1/Track 2 routing only. It is not a full media/OCR/dish/place benchmark and cannot support exact-place or dish-accuracy claims.,
track2_v3,852d5735c5e20abf995ffa3a4e096e04add88586,shorts-address-router-seed-v1,shorts_011,https://www.youtube.com/shorts/s3QtciG_lLQ,TRACK_2,,,TRACK_2,"12 Lê Lợi, Quận 1","12 Lê Lợi, Quận 1",,,,,1,0,0,0,0,0,0.056800,,,,,,,,,,,0,0,0,,4,measured_warm,deterministic_30_case_router_fixture,150,Measures safe Track 1/Track 2 routing only. It is not a full media/OCR/dish/place benchmark and cannot support exact-place or dish-accuracy claims.,
track2_v3,852d5735c5e20abf995ffa3a4e096e04add88586,shorts-address-router-seed-v1,shorts_012,https://www.youtube.com/shorts/o3An_wnTC1M,TRACK_2,,,TRACK_2,"34 Nguyễn Huệ, Quận 1","34 Nguyễn Huệ, Quận 1",,,,,1,0,0,0,0,0,0.035300,,,,,,,,,,,0,0,0,,4,measured_warm,deterministic_30_case_router_fixture,150,Measures safe Track 1/Track 2 routing only. It is not a full media/OCR/dish/place benchmark and cannot support exact-place or dish-accuracy claims.,
track2_v3,852d5735c5e20abf995ffa3a4e096e04add88586,shorts-address-router-seed-v1,shorts_013,https://www.youtube.com/shorts/XC8FdZWQ40w,TRACK_2,,,TRACK_2,"56 Trần Hưng Đạo, Quận 5","56 Trần Hưng Đạo, Quận 5",,,,,1,0,0,0,0,0,0.032200,,,,,,,,,,,0,0,0,,4,measured_warm,deterministic_30_case_router_fixture,150,Measures safe Track 1/Track 2 routing only. It is not a full media/OCR/dish/place benchmark and cannot support exact-place or dish-accuracy claims.,
track2_v3,852d5735c5e20abf995ffa3a4e096e04add88586,shorts-address-router-seed-v1,shorts_014,https://www.youtube.com/shorts/5e3nN9TmaAo,TRACK_2,,,TRACK_2,"78 Thái Phiên, Quận 11","78 Thái Phiên, Quận 11",,,,,1,0,0,0,0,0,0.064800,,,,,,,,,,,0,0,0,,4,measured_warm,deterministic_30_case_router_fixture,150,Measures safe Track 1/Track 2 routing only. It is not a full media/OCR/dish/place benchmark and cannot support exact-place or dish-accuracy claims.,
track2_v3,852d5735c5e20abf995ffa3a4e096e04add88586,shorts-address-router-seed-v1,shorts_015,https://www.youtube.com/shorts/Vo2vRItP1d8,TRACK_2,,,TRACK_2,"90 Trường Chinh, Quận Tân Bình","90 Trường Chinh, Quận Tân Bình",,,,,1,0,0,0,0,0,0.036200,,,,,,,,,,,0,0,0,,4,measured_warm,deterministic_30_case_router_fixture,150,Measures safe Track 1/Track 2 routing only. It is not a full media/OCR/dish/place benchmark and cannot support exact-place or dish-accuracy claims.,
track2_v3,852d5735c5e20abf995ffa3a4e096e04add88586,shorts-address-router-seed-v1,shorts_016,https://m.youtube.com/shorts/zGrWnb9C84c,TRACK_2,,,TRACK_2,"102 Phan Xích Long, Phú Nhuận","102 Phan Xích Long, Phú Nhuận",,,,,1,0,0,0,0,0,0.035200,,,,,,,,,,,0,0,0,,4,measured_warm,deterministic_30_case_router_fixture,150,Measures safe Track 1/Track 2 routing only. It is not a full media/OCR/dish/place benchmark and cannot support exact-place or dish-accuracy claims.,
track2_v3,852d5735c5e20abf995ffa3a4e096e04add88586,shorts-address-router-seed-v1,shorts_017,https://www.youtube.com/shorts/avLPlQA7w0I,TRACK_2,,,TRACK_2,"NỘM LONG VI DUNG - 23 Hồ Hoàn Kiếm, Quận Hoàn Kiếm, Hà Nội","NỘM LONG VI DUNG - 23 Hồ Hoàn Kiếm, Quận Hoàn Kiếm, Hà Nội",,,,,1,0,0,0,0,0,0.053500,,,,,,,,,,,0,0,0,,4,measured_warm,deterministic_30_case_router_fixture,150,Measures safe Track 1/Track 2 routing only. It is not a full media/OCR/dish/place benchmark and cannot support exact-place or dish-accuracy claims.,
track2_v3,852d5735c5e20abf995ffa3a4e096e04add88586,shorts-address-router-seed-v1,shorts_018,https://www.youtube.com/shorts/W8ewx2gZqU4,TRACK_2,,,TRACK_2,,,,,,,1,0,0,0,0,0,0.044700,,,,,,,,,,,0,0,0,,4,measured_warm,deterministic_30_case_router_fixture,150,Measures safe Track 1/Track 2 routing only. It is not a full media/OCR/dish/place benchmark and cannot support exact-place or dish-accuracy claims.,
track2_v3,852d5735c5e20abf995ffa3a4e096e04add88586,shorts-address-router-seed-v1,shorts_019,https://www.youtube.com/shorts/i-_71qo3mOE,TRACK_2,,,TRACK_2,Tổng hợp quán ăn ngon Quận 8 rất nhiều quán ngon đón chờ #tieusanhdaily #foodreview #anngon #amthuc,Tổng hợp quán ăn ngon Quận 8 rất nhiều quán ngon đón chờ #tieusanhdaily #foodreview #anngon #amthuc,,,,,1,0,0,0,0,0,0.040400,,,,,,,,,,,0,0,0,,4,measured_warm,deterministic_30_case_router_fixture,150,Measures safe Track 1/Track 2 routing only. It is not a full media/OCR/dish/place benchmark and cannot support exact-place or dish-accuracy claims.,
track2_v3,852d5735c5e20abf995ffa3a4e096e04add88586,shorts-address-router-seed-v1,shorts_020,https://www.youtube.com/shorts/jsJ8bkSfC-c,TRACK_2,,,TRACK_2,,,,,,,1,0,0,0,0,0,0.044100,,,,,,,,,,,0,0,0,,4,measured_warm,deterministic_30_case_router_fixture,150,Measures safe Track 1/Track 2 routing only. It is not a full media/OCR/dish/place benchmark and cannot support exact-place or dish-accuracy claims.,
track2_v3,852d5735c5e20abf995ffa3a4e096e04add88586,shorts-address-router-seed-v1,shorts_021,https://m.youtube.com/shorts/ABu9EuMbb5A,TRACK_2,,,TRACK_2,"... tại địa chỉ 216 Hoàng Ngân, Hà Nội...","... tại địa chỉ 216 Hoàng Ngân, Hà Nội...",,,,,1,0,0,0,0,0,0.036600,,,,,,,,,,,0,0,0,,4,measured_warm,deterministic_30_case_router_fixture,150,Measures safe Track 1/Track 2 routing only. It is not a full media/OCR/dish/place benchmark and cannot support exact-place or dish-accuracy claims.,
track2_v3,852d5735c5e20abf995ffa3a4e096e04add88586,shorts-address-router-seed-v1,shorts_022,https://www.youtube.com/shorts/WDckuulKB6g,TRACK_2,,,TRACK_2,,,,,,,1,0,0,0,0,0,0.032500,,,,,,,,,,,0,0,0,,4,measured_warm,deterministic_30_case_router_fixture,150,Measures safe Track 1/Track 2 routing only. It is not a full media/OCR/dish/place benchmark and cannot support exact-place or dish-accuracy claims.,
track2_v3,852d5735c5e20abf995ffa3a4e096e04add88586,shorts-address-router-seed-v1,shorts_023,https://www.youtube.com/shorts/Gv5Kcox1gIQ,TRACK_2,,,TRACK_2,... có một quán ăn nhỏ... địa chỉ mỳ ...,... có một quán ăn nhỏ... địa chỉ mỳ ...,,,,,1,0,0,0,0,0,0.036500,,,,,,,,,,,0,0,0,,4,measured_warm,deterministic_30_case_router_fixture,150,Measures safe Track 1/Track 2 routing only. It is not a full media/OCR/dish/place benchmark and cannot support exact-place or dish-accuracy claims.,
track2_v3,852d5735c5e20abf995ffa3a4e096e04add88586,shorts-address-router-seed-v1,shorts_024,https://www.youtube.com/shorts/MFJYWsgZ3gA,TRACK_2,,,TRACK_2,,,,,,,1,0,0,0,0,0,0.024700,,,,,,,,,,,0,0,0,,4,measured_warm,deterministic_30_case_router_fixture,150,Measures safe Track 1/Track 2 routing only. It is not a full media/OCR/dish/place benchmark and cannot support exact-place or dish-accuracy claims.,
track2_v3,852d5735c5e20abf995ffa3a4e096e04add88586,shorts-address-router-seed-v1,shorts_025,https://www.youtube.com/shorts/QdAGUbaZj0U,TRACK_2,,,TRACK_2,Top món ngon ở Quận 5 không phải ai cũng biết | Đi Đâu Sài Gòn,Top món ngon ở Quận 5 không phải ai cũng biết | Đi Đâu Sài Gòn,,,,,1,0,0,0,0,0,0.029300,,,,,,,,,,,0,0,0,,4,measured_warm,deterministic_30_case_router_fixture,150,Measures safe Track 1/Track 2 routing only. It is not a full media/OCR/dish/place benchmark and cannot support exact-place or dish-accuracy claims.,
track2_v3,852d5735c5e20abf995ffa3a4e096e04add88586,shorts-address-router-seed-v1,shorts_026,https://www.youtube.com/shorts/9BZ8f4B300E,TRACK_2,,,TRACK_2,Địa chỉ các nơi trong video: ...,Địa chỉ các nơi trong video: ...,,,,,1,0,0,0,0,0,0.029300,,,,,,,,,,,0,0,0,,4,measured_warm,deterministic_30_case_router_fixture,150,Measures safe Track 1/Track 2 routing only. It is not a full media/OCR/dish/place benchmark and cannot support exact-place or dish-accuracy claims.,
track2_v3,852d5735c5e20abf995ffa3a4e096e04add88586,shorts-address-router-seed-v1,shorts_027,https://www.youtube.com/shorts/qONsGB7T-Ig,TRACK_2,,,TRACK_2,,,,,,,1,0,0,0,0,0,0.018600,,,,,,,,,,,0,0,0,,4,measured_warm,deterministic_30_case_router_fixture,150,Measures safe Track 1/Track 2 routing only. It is not a full media/OCR/dish/place benchmark and cannot support exact-place or dish-accuracy claims.,
track2_v3,852d5735c5e20abf995ffa3a4e096e04add88586,shorts-address-router-seed-v1,shorts_028,https://www.youtube.com/shorts/tTXYvs45-yk,TRACK_2,,,TRACK_2,,,,,,,1,0,0,0,0,0,0.206400,,,,,,,,,,,0,0,0,,4,measured_warm,deterministic_30_case_router_fixture,150,Measures safe Track 1/Track 2 routing only. It is not a full media/OCR/dish/place benchmark and cannot support exact-place or dish-accuracy claims.,
track2_v3,852d5735c5e20abf995ffa3a4e096e04add88586,shorts-address-router-seed-v1,shorts_029,https://www.youtube.com/shorts/qr_LgJ2N3Ro,TRACK_2,,,TRACK_2,,,,,,,1,0,0,0,0,0,0.048100,,,,,,,,,,,0,0,0,,4,measured_warm,deterministic_30_case_router_fixture,150,Measures safe Track 1/Track 2 routing only. It is not a full media/OCR/dish/place benchmark and cannot support exact-place or dish-accuracy claims.,
track2_v3,852d5735c5e20abf995ffa3a4e096e04add88586,shorts-address-router-seed-v1,shorts_030,https://www.youtube.com/shorts/eM_uLz7n0Qs,TRACK_2,,,TRACK_2,"... tại địa chỉ số 1 Đông Thái, Chợ Gạo...","... tại địa chỉ số 1 Đông Thái, Chợ Gạo...",,,,,1,0,0,0,0,0,0.037700,,,,,,,,,,,0,0,0,,4,measured_warm,deterministic_30_case_router_fixture,150,Measures safe Track 1/Track 2 routing only. It is not a full media/OCR/dish/place benchmark and cannot support exact-place or dish-accuracy claims.,
track2_v3,852d5735c5e20abf995ffa3a4e096e04add88586,shorts-address-router-seed-v1,shorts_001,https://www.youtube.com/shorts/ZDPXxZe4uEs,TRACK_1,"39 Nguyen Trai, District 1, TP. Hồ Chí Minh",,TRACK_1,"39 Nguyen Trai, District 1, TP. Hồ Chí Minh","39 Nguyen Trai, District 1, TP. Hồ Chí Minh",,0.95,,,0,0,0,0,0,0,0.041300,,,,,,,,,,,0,0,0,,5,measured_warm,deterministic_30_case_router_fixture,150,Measures safe Track 1/Track 2 routing only. It is not a full media/OCR/dish/place benchmark and cannot support exact-place or dish-accuracy claims.,
track2_v3,852d5735c5e20abf995ffa3a4e096e04add88586,shorts-address-router-seed-v1,shorts_002,https://www.youtube.com/shorts/Hmd7A_1Xb44,TRACK_1,"52 Nguyen Cong Tru, Ward 19, Binh Thanh District, Ho Chi Minh city",,TRACK_1,"52 Nguyen Cong Tru, Ward 19, Binh Thanh District, Ho Chi Minh","52 Nguyen Cong Tru, Ward 19, Binh Thanh District, Ho Chi Minh",,0.95,,,0,0,0,0,0,0,0.029800,,,,,,,,,,,0,0,0,,5,measured_warm,deterministic_30_case_router_fixture,150,Measures safe Track 1/Track 2 routing only. It is not a full media/OCR/dish/place benchmark and cannot support exact-place or dish-accuracy claims.,
track2_v3,852d5735c5e20abf995ffa3a4e096e04add88586,shorts-address-router-seed-v1,shorts_003,https://www.youtube.com/shorts/QL51CQ28vpg,TRACK_1,"9, ngõ 56 Trần Quang Diệu, Đống Đa, Hà Nội",,TRACK_1,"Số 9, ngõ 56 Trần Quang Diệu, Đống Đa, Hà Nội","Số 9, ngõ 56 Trần Quang Diệu, Đống Đa, Hà Nội",,0.95,,,0,0,0,0,0,0,0.039100,,,,,,,,,,,0,0,0,,5,measured_warm,deterministic_30_case_router_fixture,150,Measures safe Track 1/Track 2 routing only. It is not a full media/OCR/dish/place benchmark and cannot support exact-place or dish-accuracy claims.,
track2_v3,852d5735c5e20abf995ffa3a4e096e04add88586,shorts-address-router-seed-v1,shorts_004,https://www.youtube.com/shorts/aWjqL1wGzUE,TRACK_1,"28 đường Thảo Điền, phường An Khánh, Quận 2, TP. Hồ Chí Minh",,TRACK_1,"CÀ PHÊ CÀ PHÁO 28 đường Thảo Điền, Quận 2, TP. Hồ Chí Minh","CÀ PHÊ CÀ PHÁO 28 đường Thảo Điền, Quận 2, TP. Hồ Chí Minh",,0.95,,,0,0,0,0,0,0,0.034200,,,,,,,,,,,0,0,0,,5,measured_warm,deterministic_30_case_router_fixture,150,Measures safe Track 1/Track 2 routing only. It is not a full media/OCR/dish/place benchmark and cannot support exact-place or dish-accuracy claims.,
track2_v3,852d5735c5e20abf995ffa3a4e096e04add88586,shorts-address-router-seed-v1,shorts_005,https://www.youtube.com/shorts/TIflqSNgcl8,TRACK_1,"Hẻm 140 Trần Bình Trọng, Phường 2, Quận 5, TP. Hồ Chí Minh",,TRACK_1,"Hẻm 140 Trần Bình Trọng, Phường 2, Quận 5","Hẻm 140 Trần Bình Trọng, Phường 2, Quận 5",,0.95,,,0,0,0,0,0,0,0.036700,,,,,,,,,,,0,0,0,,5,measured_warm,deterministic_30_case_router_fixture,150,Measures safe Track 1/Track 2 routing only. It is not a full media/OCR/dish/place benchmark and cannot support exact-place or dish-accuracy claims.,
track2_v3,852d5735c5e20abf995ffa3a4e096e04add88586,shorts-address-router-seed-v1,shorts_006,https://www.youtube.com/shorts/5Kt2X_L-zmU,TRACK_1,"92C Cao Thắng, Phường 4, Quận 3, TP. Hồ Chí Minh",,TRACK_1,"92C Cao Thắng, Phường 4, Quận 3","92C Cao Thắng, Phường 4, Quận 3",,0.95,,,0,0,0,0,0,0,0.023400,,,,,,,,,,,0,0,0,,5,measured_warm,deterministic_30_case_router_fixture,150,Measures safe Track 1/Track 2 routing only. It is not a full media/OCR/dish/place benchmark and cannot support exact-place or dish-accuracy claims.,
track2_v3,852d5735c5e20abf995ffa3a4e096e04add88586,shorts-address-router-seed-v1,shorts_007,https://www.youtube.com/shorts/W5vVDobZ8VA,TRACK_1,"284/3 Chợ Lớn (Quận 6, TP. Hồ Chí Minh)",,TRACK_1,"284/3 Chợ Lớn (Quận 6, TP. Hồ Chí Minh)","284/3 Chợ Lớn (Quận 6, TP. Hồ Chí Minh)",,0.9,,,0,0,0,0,0,0,0.097700,,,,,,,,,,,0,0,0,,5,measured_warm,deterministic_30_case_router_fixture,150,Measures safe Track 1/Track 2 routing only. It is not a full media/OCR/dish/place benchmark and cannot support exact-place or dish-accuracy claims.,
track2_v3,852d5735c5e20abf995ffa3a4e096e04add88586,shorts-address-router-seed-v1,shorts_008,https://www.youtube.com/shorts/z_nTyA64-mo,TRACK_1,"213B Phan Văn Khỏe (Quận 6, TP. Hồ Chí Minh)",,TRACK_1,"213B Phan Văn Khỏe (Quận 6, TP. Hồ Chí Minh)","213B Phan Văn Khỏe (Quận 6, TP. Hồ Chí Minh)",,0.9,,,0,0,0,0,0,0,0.090000,,,,,,,,,,,0,0,0,,5,measured_warm,deterministic_30_case_router_fixture,150,Measures safe Track 1/Track 2 routing only. It is not a full media/OCR/dish/place benchmark and cannot support exact-place or dish-accuracy claims.,
track2_v3,852d5735c5e20abf995ffa3a4e096e04add88586,shorts-address-router-seed-v1,shorts_009,https://www.youtube.com/shorts/tYGQhyFdk6U,TRACK_1,"14 Trịnh Văn Cấn, Phường Cầu Ông Lãnh, Quận 1, TP. Hồ Chí Minh",,TRACK_1,"14 Trịnh Văn Cấn, Quận 1, TP. Hồ Chí Minh","14 Trịnh Văn Cấn, Quận 1, TP. Hồ Chí Minh",,0.9,,,0,0,0,0,0,0,0.138000,,,,,,,,,,,0,0,0,,5,measured_warm,deterministic_30_case_router_fixture,150,Measures safe Track 1/Track 2 routing only. It is not a full media/OCR/dish/place benchmark and cannot support exact-place or dish-accuracy claims.,
track2_v3,852d5735c5e20abf995ffa3a4e096e04add88586,shorts-address-router-seed-v1,shorts_010,https://www.youtube.com/shorts/O2U5picQ9AU,TRACK_1,"371/67A Hẻm 371 Trường Chinh, Phường 14, Quận Tân Bình, TP. Hồ Chí Minh",,TRACK_2,[FOOD REVIEW] QUÁN SUSU ỐC-LẨU-NƯỚNG...,[FOOD REVIEW] QUÁN SUSU ỐC-LẨU-NƯỚNG...,,,,,0,0,0,1,0,0,0.076700,,,,,,,,,,,0,0,0,,5,measured_warm,deterministic_30_case_router_fixture,150,Measures safe Track 1/Track 2 routing only. It is not a full media/OCR/dish/place benchmark and cannot support exact-place or dish-accuracy claims.,
track2_v3,852d5735c5e20abf995ffa3a4e096e04add88586,shorts-address-router-seed-v1,shorts_011,https://www.youtube.com/shorts/s3QtciG_lLQ,TRACK_2,,,TRACK_2,"12 Lê Lợi, Quận 1","12 Lê Lợi, Quận 1",,,,,1,0,0,0,0,0,0.059500,,,,,,,,,,,0,0,0,,5,measured_warm,deterministic_30_case_router_fixture,150,Measures safe Track 1/Track 2 routing only. It is not a full media/OCR/dish/place benchmark and cannot support exact-place or dish-accuracy claims.,
track2_v3,852d5735c5e20abf995ffa3a4e096e04add88586,shorts-address-router-seed-v1,shorts_012,https://www.youtube.com/shorts/o3An_wnTC1M,TRACK_2,,,TRACK_2,"34 Nguyễn Huệ, Quận 1","34 Nguyễn Huệ, Quận 1",,,,,1,0,0,0,0,0,0.036500,,,,,,,,,,,0,0,0,,5,measured_warm,deterministic_30_case_router_fixture,150,Measures safe Track 1/Track 2 routing only. It is not a full media/OCR/dish/place benchmark and cannot support exact-place or dish-accuracy claims.,
track2_v3,852d5735c5e20abf995ffa3a4e096e04add88586,shorts-address-router-seed-v1,shorts_013,https://www.youtube.com/shorts/XC8FdZWQ40w,TRACK_2,,,TRACK_2,"56 Trần Hưng Đạo, Quận 5","56 Trần Hưng Đạo, Quận 5",,,,,1,0,0,0,0,0,0.066500,,,,,,,,,,,0,0,0,,5,measured_warm,deterministic_30_case_router_fixture,150,Measures safe Track 1/Track 2 routing only. It is not a full media/OCR/dish/place benchmark and cannot support exact-place or dish-accuracy claims.,
track2_v3,852d5735c5e20abf995ffa3a4e096e04add88586,shorts-address-router-seed-v1,shorts_014,https://www.youtube.com/shorts/5e3nN9TmaAo,TRACK_2,,,TRACK_2,"78 Thái Phiên, Quận 11","78 Thái Phiên, Quận 11",,,,,1,0,0,0,0,0,0.036500,,,,,,,,,,,0,0,0,,5,measured_warm,deterministic_30_case_router_fixture,150,Measures safe Track 1/Track 2 routing only. It is not a full media/OCR/dish/place benchmark and cannot support exact-place or dish-accuracy claims.,
track2_v3,852d5735c5e20abf995ffa3a4e096e04add88586,shorts-address-router-seed-v1,shorts_015,https://www.youtube.com/shorts/Vo2vRItP1d8,TRACK_2,,,TRACK_2,"90 Trường Chinh, Quận Tân Bình","90 Trường Chinh, Quận Tân Bình",,,,,1,0,0,0,0,0,0.050800,,,,,,,,,,,0,0,0,,5,measured_warm,deterministic_30_case_router_fixture,150,Measures safe Track 1/Track 2 routing only. It is not a full media/OCR/dish/place benchmark and cannot support exact-place or dish-accuracy claims.,
track2_v3,852d5735c5e20abf995ffa3a4e096e04add88586,shorts-address-router-seed-v1,shorts_016,https://m.youtube.com/shorts/zGrWnb9C84c,TRACK_2,,,TRACK_2,"102 Phan Xích Long, Phú Nhuận","102 Phan Xích Long, Phú Nhuận",,,,,1,0,0,0,0,0,0.060300,,,,,,,,,,,0,0,0,,5,measured_warm,deterministic_30_case_router_fixture,150,Measures safe Track 1/Track 2 routing only. It is not a full media/OCR/dish/place benchmark and cannot support exact-place or dish-accuracy claims.,
track2_v3,852d5735c5e20abf995ffa3a4e096e04add88586,shorts-address-router-seed-v1,shorts_017,https://www.youtube.com/shorts/avLPlQA7w0I,TRACK_2,,,TRACK_2,"NỘM LONG VI DUNG - 23 Hồ Hoàn Kiếm, Quận Hoàn Kiếm, Hà Nội","NỘM LONG VI DUNG - 23 Hồ Hoàn Kiếm, Quận Hoàn Kiếm, Hà Nội",,,,,1,0,0,0,0,0,0.089100,,,,,,,,,,,0,0,0,,5,measured_warm,deterministic_30_case_router_fixture,150,Measures safe Track 1/Track 2 routing only. It is not a full media/OCR/dish/place benchmark and cannot support exact-place or dish-accuracy claims.,
track2_v3,852d5735c5e20abf995ffa3a4e096e04add88586,shorts-address-router-seed-v1,shorts_018,https://www.youtube.com/shorts/W8ewx2gZqU4,TRACK_2,,,TRACK_2,,,,,,,1,0,0,0,0,0,0.071000,,,,,,,,,,,0,0,0,,5,measured_warm,deterministic_30_case_router_fixture,150,Measures safe Track 1/Track 2 routing only. It is not a full media/OCR/dish/place benchmark and cannot support exact-place or dish-accuracy claims.,
track2_v3,852d5735c5e20abf995ffa3a4e096e04add88586,shorts-address-router-seed-v1,shorts_019,https://www.youtube.com/shorts/i-_71qo3mOE,TRACK_2,,,TRACK_2,Tổng hợp quán ăn ngon Quận 8 rất nhiều quán ngon đón chờ #tieusanhdaily #foodreview #anngon #amthuc,Tổng hợp quán ăn ngon Quận 8 rất nhiều quán ngon đón chờ #tieusanhdaily #foodreview #anngon #amthuc,,,,,1,0,0,0,0,0,0.071400,,,,,,,,,,,0,0,0,,5,measured_warm,deterministic_30_case_router_fixture,150,Measures safe Track 1/Track 2 routing only. It is not a full media/OCR/dish/place benchmark and cannot support exact-place or dish-accuracy claims.,
track2_v3,852d5735c5e20abf995ffa3a4e096e04add88586,shorts-address-router-seed-v1,shorts_020,https://www.youtube.com/shorts/jsJ8bkSfC-c,TRACK_2,,,TRACK_2,,,,,,,1,0,0,0,0,0,0.073600,,,,,,,,,,,0,0,0,,5,measured_warm,deterministic_30_case_router_fixture,150,Measures safe Track 1/Track 2 routing only. It is not a full media/OCR/dish/place benchmark and cannot support exact-place or dish-accuracy claims.,
track2_v3,852d5735c5e20abf995ffa3a4e096e04add88586,shorts-address-router-seed-v1,shorts_021,https://m.youtube.com/shorts/ABu9EuMbb5A,TRACK_2,,,TRACK_2,"... tại địa chỉ 216 Hoàng Ngân, Hà Nội...","... tại địa chỉ 216 Hoàng Ngân, Hà Nội...",,,,,1,0,0,0,0,0,0.060500,,,,,,,,,,,0,0,0,,5,measured_warm,deterministic_30_case_router_fixture,150,Measures safe Track 1/Track 2 routing only. It is not a full media/OCR/dish/place benchmark and cannot support exact-place or dish-accuracy claims.,
track2_v3,852d5735c5e20abf995ffa3a4e096e04add88586,shorts-address-router-seed-v1,shorts_022,https://www.youtube.com/shorts/WDckuulKB6g,TRACK_2,,,TRACK_2,,,,,,,1,0,0,0,0,0,0.339500,,,,,,,,,,,0,0,0,,5,measured_warm,deterministic_30_case_router_fixture,150,Measures safe Track 1/Track 2 routing only. It is not a full media/OCR/dish/place benchmark and cannot support exact-place or dish-accuracy claims.,
track2_v3,852d5735c5e20abf995ffa3a4e096e04add88586,shorts-address-router-seed-v1,shorts_023,https://www.youtube.com/shorts/Gv5Kcox1gIQ,TRACK_2,,,TRACK_2,... có một quán ăn nhỏ... địa chỉ mỳ ...,... có một quán ăn nhỏ... địa chỉ mỳ ...,,,,,1,0,0,0,0,0,0.074000,,,,,,,,,,,0,0,0,,5,measured_warm,deterministic_30_case_router_fixture,150,Measures safe Track 1/Track 2 routing only. It is not a full media/OCR/dish/place benchmark and cannot support exact-place or dish-accuracy claims.,
track2_v3,852d5735c5e20abf995ffa3a4e096e04add88586,shorts-address-router-seed-v1,shorts_024,https://www.youtube.com/shorts/MFJYWsgZ3gA,TRACK_2,,,TRACK_2,,,,,,,1,0,0,0,0,0,0.041300,,,,,,,,,,,0,0,0,,5,measured_warm,deterministic_30_case_router_fixture,150,Measures safe Track 1/Track 2 routing only. It is not a full media/OCR/dish/place benchmark and cannot support exact-place or dish-accuracy claims.,
track2_v3,852d5735c5e20abf995ffa3a4e096e04add88586,shorts-address-router-seed-v1,shorts_025,https://www.youtube.com/shorts/QdAGUbaZj0U,TRACK_2,,,TRACK_2,Top món ngon ở Quận 5 không phải ai cũng biết | Đi Đâu Sài Gòn,Top món ngon ở Quận 5 không phải ai cũng biết | Đi Đâu Sài Gòn,,,,,1,0,0,0,0,0,0.049400,,,,,,,,,,,0,0,0,,5,measured_warm,deterministic_30_case_router_fixture,150,Measures safe Track 1/Track 2 routing only. It is not a full media/OCR/dish/place benchmark and cannot support exact-place or dish-accuracy claims.,
track2_v3,852d5735c5e20abf995ffa3a4e096e04add88586,shorts-address-router-seed-v1,shorts_026,https://www.youtube.com/shorts/9BZ8f4B300E,TRACK_2,,,TRACK_2,Địa chỉ các nơi trong video: ...,Địa chỉ các nơi trong video: ...,,,,,1,0,0,0,0,0,0.050600,,,,,,,,,,,0,0,0,,5,measured_warm,deterministic_30_case_router_fixture,150,Measures safe Track 1/Track 2 routing only. It is not a full media/OCR/dish/place benchmark and cannot support exact-place or dish-accuracy claims.,
track2_v3,852d5735c5e20abf995ffa3a4e096e04add88586,shorts-address-router-seed-v1,shorts_027,https://www.youtube.com/shorts/qONsGB7T-Ig,TRACK_2,,,TRACK_2,,,,,,,1,0,0,0,0,0,0.027500,,,,,,,,,,,0,0,0,,5,measured_warm,deterministic_30_case_router_fixture,150,Measures safe Track 1/Track 2 routing only. It is not a full media/OCR/dish/place benchmark and cannot support exact-place or dish-accuracy claims.,
track2_v3,852d5735c5e20abf995ffa3a4e096e04add88586,shorts-address-router-seed-v1,shorts_028,https://www.youtube.com/shorts/tTXYvs45-yk,TRACK_2,,,TRACK_2,,,,,,,1,0,0,0,0,0,0.272800,,,,,,,,,,,0,0,0,,5,measured_warm,deterministic_30_case_router_fixture,150,Measures safe Track 1/Track 2 routing only. It is not a full media/OCR/dish/place benchmark and cannot support exact-place or dish-accuracy claims.,
track2_v3,852d5735c5e20abf995ffa3a4e096e04add88586,shorts-address-router-seed-v1,shorts_029,https://www.youtube.com/shorts/qr_LgJ2N3Ro,TRACK_2,,,TRACK_2,,,,,,,1,0,0,0,0,0,0.065900,,,,,,,,,,,0,0,0,,5,measured_warm,deterministic_30_case_router_fixture,150,Measures safe Track 1/Track 2 routing only. It is not a full media/OCR/dish/place benchmark and cannot support exact-place or dish-accuracy claims.,
track2_v3,852d5735c5e20abf995ffa3a4e096e04add88586,shorts-address-router-seed-v1,shorts_030,https://www.youtube.com/shorts/eM_uLz7n0Qs,TRACK_2,,,TRACK_2,"... tại địa chỉ số 1 Đông Thái, Chợ Gạo...","... tại địa chỉ số 1 Đông Thái, Chợ Gạo...",,,,,1,0,0,0,0,0,0.063000,,,,,,,,,,,0,0,0,,5,measured_warm,deterministic_30_case_router_fixture,150,Measures safe Track 1/Track 2 routing only. It is not a full media/OCR/dish/place benchmark and cannot support exact-place or dish-accuracy claims.,
final,c1007231c2bf1dc77091bb381df5462de3dd6b6f,shorts-address-router-seed-v1,shorts_001,https://www.youtube.com/shorts/ZDPXxZe4uEs,TRACK_1,"39 Nguyen Trai, District 1, TP. Hồ Chí Minh",,TRACK_1,"39 Nguyen Trai, District 1, TP. Hồ Chí Minh","39 Nguyen Trai, District 1, TP. Hồ Chí Minh",,0.95,,,0,0,0,0,0,0,1.206000,,,,,,,,,,,0,0,0,,0,warmup,deterministic_30_case_router_fixture,30,Measures safe Track 1/Track 2 routing only. It is not a full media/OCR/dish/place benchmark and cannot support exact-place or dish-accuracy claims.,
final,c1007231c2bf1dc77091bb381df5462de3dd6b6f,shorts-address-router-seed-v1,shorts_002,https://www.youtube.com/shorts/Hmd7A_1Xb44,TRACK_1,"52 Nguyen Cong Tru, Ward 19, Binh Thanh District, Ho Chi Minh city",,TRACK_1,"52 Nguyen Cong Tru, Ward 19, Binh Thanh District, Ho Chi Minh","52 Nguyen Cong Tru, Ward 19, Binh Thanh District, Ho Chi Minh",,0.95,,,0,0,0,0,0,0,0.198500,,,,,,,,,,,0,0,0,,0,warmup,deterministic_30_case_router_fixture,30,Measures safe Track 1/Track 2 routing only. It is not a full media/OCR/dish/place benchmark and cannot support exact-place or dish-accuracy claims.,
final,c1007231c2bf1dc77091bb381df5462de3dd6b6f,shorts-address-router-seed-v1,shorts_003,https://www.youtube.com/shorts/QL51CQ28vpg,TRACK_1,"9, ngõ 56 Trần Quang Diệu, Đống Đa, Hà Nội",,TRACK_1,"Số 9, ngõ 56 Trần Quang Diệu, Đống Đa, Hà Nội","Số 9, ngõ 56 Trần Quang Diệu, Đống Đa, Hà Nội",,0.95,,,0,0,0,0,0,0,0.170100,,,,,,,,,,,0,0,0,,0,warmup,deterministic_30_case_router_fixture,30,Measures safe Track 1/Track 2 routing only. It is not a full media/OCR/dish/place benchmark and cannot support exact-place or dish-accuracy claims.,
final,c1007231c2bf1dc77091bb381df5462de3dd6b6f,shorts-address-router-seed-v1,shorts_004,https://www.youtube.com/shorts/aWjqL1wGzUE,TRACK_1,"28 đường Thảo Điền, phường An Khánh, Quận 2, TP. Hồ Chí Minh",,TRACK_1,"CÀ PHÊ CÀ PHÁO 28 đường Thảo Điền, Quận 2, TP. Hồ Chí Minh","CÀ PHÊ CÀ PHÁO 28 đường Thảo Điền, Quận 2, TP. Hồ Chí Minh",,0.95,,,0,0,0,0,0,0,0.080300,,,,,,,,,,,0,0,0,,0,warmup,deterministic_30_case_router_fixture,30,Measures safe Track 1/Track 2 routing only. It is not a full media/OCR/dish/place benchmark and cannot support exact-place or dish-accuracy claims.,
final,c1007231c2bf1dc77091bb381df5462de3dd6b6f,shorts-address-router-seed-v1,shorts_005,https://www.youtube.com/shorts/TIflqSNgcl8,TRACK_1,"Hẻm 140 Trần Bình Trọng, Phường 2, Quận 5, TP. Hồ Chí Minh",,TRACK_1,"Hẻm 140 Trần Bình Trọng, Phường 2, Quận 5","Hẻm 140 Trần Bình Trọng, Phường 2, Quận 5",,0.95,,,0,0,0,0,0,0,0.061100,,,,,,,,,,,0,0,0,,0,warmup,deterministic_30_case_router_fixture,30,Measures safe Track 1/Track 2 routing only. It is not a full media/OCR/dish/place benchmark and cannot support exact-place or dish-accuracy claims.,
final,c1007231c2bf1dc77091bb381df5462de3dd6b6f,shorts-address-router-seed-v1,shorts_006,https://www.youtube.com/shorts/5Kt2X_L-zmU,TRACK_1,"92C Cao Thắng, Phường 4, Quận 3, TP. Hồ Chí Minh",,TRACK_1,"92C Cao Thắng, Phường 4, Quận 3","92C Cao Thắng, Phường 4, Quận 3",,0.95,,,0,0,0,0,0,0,0.047800,,,,,,,,,,,0,0,0,,0,warmup,deterministic_30_case_router_fixture,30,Measures safe Track 1/Track 2 routing only. It is not a full media/OCR/dish/place benchmark and cannot support exact-place or dish-accuracy claims.,
final,c1007231c2bf1dc77091bb381df5462de3dd6b6f,shorts-address-router-seed-v1,shorts_007,https://www.youtube.com/shorts/W5vVDobZ8VA,TRACK_1,"284/3 Chợ Lớn (Quận 6, TP. Hồ Chí Minh)",,TRACK_1,"284/3 Chợ Lớn (Quận 6, TP. Hồ Chí Minh)","284/3 Chợ Lớn (Quận 6, TP. Hồ Chí Minh)",,0.9,,,0,0,0,0,0,0,0.757100,,,,,,,,,,,0,0,0,,0,warmup,deterministic_30_case_router_fixture,30,Measures safe Track 1/Track 2 routing only. It is not a full media/OCR/dish/place benchmark and cannot support exact-place or dish-accuracy claims.,
final,c1007231c2bf1dc77091bb381df5462de3dd6b6f,shorts-address-router-seed-v1,shorts_008,https://www.youtube.com/shorts/z_nTyA64-mo,TRACK_1,"213B Phan Văn Khỏe (Quận 6, TP. Hồ Chí Minh)",,TRACK_1,"213B Phan Văn Khỏe (Quận 6, TP. Hồ Chí Minh)","213B Phan Văn Khỏe (Quận 6, TP. Hồ Chí Minh)",,0.9,,,0,0,0,0,0,0,0.222400,,,,,,,,,,,0,0,0,,0,warmup,deterministic_30_case_router_fixture,30,Measures safe Track 1/Track 2 routing only. It is not a full media/OCR/dish/place benchmark and cannot support exact-place or dish-accuracy claims.,
final,c1007231c2bf1dc77091bb381df5462de3dd6b6f,shorts-address-router-seed-v1,shorts_009,https://www.youtube.com/shorts/tYGQhyFdk6U,TRACK_1,"14 Trịnh Văn Cấn, Phường Cầu Ông Lãnh, Quận 1, TP. Hồ Chí Minh",,TRACK_1,"14 Trịnh Văn Cấn, Quận 1, TP. Hồ Chí Minh","14 Trịnh Văn Cấn, Quận 1, TP. Hồ Chí Minh",,0.9,,,0,0,0,0,0,0,0.234400,,,,,,,,,,,0,0,0,,0,warmup,deterministic_30_case_router_fixture,30,Measures safe Track 1/Track 2 routing only. It is not a full media/OCR/dish/place benchmark and cannot support exact-place or dish-accuracy claims.,
final,c1007231c2bf1dc77091bb381df5462de3dd6b6f,shorts-address-router-seed-v1,shorts_010,https://www.youtube.com/shorts/O2U5picQ9AU,TRACK_1,"371/67A Hẻm 371 Trường Chinh, Phường 14, Quận Tân Bình, TP. Hồ Chí Minh",,TRACK_2,[FOOD REVIEW] QUÁN SUSU ỐC-LẨU-NƯỚNG...,[FOOD REVIEW] QUÁN SUSU ỐC-LẨU-NƯỚNG...,,,,,0,0,0,1,0,0,0.284300,,,,,,,,,,,0,0,0,,0,warmup,deterministic_30_case_router_fixture,30,Measures safe Track 1/Track 2 routing only. It is not a full media/OCR/dish/place benchmark and cannot support exact-place or dish-accuracy claims.,
final,c1007231c2bf1dc77091bb381df5462de3dd6b6f,shorts-address-router-seed-v1,shorts_011,https://www.youtube.com/shorts/s3QtciG_lLQ,TRACK_2,,,TRACK_2,"12 Lê Lợi, Quận 1","12 Lê Lợi, Quận 1",,,,,1,0,0,0,0,0,0.234600,,,,,,,,,,,0,0,0,,0,warmup,deterministic_30_case_router_fixture,30,Measures safe Track 1/Track 2 routing only. It is not a full media/OCR/dish/place benchmark and cannot support exact-place or dish-accuracy claims.,
final,c1007231c2bf1dc77091bb381df5462de3dd6b6f,shorts-address-router-seed-v1,shorts_012,https://www.youtube.com/shorts/o3An_wnTC1M,TRACK_2,,,TRACK_2,"34 Nguyễn Huệ, Quận 1","34 Nguyễn Huệ, Quận 1",,,,,1,0,0,0,0,0,0.117700,,,,,,,,,,,0,0,0,,0,warmup,deterministic_30_case_router_fixture,30,Measures safe Track 1/Track 2 routing only. It is not a full media/OCR/dish/place benchmark and cannot support exact-place or dish-accuracy claims.,
final,c1007231c2bf1dc77091bb381df5462de3dd6b6f,shorts-address-router-seed-v1,shorts_013,https://www.youtube.com/shorts/XC8FdZWQ40w,TRACK_2,,,TRACK_2,"56 Trần Hưng Đạo, Quận 5","56 Trần Hưng Đạo, Quận 5",,,,,1,0,0,0,0,0,0.117800,,,,,,,,,,,0,0,0,,0,warmup,deterministic_30_case_router_fixture,30,Measures safe Track 1/Track 2 routing only. It is not a full media/OCR/dish/place benchmark and cannot support exact-place or dish-accuracy claims.,
final,c1007231c2bf1dc77091bb381df5462de3dd6b6f,shorts-address-router-seed-v1,shorts_014,https://www.youtube.com/shorts/5e3nN9TmaAo,TRACK_2,,,TRACK_2,"78 Thái Phiên, Quận 11","78 Thái Phiên, Quận 11",,,,,1,0,0,0,0,0,0.098300,,,,,,,,,,,0,0,0,,0,warmup,deterministic_30_case_router_fixture,30,Measures safe Track 1/Track 2 routing only. It is not a full media/OCR/dish/place benchmark and cannot support exact-place or dish-accuracy claims.,
final,c1007231c2bf1dc77091bb381df5462de3dd6b6f,shorts-address-router-seed-v1,shorts_015,https://www.youtube.com/shorts/Vo2vRItP1d8,TRACK_2,,,TRACK_2,"90 Trường Chinh, Quận Tân Bình","90 Trường Chinh, Quận Tân Bình",,,,,1,0,0,0,0,0,0.118400,,,,,,,,,,,0,0,0,,0,warmup,deterministic_30_case_router_fixture,30,Measures safe Track 1/Track 2 routing only. It is not a full media/OCR/dish/place benchmark and cannot support exact-place or dish-accuracy claims.,
final,c1007231c2bf1dc77091bb381df5462de3dd6b6f,shorts-address-router-seed-v1,shorts_016,https://m.youtube.com/shorts/zGrWnb9C84c,TRACK_2,,,TRACK_2,"102 Phan Xích Long, Phú Nhuận","102 Phan Xích Long, Phú Nhuận",,,,,1,0,0,0,0,0,0.121400,,,,,,,,,,,0,0,0,,0,warmup,deterministic_30_case_router_fixture,30,Measures safe Track 1/Track 2 routing only. It is not a full media/OCR/dish/place benchmark and cannot support exact-place or dish-accuracy claims.,
final,c1007231c2bf1dc77091bb381df5462de3dd6b6f,shorts-address-router-seed-v1,shorts_017,https://www.youtube.com/shorts/avLPlQA7w0I,TRACK_2,,,TRACK_2,"NỘM LONG VI DUNG - 23 Hồ Hoàn Kiếm, Quận Hoàn Kiếm, Hà Nội","NỘM LONG VI DUNG - 23 Hồ Hoàn Kiếm, Quận Hoàn Kiếm, Hà Nội",,,,,1,0,0,0,0,0,0.136100,,,,,,,,,,,0,0,0,,0,warmup,deterministic_30_case_router_fixture,30,Measures safe Track 1/Track 2 routing only. It is not a full media/OCR/dish/place benchmark and cannot support exact-place or dish-accuracy claims.,
final,c1007231c2bf1dc77091bb381df5462de3dd6b6f,shorts-address-router-seed-v1,shorts_018,https://www.youtube.com/shorts/W8ewx2gZqU4,TRACK_2,,,TRACK_2,,,,,,,1,0,0,0,0,0,0.088800,,,,,,,,,,,0,0,0,,0,warmup,deterministic_30_case_router_fixture,30,Measures safe Track 1/Track 2 routing only. It is not a full media/OCR/dish/place benchmark and cannot support exact-place or dish-accuracy claims.,
final,c1007231c2bf1dc77091bb381df5462de3dd6b6f,shorts-address-router-seed-v1,shorts_019,https://www.youtube.com/shorts/i-_71qo3mOE,TRACK_2,,,TRACK_2,Tổng hợp quán ăn ngon Quận 8 rất nhiều quán ngon đón chờ #tieusanhdaily #foodreview #anngon #amthuc,Tổng hợp quán ăn ngon Quận 8 rất nhiều quán ngon đón chờ #tieusanhdaily #foodreview #anngon #amthuc,,,,,1,0,0,0,0,0,0.092800,,,,,,,,,,,0,0,0,,0,warmup,deterministic_30_case_router_fixture,30,Measures safe Track 1/Track 2 routing only. It is not a full media/OCR/dish/place benchmark and cannot support exact-place or dish-accuracy claims.,
final,c1007231c2bf1dc77091bb381df5462de3dd6b6f,shorts-address-router-seed-v1,shorts_020,https://www.youtube.com/shorts/jsJ8bkSfC-c,TRACK_2,,,TRACK_2,,,,,,,1,0,0,0,0,0,0.076400,,,,,,,,,,,0,0,0,,0,warmup,deterministic_30_case_router_fixture,30,Measures safe Track 1/Track 2 routing only. It is not a full media/OCR/dish/place benchmark and cannot support exact-place or dish-accuracy claims.,
final,c1007231c2bf1dc77091bb381df5462de3dd6b6f,shorts-address-router-seed-v1,shorts_021,https://m.youtube.com/shorts/ABu9EuMbb5A,TRACK_2,,,TRACK_2,"... tại địa chỉ 216 Hoàng Ngân, Hà Nội...","... tại địa chỉ 216 Hoàng Ngân, Hà Nội...",,,,,1,0,0,0,0,0,0.088600,,,,,,,,,,,0,0,0,,0,warmup,deterministic_30_case_router_fixture,30,Measures safe Track 1/Track 2 routing only. It is not a full media/OCR/dish/place benchmark and cannot support exact-place or dish-accuracy claims.,
final,c1007231c2bf1dc77091bb381df5462de3dd6b6f,shorts-address-router-seed-v1,shorts_022,https://www.youtube.com/shorts/WDckuulKB6g,TRACK_2,,,TRACK_2,,,,,,,1,0,0,0,0,0,0.074000,,,,,,,,,,,0,0,0,,0,warmup,deterministic_30_case_router_fixture,30,Measures safe Track 1/Track 2 routing only. It is not a full media/OCR/dish/place benchmark and cannot support exact-place or dish-accuracy claims.,
final,c1007231c2bf1dc77091bb381df5462de3dd6b6f,shorts-address-router-seed-v1,shorts_023,https://www.youtube.com/shorts/Gv5Kcox1gIQ,TRACK_2,,,TRACK_2,... có một quán ăn nhỏ... địa chỉ mỳ ...,... có một quán ăn nhỏ... địa chỉ mỳ ...,,,,,1,0,0,0,0,0,0.062400,,,,,,,,,,,0,0,0,,0,warmup,deterministic_30_case_router_fixture,30,Measures safe Track 1/Track 2 routing only. It is not a full media/OCR/dish/place benchmark and cannot support exact-place or dish-accuracy claims.,
final,c1007231c2bf1dc77091bb381df5462de3dd6b6f,shorts-address-router-seed-v1,shorts_024,https://www.youtube.com/shorts/MFJYWsgZ3gA,TRACK_2,,,TRACK_2,,,,,,,1,0,0,0,0,0,0.045000,,,,,,,,,,,0,0,0,,0,warmup,deterministic_30_case_router_fixture,30,Measures safe Track 1/Track 2 routing only. It is not a full media/OCR/dish/place benchmark and cannot support exact-place or dish-accuracy claims.,
final,c1007231c2bf1dc77091bb381df5462de3dd6b6f,shorts-address-router-seed-v1,shorts_025,https://www.youtube.com/shorts/QdAGUbaZj0U,TRACK_2,,,TRACK_2,Top món ngon ở Quận 5 không phải ai cũng biết | Đi Đâu Sài Gòn,Top món ngon ở Quận 5 không phải ai cũng biết | Đi Đâu Sài Gòn,,,,,1,0,0,0,0,0,0.060900,,,,,,,,,,,0,0,0,,0,warmup,deterministic_30_case_router_fixture,30,Measures safe Track 1/Track 2 routing only. It is not a full media/OCR/dish/place benchmark and cannot support exact-place or dish-accuracy claims.,
final,c1007231c2bf1dc77091bb381df5462de3dd6b6f,shorts-address-router-seed-v1,shorts_026,https://www.youtube.com/shorts/9BZ8f4B300E,TRACK_2,,,TRACK_2,Địa chỉ các nơi trong video: ...,Địa chỉ các nơi trong video: ...,,,,,1,0,0,0,0,0,0.063500,,,,,,,,,,,0,0,0,,0,warmup,deterministic_30_case_router_fixture,30,Measures safe Track 1/Track 2 routing only. It is not a full media/OCR/dish/place benchmark and cannot support exact-place or dish-accuracy claims.,
final,c1007231c2bf1dc77091bb381df5462de3dd6b6f,shorts-address-router-seed-v1,shorts_027,https://www.youtube.com/shorts/qONsGB7T-Ig,TRACK_2,,,TRACK_2,,,,,,,1,0,0,0,0,0,0.026500,,,,,,,,,,,0,0,0,,0,warmup,deterministic_30_case_router_fixture,30,Measures safe Track 1/Track 2 routing only. It is not a full media/OCR/dish/place benchmark and cannot support exact-place or dish-accuracy claims.,
final,c1007231c2bf1dc77091bb381df5462de3dd6b6f,shorts-address-router-seed-v1,shorts_028,https://www.youtube.com/shorts/tTXYvs45-yk,TRACK_2,,,TRACK_2,,,,,,,1,0,0,0,0,0,0.260000,,,,,,,,,,,0,0,0,,0,warmup,deterministic_30_case_router_fixture,30,Measures safe Track 1/Track 2 routing only. It is not a full media/OCR/dish/place benchmark and cannot support exact-place or dish-accuracy claims.,
final,c1007231c2bf1dc77091bb381df5462de3dd6b6f,shorts-address-router-seed-v1,shorts_029,https://www.youtube.com/shorts/qr_LgJ2N3Ro,TRACK_2,,,TRACK_2,,,,,,,1,0,0,0,0,0,0.049300,,,,,,,,,,,0,0,0,,0,warmup,deterministic_30_case_router_fixture,30,Measures safe Track 1/Track 2 routing only. It is not a full media/OCR/dish/place benchmark and cannot support exact-place or dish-accuracy claims.,
final,c1007231c2bf1dc77091bb381df5462de3dd6b6f,shorts-address-router-seed-v1,shorts_030,https://www.youtube.com/shorts/eM_uLz7n0Qs,TRACK_2,,,TRACK_2,"... tại địa chỉ số 1 Đông Thái, Chợ Gạo...","... tại địa chỉ số 1 Đông Thái, Chợ Gạo...",,,,,1,0,0,0,0,0,0.334800,,,,,,,,,,,0,0,0,,0,warmup,deterministic_30_case_router_fixture,30,Measures safe Track 1/Track 2 routing only. It is not a full media/OCR/dish/place benchmark and cannot support exact-place or dish-accuracy claims.,
final,c1007231c2bf1dc77091bb381df5462de3dd6b6f,shorts-address-router-seed-v1,shorts_001,https://www.youtube.com/shorts/ZDPXxZe4uEs,TRACK_1,"39 Nguyen Trai, District 1, TP. Hồ Chí Minh",,TRACK_1,"39 Nguyen Trai, District 1, TP. Hồ Chí Minh","39 Nguyen Trai, District 1, TP. Hồ Chí Minh",,0.95,,,0,0,0,0,0,0,0.148500,,,,,,,,,,,0,0,0,,1,measured_warm,deterministic_30_case_router_fixture,150,Measures safe Track 1/Track 2 routing only. It is not a full media/OCR/dish/place benchmark and cannot support exact-place or dish-accuracy claims.,
final,c1007231c2bf1dc77091bb381df5462de3dd6b6f,shorts-address-router-seed-v1,shorts_002,https://www.youtube.com/shorts/Hmd7A_1Xb44,TRACK_1,"52 Nguyen Cong Tru, Ward 19, Binh Thanh District, Ho Chi Minh city",,TRACK_1,"52 Nguyen Cong Tru, Ward 19, Binh Thanh District, Ho Chi Minh","52 Nguyen Cong Tru, Ward 19, Binh Thanh District, Ho Chi Minh",,0.95,,,0,0,0,0,0,0,0.054100,,,,,,,,,,,0,0,0,,1,measured_warm,deterministic_30_case_router_fixture,150,Measures safe Track 1/Track 2 routing only. It is not a full media/OCR/dish/place benchmark and cannot support exact-place or dish-accuracy claims.,
final,c1007231c2bf1dc77091bb381df5462de3dd6b6f,shorts-address-router-seed-v1,shorts_003,https://www.youtube.com/shorts/QL51CQ28vpg,TRACK_1,"9, ngõ 56 Trần Quang Diệu, Đống Đa, Hà Nội",,TRACK_1,"Số 9, ngõ 56 Trần Quang Diệu, Đống Đa, Hà Nội","Số 9, ngõ 56 Trần Quang Diệu, Đống Đa, Hà Nội",,0.95,,,0,0,0,0,0,0,0.057200,,,,,,,,,,,0,0,0,,1,measured_warm,deterministic_30_case_router_fixture,150,Measures safe Track 1/Track 2 routing only. It is not a full media/OCR/dish/place benchmark and cannot support exact-place or dish-accuracy claims.,
final,c1007231c2bf1dc77091bb381df5462de3dd6b6f,shorts-address-router-seed-v1,shorts_004,https://www.youtube.com/shorts/aWjqL1wGzUE,TRACK_1,"28 đường Thảo Điền, phường An Khánh, Quận 2, TP. Hồ Chí Minh",,TRACK_1,"CÀ PHÊ CÀ PHÁO 28 đường Thảo Điền, Quận 2, TP. Hồ Chí Minh","CÀ PHÊ CÀ PHÁO 28 đường Thảo Điền, Quận 2, TP. Hồ Chí Minh",,0.95,,,0,0,0,0,0,0,0.044300,,,,,,,,,,,0,0,0,,1,measured_warm,deterministic_30_case_router_fixture,150,Measures safe Track 1/Track 2 routing only. It is not a full media/OCR/dish/place benchmark and cannot support exact-place or dish-accuracy claims.,
final,c1007231c2bf1dc77091bb381df5462de3dd6b6f,shorts-address-router-seed-v1,shorts_005,https://www.youtube.com/shorts/TIflqSNgcl8,TRACK_1,"Hẻm 140 Trần Bình Trọng, Phường 2, Quận 5, TP. Hồ Chí Minh",,TRACK_1,"Hẻm 140 Trần Bình Trọng, Phường 2, Quận 5","Hẻm 140 Trần Bình Trọng, Phường 2, Quận 5",,0.95,,,0,0,0,0,0,0,0.032500,,,,,,,,,,,0,0,0,,1,measured_warm,deterministic_30_case_router_fixture,150,Measures safe Track 1/Track 2 routing only. It is not a full media/OCR/dish/place benchmark and cannot support exact-place or dish-accuracy claims.,
final,c1007231c2bf1dc77091bb381df5462de3dd6b6f,shorts-address-router-seed-v1,shorts_006,https://www.youtube.com/shorts/5Kt2X_L-zmU,TRACK_1,"92C Cao Thắng, Phường 4, Quận 3, TP. Hồ Chí Minh",,TRACK_1,"92C Cao Thắng, Phường 4, Quận 3","92C Cao Thắng, Phường 4, Quận 3",,0.95,,,0,0,0,0,0,0,0.024400,,,,,,,,,,,0,0,0,,1,measured_warm,deterministic_30_case_router_fixture,150,Measures safe Track 1/Track 2 routing only. It is not a full media/OCR/dish/place benchmark and cannot support exact-place or dish-accuracy claims.,
final,c1007231c2bf1dc77091bb381df5462de3dd6b6f,shorts-address-router-seed-v1,shorts_007,https://www.youtube.com/shorts/W5vVDobZ8VA,TRACK_1,"284/3 Chợ Lớn (Quận 6, TP. Hồ Chí Minh)",,TRACK_1,"284/3 Chợ Lớn (Quận 6, TP. Hồ Chí Minh)","284/3 Chợ Lớn (Quận 6, TP. Hồ Chí Minh)",,0.9,,,0,0,0,0,0,0,0.130100,,,,,,,,,,,0,0,0,,1,measured_warm,deterministic_30_case_router_fixture,150,Measures safe Track 1/Track 2 routing only. It is not a full media/OCR/dish/place benchmark and cannot support exact-place or dish-accuracy claims.,
final,c1007231c2bf1dc77091bb381df5462de3dd6b6f,shorts-address-router-seed-v1,shorts_008,https://www.youtube.com/shorts/z_nTyA64-mo,TRACK_1,"213B Phan Văn Khỏe (Quận 6, TP. Hồ Chí Minh)",,TRACK_1,"213B Phan Văn Khỏe (Quận 6, TP. Hồ Chí Minh)","213B Phan Văn Khỏe (Quận 6, TP. Hồ Chí Minh)",,0.9,,,0,0,0,0,0,0,0.086100,,,,,,,,,,,0,0,0,,1,measured_warm,deterministic_30_case_router_fixture,150,Measures safe Track 1/Track 2 routing only. It is not a full media/OCR/dish/place benchmark and cannot support exact-place or dish-accuracy claims.,
final,c1007231c2bf1dc77091bb381df5462de3dd6b6f,shorts-address-router-seed-v1,shorts_009,https://www.youtube.com/shorts/tYGQhyFdk6U,TRACK_1,"14 Trịnh Văn Cấn, Phường Cầu Ông Lãnh, Quận 1, TP. Hồ Chí Minh",,TRACK_1,"14 Trịnh Văn Cấn, Quận 1, TP. Hồ Chí Minh","14 Trịnh Văn Cấn, Quận 1, TP. Hồ Chí Minh",,0.9,,,0,0,0,0,0,0,0.090600,,,,,,,,,,,0,0,0,,1,measured_warm,deterministic_30_case_router_fixture,150,Measures safe Track 1/Track 2 routing only. It is not a full media/OCR/dish/place benchmark and cannot support exact-place or dish-accuracy claims.,
final,c1007231c2bf1dc77091bb381df5462de3dd6b6f,shorts-address-router-seed-v1,shorts_010,https://www.youtube.com/shorts/O2U5picQ9AU,TRACK_1,"371/67A Hẻm 371 Trường Chinh, Phường 14, Quận Tân Bình, TP. Hồ Chí Minh",,TRACK_2,[FOOD REVIEW] QUÁN SUSU ỐC-LẨU-NƯỚNG...,[FOOD REVIEW] QUÁN SUSU ỐC-LẨU-NƯỚNG...,,,,,0,0,0,1,0,0,0.059900,,,,,,,,,,,0,0,0,,1,measured_warm,deterministic_30_case_router_fixture,150,Measures safe Track 1/Track 2 routing only. It is not a full media/OCR/dish/place benchmark and cannot support exact-place or dish-accuracy claims.,
final,c1007231c2bf1dc77091bb381df5462de3dd6b6f,shorts-address-router-seed-v1,shorts_011,https://www.youtube.com/shorts/s3QtciG_lLQ,TRACK_2,,,TRACK_2,"12 Lê Lợi, Quận 1","12 Lê Lợi, Quận 1",,,,,1,0,0,0,0,0,0.056300,,,,,,,,,,,0,0,0,,1,measured_warm,deterministic_30_case_router_fixture,150,Measures safe Track 1/Track 2 routing only. It is not a full media/OCR/dish/place benchmark and cannot support exact-place or dish-accuracy claims.,
final,c1007231c2bf1dc77091bb381df5462de3dd6b6f,shorts-address-router-seed-v1,shorts_012,https://www.youtube.com/shorts/o3An_wnTC1M,TRACK_2,,,TRACK_2,"34 Nguyễn Huệ, Quận 1","34 Nguyễn Huệ, Quận 1",,,,,1,0,0,0,0,0,0.042200,,,,,,,,,,,0,0,0,,1,measured_warm,deterministic_30_case_router_fixture,150,Measures safe Track 1/Track 2 routing only. It is not a full media/OCR/dish/place benchmark and cannot support exact-place or dish-accuracy claims.,
final,c1007231c2bf1dc77091bb381df5462de3dd6b6f,shorts-address-router-seed-v1,shorts_013,https://www.youtube.com/shorts/XC8FdZWQ40w,TRACK_2,,,TRACK_2,"56 Trần Hưng Đạo, Quận 5","56 Trần Hưng Đạo, Quận 5",,,,,1,0,0,0,0,0,0.038300,,,,,,,,,,,0,0,0,,1,measured_warm,deterministic_30_case_router_fixture,150,Measures safe Track 1/Track 2 routing only. It is not a full media/OCR/dish/place benchmark and cannot support exact-place or dish-accuracy claims.,
final,c1007231c2bf1dc77091bb381df5462de3dd6b6f,shorts-address-router-seed-v1,shorts_014,https://www.youtube.com/shorts/5e3nN9TmaAo,TRACK_2,,,TRACK_2,"78 Thái Phiên, Quận 11","78 Thái Phiên, Quận 11",,,,,1,0,0,0,0,0,0.035800,,,,,,,,,,,0,0,0,,1,measured_warm,deterministic_30_case_router_fixture,150,Measures safe Track 1/Track 2 routing only. It is not a full media/OCR/dish/place benchmark and cannot support exact-place or dish-accuracy claims.,
final,c1007231c2bf1dc77091bb381df5462de3dd6b6f,shorts-address-router-seed-v1,shorts_015,https://www.youtube.com/shorts/Vo2vRItP1d8,TRACK_2,,,TRACK_2,"90 Trường Chinh, Quận Tân Bình","90 Trường Chinh, Quận Tân Bình",,,,,1,0,0,0,0,0,0.041700,,,,,,,,,,,0,0,0,,1,measured_warm,deterministic_30_case_router_fixture,150,Measures safe Track 1/Track 2 routing only. It is not a full media/OCR/dish/place benchmark and cannot support exact-place or dish-accuracy claims.,
final,c1007231c2bf1dc77091bb381df5462de3dd6b6f,shorts-address-router-seed-v1,shorts_016,https://m.youtube.com/shorts/zGrWnb9C84c,TRACK_2,,,TRACK_2,"102 Phan Xích Long, Phú Nhuận","102 Phan Xích Long, Phú Nhuận",,,,,1,0,0,0,0,0,0.046700,,,,,,,,,,,0,0,0,,1,measured_warm,deterministic_30_case_router_fixture,150,Measures safe Track 1/Track 2 routing only. It is not a full media/OCR/dish/place benchmark and cannot support exact-place or dish-accuracy claims.,
final,c1007231c2bf1dc77091bb381df5462de3dd6b6f,shorts-address-router-seed-v1,shorts_017,https://www.youtube.com/shorts/avLPlQA7w0I,TRACK_2,,,TRACK_2,"NỘM LONG VI DUNG - 23 Hồ Hoàn Kiếm, Quận Hoàn Kiếm, Hà Nội","NỘM LONG VI DUNG - 23 Hồ Hoàn Kiếm, Quận Hoàn Kiếm, Hà Nội",,,,,1,0,0,0,0,0,0.061700,,,,,,,,,,,0,0,0,,1,measured_warm,deterministic_30_case_router_fixture,150,Measures safe Track 1/Track 2 routing only. It is not a full media/OCR/dish/place benchmark and cannot support exact-place or dish-accuracy claims.,
final,c1007231c2bf1dc77091bb381df5462de3dd6b6f,shorts-address-router-seed-v1,shorts_018,https://www.youtube.com/shorts/W8ewx2gZqU4,TRACK_2,,,TRACK_2,,,,,,,1,0,0,0,0,0,0.053800,,,,,,,,,,,0,0,0,,1,measured_warm,deterministic_30_case_router_fixture,150,Measures safe Track 1/Track 2 routing only. It is not a full media/OCR/dish/place benchmark and cannot support exact-place or dish-accuracy claims.,
final,c1007231c2bf1dc77091bb381df5462de3dd6b6f,shorts-address-router-seed-v1,shorts_019,https://www.youtube.com/shorts/i-_71qo3mOE,TRACK_2,,,TRACK_2,Tổng hợp quán ăn ngon Quận 8 rất nhiều quán ngon đón chờ #tieusanhdaily #foodreview #anngon #amthuc,Tổng hợp quán ăn ngon Quận 8 rất nhiều quán ngon đón chờ #tieusanhdaily #foodreview #anngon #amthuc,,,,,1,0,0,0,0,0,0.042000,,,,,,,,,,,0,0,0,,1,measured_warm,deterministic_30_case_router_fixture,150,Measures safe Track 1/Track 2 routing only. It is not a full media/OCR/dish/place benchmark and cannot support exact-place or dish-accuracy claims.,
final,c1007231c2bf1dc77091bb381df5462de3dd6b6f,shorts-address-router-seed-v1,shorts_020,https://www.youtube.com/shorts/jsJ8bkSfC-c,TRACK_2,,,TRACK_2,,,,,,,1,0,0,0,0,0,0.056500,,,,,,,,,,,0,0,0,,1,measured_warm,deterministic_30_case_router_fixture,150,Measures safe Track 1/Track 2 routing only. It is not a full media/OCR/dish/place benchmark and cannot support exact-place or dish-accuracy claims.,
final,c1007231c2bf1dc77091bb381df5462de3dd6b6f,shorts-address-router-seed-v1,shorts_021,https://m.youtube.com/shorts/ABu9EuMbb5A,TRACK_2,,,TRACK_2,"... tại địa chỉ 216 Hoàng Ngân, Hà Nội...","... tại địa chỉ 216 Hoàng Ngân, Hà Nội...",,,,,1,0,0,0,0,0,0.040700,,,,,,,,,,,0,0,0,,1,measured_warm,deterministic_30_case_router_fixture,150,Measures safe Track 1/Track 2 routing only. It is not a full media/OCR/dish/place benchmark and cannot support exact-place or dish-accuracy claims.,
final,c1007231c2bf1dc77091bb381df5462de3dd6b6f,shorts-address-router-seed-v1,shorts_022,https://www.youtube.com/shorts/WDckuulKB6g,TRACK_2,,,TRACK_2,,,,,,,1,0,0,0,0,0,0.042100,,,,,,,,,,,0,0,0,,1,measured_warm,deterministic_30_case_router_fixture,150,Measures safe Track 1/Track 2 routing only. It is not a full media/OCR/dish/place benchmark and cannot support exact-place or dish-accuracy claims.,
final,c1007231c2bf1dc77091bb381df5462de3dd6b6f,shorts-address-router-seed-v1,shorts_023,https://www.youtube.com/shorts/Gv5Kcox1gIQ,TRACK_2,,,TRACK_2,... có một quán ăn nhỏ... địa chỉ mỳ ...,... có một quán ăn nhỏ... địa chỉ mỳ ...,,,,,1,0,0,0,0,0,0.037700,,,,,,,,,,,0,0,0,,1,measured_warm,deterministic_30_case_router_fixture,150,Measures safe Track 1/Track 2 routing only. It is not a full media/OCR/dish/place benchmark and cannot support exact-place or dish-accuracy claims.,
final,c1007231c2bf1dc77091bb381df5462de3dd6b6f,shorts-address-router-seed-v1,shorts_024,https://www.youtube.com/shorts/MFJYWsgZ3gA,TRACK_2,,,TRACK_2,,,,,,,1,0,0,0,0,0,0.024400,,,,,,,,,,,0,0,0,,1,measured_warm,deterministic_30_case_router_fixture,150,Measures safe Track 1/Track 2 routing only. It is not a full media/OCR/dish/place benchmark and cannot support exact-place or dish-accuracy claims.,
final,c1007231c2bf1dc77091bb381df5462de3dd6b6f,shorts-address-router-seed-v1,shorts_025,https://www.youtube.com/shorts/QdAGUbaZj0U,TRACK_2,,,TRACK_2,Top món ngon ở Quận 5 không phải ai cũng biết | Đi Đâu Sài Gòn,Top món ngon ở Quận 5 không phải ai cũng biết | Đi Đâu Sài Gòn,,,,,1,0,0,0,0,0,0.033500,,,,,,,,,,,0,0,0,,1,measured_warm,deterministic_30_case_router_fixture,150,Measures safe Track 1/Track 2 routing only. It is not a full media/OCR/dish/place benchmark and cannot support exact-place or dish-accuracy claims.,
final,c1007231c2bf1dc77091bb381df5462de3dd6b6f,shorts-address-router-seed-v1,shorts_026,https://www.youtube.com/shorts/9BZ8f4B300E,TRACK_2,,,TRACK_2,Địa chỉ các nơi trong video: ...,Địa chỉ các nơi trong video: ...,,,,,1,0,0,0,0,0,0.034800,,,,,,,,,,,0,0,0,,1,measured_warm,deterministic_30_case_router_fixture,150,Measures safe Track 1/Track 2 routing only. It is not a full media/OCR/dish/place benchmark and cannot support exact-place or dish-accuracy claims.,
final,c1007231c2bf1dc77091bb381df5462de3dd6b6f,shorts-address-router-seed-v1,shorts_027,https://www.youtube.com/shorts/qONsGB7T-Ig,TRACK_2,,,TRACK_2,,,,,,,1,0,0,0,0,0,0.023000,,,,,,,,,,,0,0,0,,1,measured_warm,deterministic_30_case_router_fixture,150,Measures safe Track 1/Track 2 routing only. It is not a full media/OCR/dish/place benchmark and cannot support exact-place or dish-accuracy claims.,
final,c1007231c2bf1dc77091bb381df5462de3dd6b6f,shorts-address-router-seed-v1,shorts_028,https://www.youtube.com/shorts/tTXYvs45-yk,TRACK_2,,,TRACK_2,,,,,,,1,0,0,0,0,0,0.220600,,,,,,,,,,,0,0,0,,1,measured_warm,deterministic_30_case_router_fixture,150,Measures safe Track 1/Track 2 routing only. It is not a full media/OCR/dish/place benchmark and cannot support exact-place or dish-accuracy claims.,
final,c1007231c2bf1dc77091bb381df5462de3dd6b6f,shorts-address-router-seed-v1,shorts_029,https://www.youtube.com/shorts/qr_LgJ2N3Ro,TRACK_2,,,TRACK_2,,,,,,,1,0,0,0,0,0,0.054300,,,,,,,,,,,0,0,0,,1,measured_warm,deterministic_30_case_router_fixture,150,Measures safe Track 1/Track 2 routing only. It is not a full media/OCR/dish/place benchmark and cannot support exact-place or dish-accuracy claims.,
final,c1007231c2bf1dc77091bb381df5462de3dd6b6f,shorts-address-router-seed-v1,shorts_030,https://www.youtube.com/shorts/eM_uLz7n0Qs,TRACK_2,,,TRACK_2,"... tại địa chỉ số 1 Đông Thái, Chợ Gạo...","... tại địa chỉ số 1 Đông Thái, Chợ Gạo...",,,,,1,0,0,0,0,0,0.045500,,,,,,,,,,,0,0,0,,1,measured_warm,deterministic_30_case_router_fixture,150,Measures safe Track 1/Track 2 routing only. It is not a full media/OCR/dish/place benchmark and cannot support exact-place or dish-accuracy claims.,
final,c1007231c2bf1dc77091bb381df5462de3dd6b6f,shorts-address-router-seed-v1,shorts_001,https://www.youtube.com/shorts/ZDPXxZe4uEs,TRACK_1,"39 Nguyen Trai, District 1, TP. Hồ Chí Minh",,TRACK_1,"39 Nguyen Trai, District 1, TP. Hồ Chí Minh","39 Nguyen Trai, District 1, TP. Hồ Chí Minh",,0.95,,,0,0,0,0,0,0,0.041500,,,,,,,,,,,0,0,0,,2,measured_warm,deterministic_30_case_router_fixture,150,Measures safe Track 1/Track 2 routing only. It is not a full media/OCR/dish/place benchmark and cannot support exact-place or dish-accuracy claims.,
final,c1007231c2bf1dc77091bb381df5462de3dd6b6f,shorts-address-router-seed-v1,shorts_002,https://www.youtube.com/shorts/Hmd7A_1Xb44,TRACK_1,"52 Nguyen Cong Tru, Ward 19, Binh Thanh District, Ho Chi Minh city",,TRACK_1,"52 Nguyen Cong Tru, Ward 19, Binh Thanh District, Ho Chi Minh","52 Nguyen Cong Tru, Ward 19, Binh Thanh District, Ho Chi Minh",,0.95,,,0,0,0,0,0,0,0.031500,,,,,,,,,,,0,0,0,,2,measured_warm,deterministic_30_case_router_fixture,150,Measures safe Track 1/Track 2 routing only. It is not a full media/OCR/dish/place benchmark and cannot support exact-place or dish-accuracy claims.,
final,c1007231c2bf1dc77091bb381df5462de3dd6b6f,shorts-address-router-seed-v1,shorts_003,https://www.youtube.com/shorts/QL51CQ28vpg,TRACK_1,"9, ngõ 56 Trần Quang Diệu, Đống Đa, Hà Nội",,TRACK_1,"Số 9, ngõ 56 Trần Quang Diệu, Đống Đa, Hà Nội","Số 9, ngõ 56 Trần Quang Diệu, Đống Đa, Hà Nội",,0.95,,,0,0,0,0,0,0,0.041400,,,,,,,,,,,0,0,0,,2,measured_warm,deterministic_30_case_router_fixture,150,Measures safe Track 1/Track 2 routing only. It is not a full media/OCR/dish/place benchmark and cannot support exact-place or dish-accuracy claims.,
final,c1007231c2bf1dc77091bb381df5462de3dd6b6f,shorts-address-router-seed-v1,shorts_004,https://www.youtube.com/shorts/aWjqL1wGzUE,TRACK_1,"28 đường Thảo Điền, phường An Khánh, Quận 2, TP. Hồ Chí Minh",,TRACK_1,"CÀ PHÊ CÀ PHÁO 28 đường Thảo Điền, Quận 2, TP. Hồ Chí Minh","CÀ PHÊ CÀ PHÁO 28 đường Thảo Điền, Quận 2, TP. Hồ Chí Minh",,0.95,,,0,0,0,0,0,0,0.035400,,,,,,,,,,,0,0,0,,2,measured_warm,deterministic_30_case_router_fixture,150,Measures safe Track 1/Track 2 routing only. It is not a full media/OCR/dish/place benchmark and cannot support exact-place or dish-accuracy claims.,
final,c1007231c2bf1dc77091bb381df5462de3dd6b6f,shorts-address-router-seed-v1,shorts_005,https://www.youtube.com/shorts/TIflqSNgcl8,TRACK_1,"Hẻm 140 Trần Bình Trọng, Phường 2, Quận 5, TP. Hồ Chí Minh",,TRACK_1,"Hẻm 140 Trần Bình Trọng, Phường 2, Quận 5","Hẻm 140 Trần Bình Trọng, Phường 2, Quận 5",,0.95,,,0,0,0,0,0,0,0.030300,,,,,,,,,,,0,0,0,,2,measured_warm,deterministic_30_case_router_fixture,150,Measures safe Track 1/Track 2 routing only. It is not a full media/OCR/dish/place benchmark and cannot support exact-place or dish-accuracy claims.,
final,c1007231c2bf1dc77091bb381df5462de3dd6b6f,shorts-address-router-seed-v1,shorts_006,https://www.youtube.com/shorts/5Kt2X_L-zmU,TRACK_1,"92C Cao Thắng, Phường 4, Quận 3, TP. Hồ Chí Minh",,TRACK_1,"92C Cao Thắng, Phường 4, Quận 3","92C Cao Thắng, Phường 4, Quận 3",,0.95,,,0,0,0,0,0,0,0.025900,,,,,,,,,,,0,0,0,,2,measured_warm,deterministic_30_case_router_fixture,150,Measures safe Track 1/Track 2 routing only. It is not a full media/OCR/dish/place benchmark and cannot support exact-place or dish-accuracy claims.,
final,c1007231c2bf1dc77091bb381df5462de3dd6b6f,shorts-address-router-seed-v1,shorts_007,https://www.youtube.com/shorts/W5vVDobZ8VA,TRACK_1,"284/3 Chợ Lớn (Quận 6, TP. Hồ Chí Minh)",,TRACK_1,"284/3 Chợ Lớn (Quận 6, TP. Hồ Chí Minh)","284/3 Chợ Lớn (Quận 6, TP. Hồ Chí Minh)",,0.9,,,0,0,0,0,0,0,0.108400,,,,,,,,,,,0,0,0,,2,measured_warm,deterministic_30_case_router_fixture,150,Measures safe Track 1/Track 2 routing only. It is not a full media/OCR/dish/place benchmark and cannot support exact-place or dish-accuracy claims.,
final,c1007231c2bf1dc77091bb381df5462de3dd6b6f,shorts-address-router-seed-v1,shorts_008,https://www.youtube.com/shorts/z_nTyA64-mo,TRACK_1,"213B Phan Văn Khỏe (Quận 6, TP. Hồ Chí Minh)",,TRACK_1,"213B Phan Văn Khỏe (Quận 6, TP. Hồ Chí Minh)","213B Phan Văn Khỏe (Quận 6, TP. Hồ Chí Minh)",,0.9,,,0,0,0,0,0,0,0.087000,,,,,,,,,,,0,0,0,,2,measured_warm,deterministic_30_case_router_fixture,150,Measures safe Track 1/Track 2 routing only. It is not a full media/OCR/dish/place benchmark and cannot support exact-place or dish-accuracy claims.,
final,c1007231c2bf1dc77091bb381df5462de3dd6b6f,shorts-address-router-seed-v1,shorts_009,https://www.youtube.com/shorts/tYGQhyFdk6U,TRACK_1,"14 Trịnh Văn Cấn, Phường Cầu Ông Lãnh, Quận 1, TP. Hồ Chí Minh",,TRACK_1,"14 Trịnh Văn Cấn, Quận 1, TP. Hồ Chí Minh","14 Trịnh Văn Cấn, Quận 1, TP. Hồ Chí Minh",,0.9,,,0,0,0,0,0,0,0.150900,,,,,,,,,,,0,0,0,,2,measured_warm,deterministic_30_case_router_fixture,150,Measures safe Track 1/Track 2 routing only. It is not a full media/OCR/dish/place benchmark and cannot support exact-place or dish-accuracy claims.,
final,c1007231c2bf1dc77091bb381df5462de3dd6b6f,shorts-address-router-seed-v1,shorts_010,https://www.youtube.com/shorts/O2U5picQ9AU,TRACK_1,"371/67A Hẻm 371 Trường Chinh, Phường 14, Quận Tân Bình, TP. Hồ Chí Minh",,TRACK_2,[FOOD REVIEW] QUÁN SUSU ỐC-LẨU-NƯỚNG...,[FOOD REVIEW] QUÁN SUSU ỐC-LẨU-NƯỚNG...,,,,,0,0,0,1,0,0,0.067800,,,,,,,,,,,0,0,0,,2,measured_warm,deterministic_30_case_router_fixture,150,Measures safe Track 1/Track 2 routing only. It is not a full media/OCR/dish/place benchmark and cannot support exact-place or dish-accuracy claims.,
final,c1007231c2bf1dc77091bb381df5462de3dd6b6f,shorts-address-router-seed-v1,shorts_011,https://www.youtube.com/shorts/s3QtciG_lLQ,TRACK_2,,,TRACK_2,"12 Lê Lợi, Quận 1","12 Lê Lợi, Quận 1",,,,,1,0,0,0,0,0,0.436000,,,,,,,,,,,0,0,0,,2,measured_warm,deterministic_30_case_router_fixture,150,Measures safe Track 1/Track 2 routing only. It is not a full media/OCR/dish/place benchmark and cannot support exact-place or dish-accuracy claims.,
final,c1007231c2bf1dc77091bb381df5462de3dd6b6f,shorts-address-router-seed-v1,shorts_012,https://www.youtube.com/shorts/o3An_wnTC1M,TRACK_2,,,TRACK_2,"34 Nguyễn Huệ, Quận 1","34 Nguyễn Huệ, Quận 1",,,,,1,0,0,0,0,0,0.045700,,,,,,,,,,,0,0,0,,2,measured_warm,deterministic_30_case_router_fixture,150,Measures safe Track 1/Track 2 routing only. It is not a full media/OCR/dish/place benchmark and cannot support exact-place or dish-accuracy claims.,
final,c1007231c2bf1dc77091bb381df5462de3dd6b6f,shorts-address-router-seed-v1,shorts_013,https://www.youtube.com/shorts/XC8FdZWQ40w,TRACK_2,,,TRACK_2,"56 Trần Hưng Đạo, Quận 5","56 Trần Hưng Đạo, Quận 5",,,,,1,0,0,0,0,0,0.040900,,,,,,,,,,,0,0,0,,2,measured_warm,deterministic_30_case_router_fixture,150,Measures safe Track 1/Track 2 routing only. It is not a full media/OCR/dish/place benchmark and cannot support exact-place or dish-accuracy claims.,
final,c1007231c2bf1dc77091bb381df5462de3dd6b6f,shorts-address-router-seed-v1,shorts_014,https://www.youtube.com/shorts/5e3nN9TmaAo,TRACK_2,,,TRACK_2,"78 Thái Phiên, Quận 11","78 Thái Phiên, Quận 11",,,,,1,0,0,0,0,0,0.038700,,,,,,,,,,,0,0,0,,2,measured_warm,deterministic_30_case_router_fixture,150,Measures safe Track 1/Track 2 routing only. It is not a full media/OCR/dish/place benchmark and cannot support exact-place or dish-accuracy claims.,
final,c1007231c2bf1dc77091bb381df5462de3dd6b6f,shorts-address-router-seed-v1,shorts_015,https://www.youtube.com/shorts/Vo2vRItP1d8,TRACK_2,,,TRACK_2,"90 Trường Chinh, Quận Tân Bình","90 Trường Chinh, Quận Tân Bình",,,,,1,0,0,0,0,0,0.043700,,,,,,,,,,,0,0,0,,2,measured_warm,deterministic_30_case_router_fixture,150,Measures safe Track 1/Track 2 routing only. It is not a full media/OCR/dish/place benchmark and cannot support exact-place or dish-accuracy claims.,
final,c1007231c2bf1dc77091bb381df5462de3dd6b6f,shorts-address-router-seed-v1,shorts_016,https://m.youtube.com/shorts/zGrWnb9C84c,TRACK_2,,,TRACK_2,"102 Phan Xích Long, Phú Nhuận","102 Phan Xích Long, Phú Nhuận",,,,,1,0,0,0,0,0,0.077800,,,,,,,,,,,0,0,0,,2,measured_warm,deterministic_30_case_router_fixture,150,Measures safe Track 1/Track 2 routing only. It is not a full media/OCR/dish/place benchmark and cannot support exact-place or dish-accuracy claims.,
final,c1007231c2bf1dc77091bb381df5462de3dd6b6f,shorts-address-router-seed-v1,shorts_017,https://www.youtube.com/shorts/avLPlQA7w0I,TRACK_2,,,TRACK_2,"NỘM LONG VI DUNG - 23 Hồ Hoàn Kiếm, Quận Hoàn Kiếm, Hà Nội","NỘM LONG VI DUNG - 23 Hồ Hoàn Kiếm, Quận Hoàn Kiếm, Hà Nội",,,,,1,0,0,0,0,0,0.068100,,,,,,,,,,,0,0,0,,2,measured_warm,deterministic_30_case_router_fixture,150,Measures safe Track 1/Track 2 routing only. It is not a full media/OCR/dish/place benchmark and cannot support exact-place or dish-accuracy claims.,
final,c1007231c2bf1dc77091bb381df5462de3dd6b6f,shorts-address-router-seed-v1,shorts_018,https://www.youtube.com/shorts/W8ewx2gZqU4,TRACK_2,,,TRACK_2,,,,,,,1,0,0,0,0,0,0.051600,,,,,,,,,,,0,0,0,,2,measured_warm,deterministic_30_case_router_fixture,150,Measures safe Track 1/Track 2 routing only. It is not a full media/OCR/dish/place benchmark and cannot support exact-place or dish-accuracy claims.,
final,c1007231c2bf1dc77091bb381df5462de3dd6b6f,shorts-address-router-seed-v1,shorts_019,https://www.youtube.com/shorts/i-_71qo3mOE,TRACK_2,,,TRACK_2,Tổng hợp quán ăn ngon Quận 8 rất nhiều quán ngon đón chờ #tieusanhdaily #foodreview #anngon #amthuc,Tổng hợp quán ăn ngon Quận 8 rất nhiều quán ngon đón chờ #tieusanhdaily #foodreview #anngon #amthuc,,,,,1,0,0,0,0,0,0.042000,,,,,,,,,,,0,0,0,,2,measured_warm,deterministic_30_case_router_fixture,150,Measures safe Track 1/Track 2 routing only. It is not a full media/OCR/dish/place benchmark and cannot support exact-place or dish-accuracy claims.,
final,c1007231c2bf1dc77091bb381df5462de3dd6b6f,shorts-address-router-seed-v1,shorts_020,https://www.youtube.com/shorts/jsJ8bkSfC-c,TRACK_2,,,TRACK_2,,,,,,,1,0,0,0,0,0,0.050500,,,,,,,,,,,0,0,0,,2,measured_warm,deterministic_30_case_router_fixture,150,Measures safe Track 1/Track 2 routing only. It is not a full media/OCR/dish/place benchmark and cannot support exact-place or dish-accuracy claims.,
final,c1007231c2bf1dc77091bb381df5462de3dd6b6f,shorts-address-router-seed-v1,shorts_021,https://m.youtube.com/shorts/ABu9EuMbb5A,TRACK_2,,,TRACK_2,"... tại địa chỉ 216 Hoàng Ngân, Hà Nội...","... tại địa chỉ 216 Hoàng Ngân, Hà Nội...",,,,,1,0,0,0,0,0,0.043700,,,,,,,,,,,0,0,0,,2,measured_warm,deterministic_30_case_router_fixture,150,Measures safe Track 1/Track 2 routing only. It is not a full media/OCR/dish/place benchmark and cannot support exact-place or dish-accuracy claims.,
final,c1007231c2bf1dc77091bb381df5462de3dd6b6f,shorts-address-router-seed-v1,shorts_022,https://www.youtube.com/shorts/WDckuulKB6g,TRACK_2,,,TRACK_2,,,,,,,1,0,0,0,0,0,0.039700,,,,,,,,,,,0,0,0,,2,measured_warm,deterministic_30_case_router_fixture,150,Measures safe Track 1/Track 2 routing only. It is not a full media/OCR/dish/place benchmark and cannot support exact-place or dish-accuracy claims.,
final,c1007231c2bf1dc77091bb381df5462de3dd6b6f,shorts-address-router-seed-v1,shorts_023,https://www.youtube.com/shorts/Gv5Kcox1gIQ,TRACK_2,,,TRACK_2,... có một quán ăn nhỏ... địa chỉ mỳ ...,... có một quán ăn nhỏ... địa chỉ mỳ ...,,,,,1,0,0,0,0,0,0.036500,,,,,,,,,,,0,0,0,,2,measured_warm,deterministic_30_case_router_fixture,150,Measures safe Track 1/Track 2 routing only. It is not a full media/OCR/dish/place benchmark and cannot support exact-place or dish-accuracy claims.,
final,c1007231c2bf1dc77091bb381df5462de3dd6b6f,shorts-address-router-seed-v1,shorts_024,https://www.youtube.com/shorts/MFJYWsgZ3gA,TRACK_2,,,TRACK_2,,,,,,,1,0,0,0,0,0,0.024000,,,,,,,,,,,0,0,0,,2,measured_warm,deterministic_30_case_router_fixture,150,Measures safe Track 1/Track 2 routing only. It is not a full media/OCR/dish/place benchmark and cannot support exact-place or dish-accuracy claims.,
final,c1007231c2bf1dc77091bb381df5462de3dd6b6f,shorts-address-router-seed-v1,shorts_025,https://www.youtube.com/shorts/QdAGUbaZj0U,TRACK_2,,,TRACK_2,Top món ngon ở Quận 5 không phải ai cũng biết | Đi Đâu Sài Gòn,Top món ngon ở Quận 5 không phải ai cũng biết | Đi Đâu Sài Gòn,,,,,1,0,0,0,0,0,0.040200,,,,,,,,,,,0,0,0,,2,measured_warm,deterministic_30_case_router_fixture,150,Measures safe Track 1/Track 2 routing only. It is not a full media/OCR/dish/place benchmark and cannot support exact-place or dish-accuracy claims.,
final,c1007231c2bf1dc77091bb381df5462de3dd6b6f,shorts-address-router-seed-v1,shorts_026,https://www.youtube.com/shorts/9BZ8f4B300E,TRACK_2,,,TRACK_2,Địa chỉ các nơi trong video: ...,Địa chỉ các nơi trong video: ...,,,,,1,0,0,0,0,0,0.037000,,,,,,,,,,,0,0,0,,2,measured_warm,deterministic_30_case_router_fixture,150,Measures safe Track 1/Track 2 routing only. It is not a full media/OCR/dish/place benchmark and cannot support exact-place or dish-accuracy claims.,
final,c1007231c2bf1dc77091bb381df5462de3dd6b6f,shorts-address-router-seed-v1,shorts_027,https://www.youtube.com/shorts/qONsGB7T-Ig,TRACK_2,,,TRACK_2,,,,,,,1,0,0,0,0,0,0.019900,,,,,,,,,,,0,0,0,,2,measured_warm,deterministic_30_case_router_fixture,150,Measures safe Track 1/Track 2 routing only. It is not a full media/OCR/dish/place benchmark and cannot support exact-place or dish-accuracy claims.,
final,c1007231c2bf1dc77091bb381df5462de3dd6b6f,shorts-address-router-seed-v1,shorts_028,https://www.youtube.com/shorts/tTXYvs45-yk,TRACK_2,,,TRACK_2,,,,,,,1,0,0,0,0,0,0.204400,,,,,,,,,,,0,0,0,,2,measured_warm,deterministic_30_case_router_fixture,150,Measures safe Track 1/Track 2 routing only. It is not a full media/OCR/dish/place benchmark and cannot support exact-place or dish-accuracy claims.,
final,c1007231c2bf1dc77091bb381df5462de3dd6b6f,shorts-address-router-seed-v1,shorts_029,https://www.youtube.com/shorts/qr_LgJ2N3Ro,TRACK_2,,,TRACK_2,,,,,,,1,0,0,0,0,0,0.045700,,,,,,,,,,,0,0,0,,2,measured_warm,deterministic_30_case_router_fixture,150,Measures safe Track 1/Track 2 routing only. It is not a full media/OCR/dish/place benchmark and cannot support exact-place or dish-accuracy claims.,
final,c1007231c2bf1dc77091bb381df5462de3dd6b6f,shorts-address-router-seed-v1,shorts_030,https://www.youtube.com/shorts/eM_uLz7n0Qs,TRACK_2,,,TRACK_2,"... tại địa chỉ số 1 Đông Thái, Chợ Gạo...","... tại địa chỉ số 1 Đông Thái, Chợ Gạo...",,,,,1,0,0,0,0,0,0.075000,,,,,,,,,,,0,0,0,,2,measured_warm,deterministic_30_case_router_fixture,150,Measures safe Track 1/Track 2 routing only. It is not a full media/OCR/dish/place benchmark and cannot support exact-place or dish-accuracy claims.,
final,c1007231c2bf1dc77091bb381df5462de3dd6b6f,shorts-address-router-seed-v1,shorts_001,https://www.youtube.com/shorts/ZDPXxZe4uEs,TRACK_1,"39 Nguyen Trai, District 1, TP. Hồ Chí Minh",,TRACK_1,"39 Nguyen Trai, District 1, TP. Hồ Chí Minh","39 Nguyen Trai, District 1, TP. Hồ Chí Minh",,0.95,,,0,0,0,0,0,0,0.047300,,,,,,,,,,,0,0,0,,3,measured_warm,deterministic_30_case_router_fixture,150,Measures safe Track 1/Track 2 routing only. It is not a full media/OCR/dish/place benchmark and cannot support exact-place or dish-accuracy claims.,
final,c1007231c2bf1dc77091bb381df5462de3dd6b6f,shorts-address-router-seed-v1,shorts_002,https://www.youtube.com/shorts/Hmd7A_1Xb44,TRACK_1,"52 Nguyen Cong Tru, Ward 19, Binh Thanh District, Ho Chi Minh city",,TRACK_1,"52 Nguyen Cong Tru, Ward 19, Binh Thanh District, Ho Chi Minh","52 Nguyen Cong Tru, Ward 19, Binh Thanh District, Ho Chi Minh",,0.95,,,0,0,0,0,0,0,0.031700,,,,,,,,,,,0,0,0,,3,measured_warm,deterministic_30_case_router_fixture,150,Measures safe Track 1/Track 2 routing only. It is not a full media/OCR/dish/place benchmark and cannot support exact-place or dish-accuracy claims.,
final,c1007231c2bf1dc77091bb381df5462de3dd6b6f,shorts-address-router-seed-v1,shorts_003,https://www.youtube.com/shorts/QL51CQ28vpg,TRACK_1,"9, ngõ 56 Trần Quang Diệu, Đống Đa, Hà Nội",,TRACK_1,"Số 9, ngõ 56 Trần Quang Diệu, Đống Đa, Hà Nội","Số 9, ngõ 56 Trần Quang Diệu, Đống Đa, Hà Nội",,0.95,,,0,0,0,0,0,0,0.178900,,,,,,,,,,,0,0,0,,3,measured_warm,deterministic_30_case_router_fixture,150,Measures safe Track 1/Track 2 routing only. It is not a full media/OCR/dish/place benchmark and cannot support exact-place or dish-accuracy claims.,
final,c1007231c2bf1dc77091bb381df5462de3dd6b6f,shorts-address-router-seed-v1,shorts_004,https://www.youtube.com/shorts/aWjqL1wGzUE,TRACK_1,"28 đường Thảo Điền, phường An Khánh, Quận 2, TP. Hồ Chí Minh",,TRACK_1,"CÀ PHÊ CÀ PHÁO 28 đường Thảo Điền, Quận 2, TP. Hồ Chí Minh","CÀ PHÊ CÀ PHÁO 28 đường Thảo Điền, Quận 2, TP. Hồ Chí Minh",,0.95,,,0,0,0,0,0,0,0.117900,,,,,,,,,,,0,0,0,,3,measured_warm,deterministic_30_case_router_fixture,150,Measures safe Track 1/Track 2 routing only. It is not a full media/OCR/dish/place benchmark and cannot support exact-place or dish-accuracy claims.,
final,c1007231c2bf1dc77091bb381df5462de3dd6b6f,shorts-address-router-seed-v1,shorts_005,https://www.youtube.com/shorts/TIflqSNgcl8,TRACK_1,"Hẻm 140 Trần Bình Trọng, Phường 2, Quận 5, TP. Hồ Chí Minh",,TRACK_1,"Hẻm 140 Trần Bình Trọng, Phường 2, Quận 5","Hẻm 140 Trần Bình Trọng, Phường 2, Quận 5",,0.95,,,0,0,0,0,0,0,0.050300,,,,,,,,,,,0,0,0,,3,measured_warm,deterministic_30_case_router_fixture,150,Measures safe Track 1/Track 2 routing only. It is not a full media/OCR/dish/place benchmark and cannot support exact-place or dish-accuracy claims.,
final,c1007231c2bf1dc77091bb381df5462de3dd6b6f,shorts-address-router-seed-v1,shorts_006,https://www.youtube.com/shorts/5Kt2X_L-zmU,TRACK_1,"92C Cao Thắng, Phường 4, Quận 3, TP. Hồ Chí Minh",,TRACK_1,"92C Cao Thắng, Phường 4, Quận 3","92C Cao Thắng, Phường 4, Quận 3",,0.95,,,0,0,0,0,0,0,0.034700,,,,,,,,,,,0,0,0,,3,measured_warm,deterministic_30_case_router_fixture,150,Measures safe Track 1/Track 2 routing only. It is not a full media/OCR/dish/place benchmark and cannot support exact-place or dish-accuracy claims.,
final,c1007231c2bf1dc77091bb381df5462de3dd6b6f,shorts-address-router-seed-v1,shorts_007,https://www.youtube.com/shorts/W5vVDobZ8VA,TRACK_1,"284/3 Chợ Lớn (Quận 6, TP. Hồ Chí Minh)",,TRACK_1,"284/3 Chợ Lớn (Quận 6, TP. Hồ Chí Minh)","284/3 Chợ Lớn (Quận 6, TP. Hồ Chí Minh)",,0.9,,,0,0,0,0,0,0,0.199900,,,,,,,,,,,0,0,0,,3,measured_warm,deterministic_30_case_router_fixture,150,Measures safe Track 1/Track 2 routing only. It is not a full media/OCR/dish/place benchmark and cannot support exact-place or dish-accuracy claims.,
final,c1007231c2bf1dc77091bb381df5462de3dd6b6f,shorts-address-router-seed-v1,shorts_008,https://www.youtube.com/shorts/z_nTyA64-mo,TRACK_1,"213B Phan Văn Khỏe (Quận 6, TP. Hồ Chí Minh)",,TRACK_1,"213B Phan Văn Khỏe (Quận 6, TP. Hồ Chí Minh)","213B Phan Văn Khỏe (Quận 6, TP. Hồ Chí Minh)",,0.9,,,0,0,0,0,0,0,0.131100,,,,,,,,,,,0,0,0,,3,measured_warm,deterministic_30_case_router_fixture,150,Measures safe Track 1/Track 2 routing only. It is not a full media/OCR/dish/place benchmark and cannot support exact-place or dish-accuracy claims.,
final,c1007231c2bf1dc77091bb381df5462de3dd6b6f,shorts-address-router-seed-v1,shorts_009,https://www.youtube.com/shorts/tYGQhyFdk6U,TRACK_1,"14 Trịnh Văn Cấn, Phường Cầu Ông Lãnh, Quận 1, TP. Hồ Chí Minh",,TRACK_1,"14 Trịnh Văn Cấn, Quận 1, TP. Hồ Chí Minh","14 Trịnh Văn Cấn, Quận 1, TP. Hồ Chí Minh",,0.9,,,0,0,0,0,0,0,0.125800,,,,,,,,,,,0,0,0,,3,measured_warm,deterministic_30_case_router_fixture,150,Measures safe Track 1/Track 2 routing only. It is not a full media/OCR/dish/place benchmark and cannot support exact-place or dish-accuracy claims.,
final,c1007231c2bf1dc77091bb381df5462de3dd6b6f,shorts-address-router-seed-v1,shorts_010,https://www.youtube.com/shorts/O2U5picQ9AU,TRACK_1,"371/67A Hẻm 371 Trường Chinh, Phường 14, Quận Tân Bình, TP. Hồ Chí Minh",,TRACK_2,[FOOD REVIEW] QUÁN SUSU ỐC-LẨU-NƯỚNG...,[FOOD REVIEW] QUÁN SUSU ỐC-LẨU-NƯỚNG...,,,,,0,0,0,1,0,0,0.083300,,,,,,,,,,,0,0,0,,3,measured_warm,deterministic_30_case_router_fixture,150,Measures safe Track 1/Track 2 routing only. It is not a full media/OCR/dish/place benchmark and cannot support exact-place or dish-accuracy claims.,
final,c1007231c2bf1dc77091bb381df5462de3dd6b6f,shorts-address-router-seed-v1,shorts_011,https://www.youtube.com/shorts/s3QtciG_lLQ,TRACK_2,,,TRACK_2,"12 Lê Lợi, Quận 1","12 Lê Lợi, Quận 1",,,,,1,0,0,0,0,0,0.069100,,,,,,,,,,,0,0,0,,3,measured_warm,deterministic_30_case_router_fixture,150,Measures safe Track 1/Track 2 routing only. It is not a full media/OCR/dish/place benchmark and cannot support exact-place or dish-accuracy claims.,
final,c1007231c2bf1dc77091bb381df5462de3dd6b6f,shorts-address-router-seed-v1,shorts_012,https://www.youtube.com/shorts/o3An_wnTC1M,TRACK_2,,,TRACK_2,"34 Nguyễn Huệ, Quận 1","34 Nguyễn Huệ, Quận 1",,,,,1,0,0,0,0,0,0.052500,,,,,,,,,,,0,0,0,,3,measured_warm,deterministic_30_case_router_fixture,150,Measures safe Track 1/Track 2 routing only. It is not a full media/OCR/dish/place benchmark and cannot support exact-place or dish-accuracy claims.,
final,c1007231c2bf1dc77091bb381df5462de3dd6b6f,shorts-address-router-seed-v1,shorts_013,https://www.youtube.com/shorts/XC8FdZWQ40w,TRACK_2,,,TRACK_2,"56 Trần Hưng Đạo, Quận 5","56 Trần Hưng Đạo, Quận 5",,,,,1,0,0,0,0,0,0.049700,,,,,,,,,,,0,0,0,,3,measured_warm,deterministic_30_case_router_fixture,150,Measures safe Track 1/Track 2 routing only. It is not a full media/OCR/dish/place benchmark and cannot support exact-place or dish-accuracy claims.,
final,c1007231c2bf1dc77091bb381df5462de3dd6b6f,shorts-address-router-seed-v1,shorts_014,https://www.youtube.com/shorts/5e3nN9TmaAo,TRACK_2,,,TRACK_2,"78 Thái Phiên, Quận 11","78 Thái Phiên, Quận 11",,,,,1,0,0,0,0,0,0.048400,,,,,,,,,,,0,0,0,,3,measured_warm,deterministic_30_case_router_fixture,150,Measures safe Track 1/Track 2 routing only. It is not a full media/OCR/dish/place benchmark and cannot support exact-place or dish-accuracy claims.,
final,c1007231c2bf1dc77091bb381df5462de3dd6b6f,shorts-address-router-seed-v1,shorts_015,https://www.youtube.com/shorts/Vo2vRItP1d8,TRACK_2,,,TRACK_2,"90 Trường Chinh, Quận Tân Bình","90 Trường Chinh, Quận Tân Bình",,,,,1,0,0,0,0,0,0.052900,,,,,,,,,,,0,0,0,,3,measured_warm,deterministic_30_case_router_fixture,150,Measures safe Track 1/Track 2 routing only. It is not a full media/OCR/dish/place benchmark and cannot support exact-place or dish-accuracy claims.,
final,c1007231c2bf1dc77091bb381df5462de3dd6b6f,shorts-address-router-seed-v1,shorts_016,https://m.youtube.com/shorts/zGrWnb9C84c,TRACK_2,,,TRACK_2,"102 Phan Xích Long, Phú Nhuận","102 Phan Xích Long, Phú Nhuận",,,,,1,0,0,0,0,0,0.055200,,,,,,,,,,,0,0,0,,3,measured_warm,deterministic_30_case_router_fixture,150,Measures safe Track 1/Track 2 routing only. It is not a full media/OCR/dish/place benchmark and cannot support exact-place or dish-accuracy claims.,
final,c1007231c2bf1dc77091bb381df5462de3dd6b6f,shorts-address-router-seed-v1,shorts_017,https://www.youtube.com/shorts/avLPlQA7w0I,TRACK_2,,,TRACK_2,"NỘM LONG VI DUNG - 23 Hồ Hoàn Kiếm, Quận Hoàn Kiếm, Hà Nội","NỘM LONG VI DUNG - 23 Hồ Hoàn Kiếm, Quận Hoàn Kiếm, Hà Nội",,,,,1,0,0,0,0,0,0.080700,,,,,,,,,,,0,0,0,,3,measured_warm,deterministic_30_case_router_fixture,150,Measures safe Track 1/Track 2 routing only. It is not a full media/OCR/dish/place benchmark and cannot support exact-place or dish-accuracy claims.,
final,c1007231c2bf1dc77091bb381df5462de3dd6b6f,shorts-address-router-seed-v1,shorts_018,https://www.youtube.com/shorts/W8ewx2gZqU4,TRACK_2,,,TRACK_2,,,,,,,1,0,0,0,0,0,0.063500,,,,,,,,,,,0,0,0,,3,measured_warm,deterministic_30_case_router_fixture,150,Measures safe Track 1/Track 2 routing only. It is not a full media/OCR/dish/place benchmark and cannot support exact-place or dish-accuracy claims.,
final,c1007231c2bf1dc77091bb381df5462de3dd6b6f,shorts-address-router-seed-v1,shorts_019,https://www.youtube.com/shorts/i-_71qo3mOE,TRACK_2,,,TRACK_2,Tổng hợp quán ăn ngon Quận 8 rất nhiều quán ngon đón chờ #tieusanhdaily #foodreview #anngon #amthuc,Tổng hợp quán ăn ngon Quận 8 rất nhiều quán ngon đón chờ #tieusanhdaily #foodreview #anngon #amthuc,,,,,1,0,0,0,0,0,0.054200,,,,,,,,,,,0,0,0,,3,measured_warm,deterministic_30_case_router_fixture,150,Measures safe Track 1/Track 2 routing only. It is not a full media/OCR/dish/place benchmark and cannot support exact-place or dish-accuracy claims.,
final,c1007231c2bf1dc77091bb381df5462de3dd6b6f,shorts-address-router-seed-v1,shorts_020,https://www.youtube.com/shorts/jsJ8bkSfC-c,TRACK_2,,,TRACK_2,,,,,,,1,0,0,0,0,0,0.062000,,,,,,,,,,,0,0,0,,3,measured_warm,deterministic_30_case_router_fixture,150,Measures safe Track 1/Track 2 routing only. It is not a full media/OCR/dish/place benchmark and cannot support exact-place or dish-accuracy claims.,
final,c1007231c2bf1dc77091bb381df5462de3dd6b6f,shorts-address-router-seed-v1,shorts_021,https://m.youtube.com/shorts/ABu9EuMbb5A,TRACK_2,,,TRACK_2,"... tại địa chỉ 216 Hoàng Ngân, Hà Nội...","... tại địa chỉ 216 Hoàng Ngân, Hà Nội...",,,,,1,0,0,0,0,0,0.056500,,,,,,,,,,,0,0,0,,3,measured_warm,deterministic_30_case_router_fixture,150,Measures safe Track 1/Track 2 routing only. It is not a full media/OCR/dish/place benchmark and cannot support exact-place or dish-accuracy claims.,
final,c1007231c2bf1dc77091bb381df5462de3dd6b6f,shorts-address-router-seed-v1,shorts_022,https://www.youtube.com/shorts/WDckuulKB6g,TRACK_2,,,TRACK_2,,,,,,,1,0,0,0,0,0,0.051800,,,,,,,,,,,0,0,0,,3,measured_warm,deterministic_30_case_router_fixture,150,Measures safe Track 1/Track 2 routing only. It is not a full media/OCR/dish/place benchmark and cannot support exact-place or dish-accuracy claims.,
final,c1007231c2bf1dc77091bb381df5462de3dd6b6f,shorts-address-router-seed-v1,shorts_023,https://www.youtube.com/shorts/Gv5Kcox1gIQ,TRACK_2,,,TRACK_2,... có một quán ăn nhỏ... địa chỉ mỳ ...,... có một quán ăn nhỏ... địa chỉ mỳ ...,,,,,1,0,0,0,0,0,0.048600,,,,,,,,,,,0,0,0,,3,measured_warm,deterministic_30_case_router_fixture,150,Measures safe Track 1/Track 2 routing only. It is not a full media/OCR/dish/place benchmark and cannot support exact-place or dish-accuracy claims.,
final,c1007231c2bf1dc77091bb381df5462de3dd6b6f,shorts-address-router-seed-v1,shorts_024,https://www.youtube.com/shorts/MFJYWsgZ3gA,TRACK_2,,,TRACK_2,,,,,,,1,0,0,0,0,0,0.035100,,,,,,,,,,,0,0,0,,3,measured_warm,deterministic_30_case_router_fixture,150,Measures safe Track 1/Track 2 routing only. It is not a full media/OCR/dish/place benchmark and cannot support exact-place or dish-accuracy claims.,
final,c1007231c2bf1dc77091bb381df5462de3dd6b6f,shorts-address-router-seed-v1,shorts_025,https://www.youtube.com/shorts/QdAGUbaZj0U,TRACK_2,,,TRACK_2,Top món ngon ở Quận 5 không phải ai cũng biết | Đi Đâu Sài Gòn,Top món ngon ở Quận 5 không phải ai cũng biết | Đi Đâu Sài Gòn,,,,,1,0,0,0,0,0,0.133200,,,,,,,,,,,0,0,0,,3,measured_warm,deterministic_30_case_router_fixture,150,Measures safe Track 1/Track 2 routing only. It is not a full media/OCR/dish/place benchmark and cannot support exact-place or dish-accuracy claims.,
final,c1007231c2bf1dc77091bb381df5462de3dd6b6f,shorts-address-router-seed-v1,shorts_026,https://www.youtube.com/shorts/9BZ8f4B300E,TRACK_2,,,TRACK_2,Địa chỉ các nơi trong video: ...,Địa chỉ các nơi trong video: ...,,,,,1,0,0,0,0,0,0.114900,,,,,,,,,,,0,0,0,,3,measured_warm,deterministic_30_case_router_fixture,150,Measures safe Track 1/Track 2 routing only. It is not a full media/OCR/dish/place benchmark and cannot support exact-place or dish-accuracy claims.,
final,c1007231c2bf1dc77091bb381df5462de3dd6b6f,shorts-address-router-seed-v1,shorts_027,https://www.youtube.com/shorts/qONsGB7T-Ig,TRACK_2,,,TRACK_2,,,,,,,1,0,0,0,0,0,0.044200,,,,,,,,,,,0,0,0,,3,measured_warm,deterministic_30_case_router_fixture,150,Measures safe Track 1/Track 2 routing only. It is not a full media/OCR/dish/place benchmark and cannot support exact-place or dish-accuracy claims.,
final,c1007231c2bf1dc77091bb381df5462de3dd6b6f,shorts-address-router-seed-v1,shorts_028,https://www.youtube.com/shorts/tTXYvs45-yk,TRACK_2,,,TRACK_2,,,,,,,1,0,0,0,0,0,0.281800,,,,,,,,,,,0,0,0,,3,measured_warm,deterministic_30_case_router_fixture,150,Measures safe Track 1/Track 2 routing only. It is not a full media/OCR/dish/place benchmark and cannot support exact-place or dish-accuracy claims.,
final,c1007231c2bf1dc77091bb381df5462de3dd6b6f,shorts-address-router-seed-v1,shorts_029,https://www.youtube.com/shorts/qr_LgJ2N3Ro,TRACK_2,,,TRACK_2,,,,,,,1,0,0,0,0,0,0.060100,,,,,,,,,,,0,0,0,,3,measured_warm,deterministic_30_case_router_fixture,150,Measures safe Track 1/Track 2 routing only. It is not a full media/OCR/dish/place benchmark and cannot support exact-place or dish-accuracy claims.,
final,c1007231c2bf1dc77091bb381df5462de3dd6b6f,shorts-address-router-seed-v1,shorts_030,https://www.youtube.com/shorts/eM_uLz7n0Qs,TRACK_2,,,TRACK_2,"... tại địa chỉ số 1 Đông Thái, Chợ Gạo...","... tại địa chỉ số 1 Đông Thái, Chợ Gạo...",,,,,1,0,0,0,0,0,0.067100,,,,,,,,,,,0,0,0,,3,measured_warm,deterministic_30_case_router_fixture,150,Measures safe Track 1/Track 2 routing only. It is not a full media/OCR/dish/place benchmark and cannot support exact-place or dish-accuracy claims.,
final,c1007231c2bf1dc77091bb381df5462de3dd6b6f,shorts-address-router-seed-v1,shorts_001,https://www.youtube.com/shorts/ZDPXxZe4uEs,TRACK_1,"39 Nguyen Trai, District 1, TP. Hồ Chí Minh",,TRACK_1,"39 Nguyen Trai, District 1, TP. Hồ Chí Minh","39 Nguyen Trai, District 1, TP. Hồ Chí Minh",,0.95,,,0,0,0,0,0,0,0.060900,,,,,,,,,,,0,0,0,,4,measured_warm,deterministic_30_case_router_fixture,150,Measures safe Track 1/Track 2 routing only. It is not a full media/OCR/dish/place benchmark and cannot support exact-place or dish-accuracy claims.,
final,c1007231c2bf1dc77091bb381df5462de3dd6b6f,shorts-address-router-seed-v1,shorts_002,https://www.youtube.com/shorts/Hmd7A_1Xb44,TRACK_1,"52 Nguyen Cong Tru, Ward 19, Binh Thanh District, Ho Chi Minh city",,TRACK_1,"52 Nguyen Cong Tru, Ward 19, Binh Thanh District, Ho Chi Minh","52 Nguyen Cong Tru, Ward 19, Binh Thanh District, Ho Chi Minh",,0.95,,,0,0,0,0,0,0,0.044800,,,,,,,,,,,0,0,0,,4,measured_warm,deterministic_30_case_router_fixture,150,Measures safe Track 1/Track 2 routing only. It is not a full media/OCR/dish/place benchmark and cannot support exact-place or dish-accuracy claims.,
final,c1007231c2bf1dc77091bb381df5462de3dd6b6f,shorts-address-router-seed-v1,shorts_003,https://www.youtube.com/shorts/QL51CQ28vpg,TRACK_1,"9, ngõ 56 Trần Quang Diệu, Đống Đa, Hà Nội",,TRACK_1,"Số 9, ngõ 56 Trần Quang Diệu, Đống Đa, Hà Nội","Số 9, ngõ 56 Trần Quang Diệu, Đống Đa, Hà Nội",,0.95,,,0,0,0,0,0,0,0.057500,,,,,,,,,,,0,0,0,,4,measured_warm,deterministic_30_case_router_fixture,150,Measures safe Track 1/Track 2 routing only. It is not a full media/OCR/dish/place benchmark and cannot support exact-place or dish-accuracy claims.,
final,c1007231c2bf1dc77091bb381df5462de3dd6b6f,shorts-address-router-seed-v1,shorts_004,https://www.youtube.com/shorts/aWjqL1wGzUE,TRACK_1,"28 đường Thảo Điền, phường An Khánh, Quận 2, TP. Hồ Chí Minh",,TRACK_1,"CÀ PHÊ CÀ PHÁO 28 đường Thảo Điền, Quận 2, TP. Hồ Chí Minh","CÀ PHÊ CÀ PHÁO 28 đường Thảo Điền, Quận 2, TP. Hồ Chí Minh",,0.95,,,0,0,0,0,0,0,0.054800,,,,,,,,,,,0,0,0,,4,measured_warm,deterministic_30_case_router_fixture,150,Measures safe Track 1/Track 2 routing only. It is not a full media/OCR/dish/place benchmark and cannot support exact-place or dish-accuracy claims.,
final,c1007231c2bf1dc77091bb381df5462de3dd6b6f,shorts-address-router-seed-v1,shorts_005,https://www.youtube.com/shorts/TIflqSNgcl8,TRACK_1,"Hẻm 140 Trần Bình Trọng, Phường 2, Quận 5, TP. Hồ Chí Minh",,TRACK_1,"Hẻm 140 Trần Bình Trọng, Phường 2, Quận 5","Hẻm 140 Trần Bình Trọng, Phường 2, Quận 5",,0.95,,,0,0,0,0,0,0,0.045900,,,,,,,,,,,0,0,0,,4,measured_warm,deterministic_30_case_router_fixture,150,Measures safe Track 1/Track 2 routing only. It is not a full media/OCR/dish/place benchmark and cannot support exact-place or dish-accuracy claims.,
final,c1007231c2bf1dc77091bb381df5462de3dd6b6f,shorts-address-router-seed-v1,shorts_006,https://www.youtube.com/shorts/5Kt2X_L-zmU,TRACK_1,"92C Cao Thắng, Phường 4, Quận 3, TP. Hồ Chí Minh",,TRACK_1,"92C Cao Thắng, Phường 4, Quận 3","92C Cao Thắng, Phường 4, Quận 3",,0.95,,,0,0,0,0,0,0,0.037300,,,,,,,,,,,0,0,0,,4,measured_warm,deterministic_30_case_router_fixture,150,Measures safe Track 1/Track 2 routing only. It is not a full media/OCR/dish/place benchmark and cannot support exact-place or dish-accuracy claims.,
final,c1007231c2bf1dc77091bb381df5462de3dd6b6f,shorts-address-router-seed-v1,shorts_007,https://www.youtube.com/shorts/W5vVDobZ8VA,TRACK_1,"284/3 Chợ Lớn (Quận 6, TP. Hồ Chí Minh)",,TRACK_1,"284/3 Chợ Lớn (Quận 6, TP. Hồ Chí Minh)","284/3 Chợ Lớn (Quận 6, TP. Hồ Chí Minh)",,0.9,,,0,0,0,0,0,0,0.163400,,,,,,,,,,,0,0,0,,4,measured_warm,deterministic_30_case_router_fixture,150,Measures safe Track 1/Track 2 routing only. It is not a full media/OCR/dish/place benchmark and cannot support exact-place or dish-accuracy claims.,
final,c1007231c2bf1dc77091bb381df5462de3dd6b6f,shorts-address-router-seed-v1,shorts_008,https://www.youtube.com/shorts/z_nTyA64-mo,TRACK_1,"213B Phan Văn Khỏe (Quận 6, TP. Hồ Chí Minh)",,TRACK_1,"213B Phan Văn Khỏe (Quận 6, TP. Hồ Chí Minh)","213B Phan Văn Khỏe (Quận 6, TP. Hồ Chí Minh)",,0.9,,,0,0,0,0,0,0,0.136000,,,,,,,,,,,0,0,0,,4,measured_warm,deterministic_30_case_router_fixture,150,Measures safe Track 1/Track 2 routing only. It is not a full media/OCR/dish/place benchmark and cannot support exact-place or dish-accuracy claims.,
final,c1007231c2bf1dc77091bb381df5462de3dd6b6f,shorts-address-router-seed-v1,shorts_009,https://www.youtube.com/shorts/tYGQhyFdk6U,TRACK_1,"14 Trịnh Văn Cấn, Phường Cầu Ông Lãnh, Quận 1, TP. Hồ Chí Minh",,TRACK_1,"14 Trịnh Văn Cấn, Quận 1, TP. Hồ Chí Minh","14 Trịnh Văn Cấn, Quận 1, TP. Hồ Chí Minh",,0.9,,,0,0,0,0,0,0,0.145800,,,,,,,,,,,0,0,0,,4,measured_warm,deterministic_30_case_router_fixture,150,Measures safe Track 1/Track 2 routing only. It is not a full media/OCR/dish/place benchmark and cannot support exact-place or dish-accuracy claims.,
final,c1007231c2bf1dc77091bb381df5462de3dd6b6f,shorts-address-router-seed-v1,shorts_010,https://www.youtube.com/shorts/O2U5picQ9AU,TRACK_1,"371/67A Hẻm 371 Trường Chinh, Phường 14, Quận Tân Bình, TP. Hồ Chí Minh",,TRACK_2,[FOOD REVIEW] QUÁN SUSU ỐC-LẨU-NƯỚNG...,[FOOD REVIEW] QUÁN SUSU ỐC-LẨU-NƯỚNG...,,,,,0,0,0,1,0,0,0.090200,,,,,,,,,,,0,0,0,,4,measured_warm,deterministic_30_case_router_fixture,150,Measures safe Track 1/Track 2 routing only. It is not a full media/OCR/dish/place benchmark and cannot support exact-place or dish-accuracy claims.,
final,c1007231c2bf1dc77091bb381df5462de3dd6b6f,shorts-address-router-seed-v1,shorts_011,https://www.youtube.com/shorts/s3QtciG_lLQ,TRACK_2,,,TRACK_2,"12 Lê Lợi, Quận 1","12 Lê Lợi, Quận 1",,,,,1,0,0,0,0,0,0.076500,,,,,,,,,,,0,0,0,,4,measured_warm,deterministic_30_case_router_fixture,150,Measures safe Track 1/Track 2 routing only. It is not a full media/OCR/dish/place benchmark and cannot support exact-place or dish-accuracy claims.,
final,c1007231c2bf1dc77091bb381df5462de3dd6b6f,shorts-address-router-seed-v1,shorts_012,https://www.youtube.com/shorts/o3An_wnTC1M,TRACK_2,,,TRACK_2,"34 Nguyễn Huệ, Quận 1","34 Nguyễn Huệ, Quận 1",,,,,1,0,0,0,0,0,0.064600,,,,,,,,,,,0,0,0,,4,measured_warm,deterministic_30_case_router_fixture,150,Measures safe Track 1/Track 2 routing only. It is not a full media/OCR/dish/place benchmark and cannot support exact-place or dish-accuracy claims.,
final,c1007231c2bf1dc77091bb381df5462de3dd6b6f,shorts-address-router-seed-v1,shorts_013,https://www.youtube.com/shorts/XC8FdZWQ40w,TRACK_2,,,TRACK_2,"56 Trần Hưng Đạo, Quận 5","56 Trần Hưng Đạo, Quận 5",,,,,1,0,0,0,0,0,0.062200,,,,,,,,,,,0,0,0,,4,measured_warm,deterministic_30_case_router_fixture,150,Measures safe Track 1/Track 2 routing only. It is not a full media/OCR/dish/place benchmark and cannot support exact-place or dish-accuracy claims.,
final,c1007231c2bf1dc77091bb381df5462de3dd6b6f,shorts-address-router-seed-v1,shorts_014,https://www.youtube.com/shorts/5e3nN9TmaAo,TRACK_2,,,TRACK_2,"78 Thái Phiên, Quận 11","78 Thái Phiên, Quận 11",,,,,1,0,0,0,0,0,0.036700,,,,,,,,,,,0,0,0,,4,measured_warm,deterministic_30_case_router_fixture,150,Measures safe Track 1/Track 2 routing only. It is not a full media/OCR/dish/place benchmark and cannot support exact-place or dish-accuracy claims.,
final,c1007231c2bf1dc77091bb381df5462de3dd6b6f,shorts-address-router-seed-v1,shorts_015,https://www.youtube.com/shorts/Vo2vRItP1d8,TRACK_2,,,TRACK_2,"90 Trường Chinh, Quận Tân Bình","90 Trường Chinh, Quận Tân Bình",,,,,1,0,0,0,0,0,0.040700,,,,,,,,,,,0,0,0,,4,measured_warm,deterministic_30_case_router_fixture,150,Measures safe Track 1/Track 2 routing only. It is not a full media/OCR/dish/place benchmark and cannot support exact-place or dish-accuracy claims.,
final,c1007231c2bf1dc77091bb381df5462de3dd6b6f,shorts-address-router-seed-v1,shorts_016,https://m.youtube.com/shorts/zGrWnb9C84c,TRACK_2,,,TRACK_2,"102 Phan Xích Long, Phú Nhuận","102 Phan Xích Long, Phú Nhuận",,,,,1,0,0,0,0,0,0.046000,,,,,,,,,,,0,0,0,,4,measured_warm,deterministic_30_case_router_fixture,150,Measures safe Track 1/Track 2 routing only. It is not a full media/OCR/dish/place benchmark and cannot support exact-place or dish-accuracy claims.,
final,c1007231c2bf1dc77091bb381df5462de3dd6b6f,shorts-address-router-seed-v1,shorts_017,https://www.youtube.com/shorts/avLPlQA7w0I,TRACK_2,,,TRACK_2,"NỘM LONG VI DUNG - 23 Hồ Hoàn Kiếm, Quận Hoàn Kiếm, Hà Nội","NỘM LONG VI DUNG - 23 Hồ Hoàn Kiếm, Quận Hoàn Kiếm, Hà Nội",,,,,1,0,0,0,0,0,0.083700,,,,,,,,,,,0,0,0,,4,measured_warm,deterministic_30_case_router_fixture,150,Measures safe Track 1/Track 2 routing only. It is not a full media/OCR/dish/place benchmark and cannot support exact-place or dish-accuracy claims.,
final,c1007231c2bf1dc77091bb381df5462de3dd6b6f,shorts-address-router-seed-v1,shorts_018,https://www.youtube.com/shorts/W8ewx2gZqU4,TRACK_2,,,TRACK_2,,,,,,,1,0,0,0,0,0,0.081400,,,,,,,,,,,0,0,0,,4,measured_warm,deterministic_30_case_router_fixture,150,Measures safe Track 1/Track 2 routing only. It is not a full media/OCR/dish/place benchmark and cannot support exact-place or dish-accuracy claims.,
final,c1007231c2bf1dc77091bb381df5462de3dd6b6f,shorts-address-router-seed-v1,shorts_019,https://www.youtube.com/shorts/i-_71qo3mOE,TRACK_2,,,TRACK_2,Tổng hợp quán ăn ngon Quận 8 rất nhiều quán ngon đón chờ #tieusanhdaily #foodreview #anngon #amthuc,Tổng hợp quán ăn ngon Quận 8 rất nhiều quán ngon đón chờ #tieusanhdaily #foodreview #anngon #amthuc,,,,,1,0,0,0,0,0,0.072000,,,,,,,,,,,0,0,0,,4,measured_warm,deterministic_30_case_router_fixture,150,Measures safe Track 1/Track 2 routing only. It is not a full media/OCR/dish/place benchmark and cannot support exact-place or dish-accuracy claims.,
final,c1007231c2bf1dc77091bb381df5462de3dd6b6f,shorts-address-router-seed-v1,shorts_020,https://www.youtube.com/shorts/jsJ8bkSfC-c,TRACK_2,,,TRACK_2,,,,,,,1,0,0,0,0,0,0.075000,,,,,,,,,,,0,0,0,,4,measured_warm,deterministic_30_case_router_fixture,150,Measures safe Track 1/Track 2 routing only. It is not a full media/OCR/dish/place benchmark and cannot support exact-place or dish-accuracy claims.,
final,c1007231c2bf1dc77091bb381df5462de3dd6b6f,shorts-address-router-seed-v1,shorts_021,https://m.youtube.com/shorts/ABu9EuMbb5A,TRACK_2,,,TRACK_2,"... tại địa chỉ 216 Hoàng Ngân, Hà Nội...","... tại địa chỉ 216 Hoàng Ngân, Hà Nội...",,,,,1,0,0,0,0,0,0.087900,,,,,,,,,,,0,0,0,,4,measured_warm,deterministic_30_case_router_fixture,150,Measures safe Track 1/Track 2 routing only. It is not a full media/OCR/dish/place benchmark and cannot support exact-place or dish-accuracy claims.,
final,c1007231c2bf1dc77091bb381df5462de3dd6b6f,shorts-address-router-seed-v1,shorts_022,https://www.youtube.com/shorts/WDckuulKB6g,TRACK_2,,,TRACK_2,,,,,,,1,0,0,0,0,0,0.076700,,,,,,,,,,,0,0,0,,4,measured_warm,deterministic_30_case_router_fixture,150,Measures safe Track 1/Track 2 routing only. It is not a full media/OCR/dish/place benchmark and cannot support exact-place or dish-accuracy claims.,
final,c1007231c2bf1dc77091bb381df5462de3dd6b6f,shorts-address-router-seed-v1,shorts_023,https://www.youtube.com/shorts/Gv5Kcox1gIQ,TRACK_2,,,TRACK_2,... có một quán ăn nhỏ... địa chỉ mỳ ...,... có một quán ăn nhỏ... địa chỉ mỳ ...,,,,,1,0,0,0,0,0,0.061900,,,,,,,,,,,0,0,0,,4,measured_warm,deterministic_30_case_router_fixture,150,Measures safe Track 1/Track 2 routing only. It is not a full media/OCR/dish/place benchmark and cannot support exact-place or dish-accuracy claims.,
final,c1007231c2bf1dc77091bb381df5462de3dd6b6f,shorts-address-router-seed-v1,shorts_024,https://www.youtube.com/shorts/MFJYWsgZ3gA,TRACK_2,,,TRACK_2,,,,,,,1,0,0,0,0,0,0.040900,,,,,,,,,,,0,0,0,,4,measured_warm,deterministic_30_case_router_fixture,150,Measures safe Track 1/Track 2 routing only. It is not a full media/OCR/dish/place benchmark and cannot support exact-place or dish-accuracy claims.,
final,c1007231c2bf1dc77091bb381df5462de3dd6b6f,shorts-address-router-seed-v1,shorts_025,https://www.youtube.com/shorts/QdAGUbaZj0U,TRACK_2,,,TRACK_2,Top món ngon ở Quận 5 không phải ai cũng biết | Đi Đâu Sài Gòn,Top món ngon ở Quận 5 không phải ai cũng biết | Đi Đâu Sài Gòn,,,,,1,0,0,0,0,0,0.052600,,,,,,,,,,,0,0,0,,4,measured_warm,deterministic_30_case_router_fixture,150,Measures safe Track 1/Track 2 routing only. It is not a full media/OCR/dish/place benchmark and cannot support exact-place or dish-accuracy claims.,
final,c1007231c2bf1dc77091bb381df5462de3dd6b6f,shorts-address-router-seed-v1,shorts_026,https://www.youtube.com/shorts/9BZ8f4B300E,TRACK_2,,,TRACK_2,Địa chỉ các nơi trong video: ...,Địa chỉ các nơi trong video: ...,,,,,1,0,0,0,0,0,0.050600,,,,,,,,,,,0,0,0,,4,measured_warm,deterministic_30_case_router_fixture,150,Measures safe Track 1/Track 2 routing only. It is not a full media/OCR/dish/place benchmark and cannot support exact-place or dish-accuracy claims.,
final,c1007231c2bf1dc77091bb381df5462de3dd6b6f,shorts-address-router-seed-v1,shorts_027,https://www.youtube.com/shorts/qONsGB7T-Ig,TRACK_2,,,TRACK_2,,,,,,,1,0,0,0,0,0,0.022100,,,,,,,,,,,0,0,0,,4,measured_warm,deterministic_30_case_router_fixture,150,Measures safe Track 1/Track 2 routing only. It is not a full media/OCR/dish/place benchmark and cannot support exact-place or dish-accuracy claims.,
final,c1007231c2bf1dc77091bb381df5462de3dd6b6f,shorts-address-router-seed-v1,shorts_028,https://www.youtube.com/shorts/tTXYvs45-yk,TRACK_2,,,TRACK_2,,,,,,,1,0,0,0,0,0,0.210600,,,,,,,,,,,0,0,0,,4,measured_warm,deterministic_30_case_router_fixture,150,Measures safe Track 1/Track 2 routing only. It is not a full media/OCR/dish/place benchmark and cannot support exact-place or dish-accuracy claims.,
final,c1007231c2bf1dc77091bb381df5462de3dd6b6f,shorts-address-router-seed-v1,shorts_029,https://www.youtube.com/shorts/qr_LgJ2N3Ro,TRACK_2,,,TRACK_2,,,,,,,1,0,0,0,0,0,0.048100,,,,,,,,,,,0,0,0,,4,measured_warm,deterministic_30_case_router_fixture,150,Measures safe Track 1/Track 2 routing only. It is not a full media/OCR/dish/place benchmark and cannot support exact-place or dish-accuracy claims.,
final,c1007231c2bf1dc77091bb381df5462de3dd6b6f,shorts-address-router-seed-v1,shorts_030,https://www.youtube.com/shorts/eM_uLz7n0Qs,TRACK_2,,,TRACK_2,"... tại địa chỉ số 1 Đông Thái, Chợ Gạo...","... tại địa chỉ số 1 Đông Thái, Chợ Gạo...",,,,,1,0,0,0,0,0,0.047400,,,,,,,,,,,0,0,0,,4,measured_warm,deterministic_30_case_router_fixture,150,Measures safe Track 1/Track 2 routing only. It is not a full media/OCR/dish/place benchmark and cannot support exact-place or dish-accuracy claims.,
final,c1007231c2bf1dc77091bb381df5462de3dd6b6f,shorts-address-router-seed-v1,shorts_001,https://www.youtube.com/shorts/ZDPXxZe4uEs,TRACK_1,"39 Nguyen Trai, District 1, TP. Hồ Chí Minh",,TRACK_1,"39 Nguyen Trai, District 1, TP. Hồ Chí Minh","39 Nguyen Trai, District 1, TP. Hồ Chí Minh",,0.95,,,0,0,0,0,0,0,0.052700,,,,,,,,,,,0,0,0,,5,measured_warm,deterministic_30_case_router_fixture,150,Measures safe Track 1/Track 2 routing only. It is not a full media/OCR/dish/place benchmark and cannot support exact-place or dish-accuracy claims.,
final,c1007231c2bf1dc77091bb381df5462de3dd6b6f,shorts-address-router-seed-v1,shorts_002,https://www.youtube.com/shorts/Hmd7A_1Xb44,TRACK_1,"52 Nguyen Cong Tru, Ward 19, Binh Thanh District, Ho Chi Minh city",,TRACK_1,"52 Nguyen Cong Tru, Ward 19, Binh Thanh District, Ho Chi Minh","52 Nguyen Cong Tru, Ward 19, Binh Thanh District, Ho Chi Minh",,0.95,,,0,0,0,0,0,0,0.032000,,,,,,,,,,,0,0,0,,5,measured_warm,deterministic_30_case_router_fixture,150,Measures safe Track 1/Track 2 routing only. It is not a full media/OCR/dish/place benchmark and cannot support exact-place or dish-accuracy claims.,
final,c1007231c2bf1dc77091bb381df5462de3dd6b6f,shorts-address-router-seed-v1,shorts_003,https://www.youtube.com/shorts/QL51CQ28vpg,TRACK_1,"9, ngõ 56 Trần Quang Diệu, Đống Đa, Hà Nội",,TRACK_1,"Số 9, ngõ 56 Trần Quang Diệu, Đống Đa, Hà Nội","Số 9, ngõ 56 Trần Quang Diệu, Đống Đa, Hà Nội",,0.95,,,0,0,0,0,0,0,0.041200,,,,,,,,,,,0,0,0,,5,measured_warm,deterministic_30_case_router_fixture,150,Measures safe Track 1/Track 2 routing only. It is not a full media/OCR/dish/place benchmark and cannot support exact-place or dish-accuracy claims.,
final,c1007231c2bf1dc77091bb381df5462de3dd6b6f,shorts-address-router-seed-v1,shorts_004,https://www.youtube.com/shorts/aWjqL1wGzUE,TRACK_1,"28 đường Thảo Điền, phường An Khánh, Quận 2, TP. Hồ Chí Minh",,TRACK_1,"CÀ PHÊ CÀ PHÁO 28 đường Thảo Điền, Quận 2, TP. Hồ Chí Minh","CÀ PHÊ CÀ PHÁO 28 đường Thảo Điền, Quận 2, TP. Hồ Chí Minh",,0.95,,,0,0,0,0,0,0,0.036900,,,,,,,,,,,0,0,0,,5,measured_warm,deterministic_30_case_router_fixture,150,Measures safe Track 1/Track 2 routing only. It is not a full media/OCR/dish/place benchmark and cannot support exact-place or dish-accuracy claims.,
final,c1007231c2bf1dc77091bb381df5462de3dd6b6f,shorts-address-router-seed-v1,shorts_005,https://www.youtube.com/shorts/TIflqSNgcl8,TRACK_1,"Hẻm 140 Trần Bình Trọng, Phường 2, Quận 5, TP. Hồ Chí Minh",,TRACK_1,"Hẻm 140 Trần Bình Trọng, Phường 2, Quận 5","Hẻm 140 Trần Bình Trọng, Phường 2, Quận 5",,0.95,,,0,0,0,0,0,0,0.033900,,,,,,,,,,,0,0,0,,5,measured_warm,deterministic_30_case_router_fixture,150,Measures safe Track 1/Track 2 routing only. It is not a full media/OCR/dish/place benchmark and cannot support exact-place or dish-accuracy claims.,
final,c1007231c2bf1dc77091bb381df5462de3dd6b6f,shorts-address-router-seed-v1,shorts_006,https://www.youtube.com/shorts/5Kt2X_L-zmU,TRACK_1,"92C Cao Thắng, Phường 4, Quận 3, TP. Hồ Chí Minh",,TRACK_1,"92C Cao Thắng, Phường 4, Quận 3","92C Cao Thắng, Phường 4, Quận 3",,0.95,,,0,0,0,0,0,0,0.024200,,,,,,,,,,,0,0,0,,5,measured_warm,deterministic_30_case_router_fixture,150,Measures safe Track 1/Track 2 routing only. It is not a full media/OCR/dish/place benchmark and cannot support exact-place or dish-accuracy claims.,
final,c1007231c2bf1dc77091bb381df5462de3dd6b6f,shorts-address-router-seed-v1,shorts_007,https://www.youtube.com/shorts/W5vVDobZ8VA,TRACK_1,"284/3 Chợ Lớn (Quận 6, TP. Hồ Chí Minh)",,TRACK_1,"284/3 Chợ Lớn (Quận 6, TP. Hồ Chí Minh)","284/3 Chợ Lớn (Quận 6, TP. Hồ Chí Minh)",,0.9,,,0,0,0,0,0,0,0.097900,,,,,,,,,,,0,0,0,,5,measured_warm,deterministic_30_case_router_fixture,150,Measures safe Track 1/Track 2 routing only. It is not a full media/OCR/dish/place benchmark and cannot support exact-place or dish-accuracy claims.,
final,c1007231c2bf1dc77091bb381df5462de3dd6b6f,shorts-address-router-seed-v1,shorts_008,https://www.youtube.com/shorts/z_nTyA64-mo,TRACK_1,"213B Phan Văn Khỏe (Quận 6, TP. Hồ Chí Minh)",,TRACK_1,"213B Phan Văn Khỏe (Quận 6, TP. Hồ Chí Minh)","213B Phan Văn Khỏe (Quận 6, TP. Hồ Chí Minh)",,0.9,,,0,0,0,0,0,0,0.081700,,,,,,,,,,,0,0,0,,5,measured_warm,deterministic_30_case_router_fixture,150,Measures safe Track 1/Track 2 routing only. It is not a full media/OCR/dish/place benchmark and cannot support exact-place or dish-accuracy claims.,
final,c1007231c2bf1dc77091bb381df5462de3dd6b6f,shorts-address-router-seed-v1,shorts_009,https://www.youtube.com/shorts/tYGQhyFdk6U,TRACK_1,"14 Trịnh Văn Cấn, Phường Cầu Ông Lãnh, Quận 1, TP. Hồ Chí Minh",,TRACK_1,"14 Trịnh Văn Cấn, Quận 1, TP. Hồ Chí Minh","14 Trịnh Văn Cấn, Quận 1, TP. Hồ Chí Minh",,0.9,,,0,0,0,0,0,0,0.388600,,,,,,,,,,,0,0,0,,5,measured_warm,deterministic_30_case_router_fixture,150,Measures safe Track 1/Track 2 routing only. It is not a full media/OCR/dish/place benchmark and cannot support exact-place or dish-accuracy claims.,
final,c1007231c2bf1dc77091bb381df5462de3dd6b6f,shorts-address-router-seed-v1,shorts_010,https://www.youtube.com/shorts/O2U5picQ9AU,TRACK_1,"371/67A Hẻm 371 Trường Chinh, Phường 14, Quận Tân Bình, TP. Hồ Chí Minh",,TRACK_2,[FOOD REVIEW] QUÁN SUSU ỐC-LẨU-NƯỚNG...,[FOOD REVIEW] QUÁN SUSU ỐC-LẨU-NƯỚNG...,,,,,0,0,0,1,0,0,0.073700,,,,,,,,,,,0,0,0,,5,measured_warm,deterministic_30_case_router_fixture,150,Measures safe Track 1/Track 2 routing only. It is not a full media/OCR/dish/place benchmark and cannot support exact-place or dish-accuracy claims.,
final,c1007231c2bf1dc77091bb381df5462de3dd6b6f,shorts-address-router-seed-v1,shorts_011,https://www.youtube.com/shorts/s3QtciG_lLQ,TRACK_2,,,TRACK_2,"12 Lê Lợi, Quận 1","12 Lê Lợi, Quận 1",,,,,1,0,0,0,0,0,0.046100,,,,,,,,,,,0,0,0,,5,measured_warm,deterministic_30_case_router_fixture,150,Measures safe Track 1/Track 2 routing only. It is not a full media/OCR/dish/place benchmark and cannot support exact-place or dish-accuracy claims.,
final,c1007231c2bf1dc77091bb381df5462de3dd6b6f,shorts-address-router-seed-v1,shorts_012,https://www.youtube.com/shorts/o3An_wnTC1M,TRACK_2,,,TRACK_2,"34 Nguyễn Huệ, Quận 1","34 Nguyễn Huệ, Quận 1",,,,,1,0,0,0,0,0,0.033000,,,,,,,,,,,0,0,0,,5,measured_warm,deterministic_30_case_router_fixture,150,Measures safe Track 1/Track 2 routing only. It is not a full media/OCR/dish/place benchmark and cannot support exact-place or dish-accuracy claims.,
final,c1007231c2bf1dc77091bb381df5462de3dd6b6f,shorts-address-router-seed-v1,shorts_013,https://www.youtube.com/shorts/XC8FdZWQ40w,TRACK_2,,,TRACK_2,"56 Trần Hưng Đạo, Quận 5","56 Trần Hưng Đạo, Quận 5",,,,,1,0,0,0,0,0,0.032400,,,,,,,,,,,0,0,0,,5,measured_warm,deterministic_30_case_router_fixture,150,Measures safe Track 1/Track 2 routing only. It is not a full media/OCR/dish/place benchmark and cannot support exact-place or dish-accuracy claims.,
final,c1007231c2bf1dc77091bb381df5462de3dd6b6f,shorts-address-router-seed-v1,shorts_014,https://www.youtube.com/shorts/5e3nN9TmaAo,TRACK_2,,,TRACK_2,"78 Thái Phiên, Quận 11","78 Thái Phiên, Quận 11",,,,,1,0,0,0,0,0,0.030100,,,,,,,,,,,0,0,0,,5,measured_warm,deterministic_30_case_router_fixture,150,Measures safe Track 1/Track 2 routing only. It is not a full media/OCR/dish/place benchmark and cannot support exact-place or dish-accuracy claims.,
final,c1007231c2bf1dc77091bb381df5462de3dd6b6f,shorts-address-router-seed-v1,shorts_015,https://www.youtube.com/shorts/Vo2vRItP1d8,TRACK_2,,,TRACK_2,"90 Trường Chinh, Quận Tân Bình","90 Trường Chinh, Quận Tân Bình",,,,,1,0,0,0,0,0,0.034800,,,,,,,,,,,0,0,0,,5,measured_warm,deterministic_30_case_router_fixture,150,Measures safe Track 1/Track 2 routing only. It is not a full media/OCR/dish/place benchmark and cannot support exact-place or dish-accuracy claims.,
final,c1007231c2bf1dc77091bb381df5462de3dd6b6f,shorts-address-router-seed-v1,shorts_016,https://m.youtube.com/shorts/zGrWnb9C84c,TRACK_2,,,TRACK_2,"102 Phan Xích Long, Phú Nhuận","102 Phan Xích Long, Phú Nhuận",,,,,1,0,0,0,0,0,0.036700,,,,,,,,,,,0,0,0,,5,measured_warm,deterministic_30_case_router_fixture,150,Measures safe Track 1/Track 2 routing only. It is not a full media/OCR/dish/place benchmark and cannot support exact-place or dish-accuracy claims.,
final,c1007231c2bf1dc77091bb381df5462de3dd6b6f,shorts-address-router-seed-v1,shorts_017,https://www.youtube.com/shorts/avLPlQA7w0I,TRACK_2,,,TRACK_2,"NỘM LONG VI DUNG - 23 Hồ Hoàn Kiếm, Quận Hoàn Kiếm, Hà Nội","NỘM LONG VI DUNG - 23 Hồ Hoàn Kiếm, Quận Hoàn Kiếm, Hà Nội",,,,,1,0,0,0,0,0,0.054600,,,,,,,,,,,0,0,0,,5,measured_warm,deterministic_30_case_router_fixture,150,Measures safe Track 1/Track 2 routing only. It is not a full media/OCR/dish/place benchmark and cannot support exact-place or dish-accuracy claims.,
final,c1007231c2bf1dc77091bb381df5462de3dd6b6f,shorts-address-router-seed-v1,shorts_018,https://www.youtube.com/shorts/W8ewx2gZqU4,TRACK_2,,,TRACK_2,,,,,,,1,0,0,0,0,0,0.043200,,,,,,,,,,,0,0,0,,5,measured_warm,deterministic_30_case_router_fixture,150,Measures safe Track 1/Track 2 routing only. It is not a full media/OCR/dish/place benchmark and cannot support exact-place or dish-accuracy claims.,
final,c1007231c2bf1dc77091bb381df5462de3dd6b6f,shorts-address-router-seed-v1,shorts_019,https://www.youtube.com/shorts/i-_71qo3mOE,TRACK_2,,,TRACK_2,Tổng hợp quán ăn ngon Quận 8 rất nhiều quán ngon đón chờ #tieusanhdaily #foodreview #anngon #amthuc,Tổng hợp quán ăn ngon Quận 8 rất nhiều quán ngon đón chờ #tieusanhdaily #foodreview #anngon #amthuc,,,,,1,0,0,0,0,0,0.037100,,,,,,,,,,,0,0,0,,5,measured_warm,deterministic_30_case_router_fixture,150,Measures safe Track 1/Track 2 routing only. It is not a full media/OCR/dish/place benchmark and cannot support exact-place or dish-accuracy claims.,
final,c1007231c2bf1dc77091bb381df5462de3dd6b6f,shorts-address-router-seed-v1,shorts_020,https://www.youtube.com/shorts/jsJ8bkSfC-c,TRACK_2,,,TRACK_2,,,,,,,1,0,0,0,0,0,0.040200,,,,,,,,,,,0,0,0,,5,measured_warm,deterministic_30_case_router_fixture,150,Measures safe Track 1/Track 2 routing only. It is not a full media/OCR/dish/place benchmark and cannot support exact-place or dish-accuracy claims.,
final,c1007231c2bf1dc77091bb381df5462de3dd6b6f,shorts-address-router-seed-v1,shorts_021,https://m.youtube.com/shorts/ABu9EuMbb5A,TRACK_2,,,TRACK_2,"... tại địa chỉ 216 Hoàng Ngân, Hà Nội...","... tại địa chỉ 216 Hoàng Ngân, Hà Nội...",,,,,1,0,0,0,0,0,0.035400,,,,,,,,,,,0,0,0,,5,measured_warm,deterministic_30_case_router_fixture,150,Measures safe Track 1/Track 2 routing only. It is not a full media/OCR/dish/place benchmark and cannot support exact-place or dish-accuracy claims.,
final,c1007231c2bf1dc77091bb381df5462de3dd6b6f,shorts-address-router-seed-v1,shorts_022,https://www.youtube.com/shorts/WDckuulKB6g,TRACK_2,,,TRACK_2,,,,,,,1,0,0,0,0,0,0.038900,,,,,,,,,,,0,0,0,,5,measured_warm,deterministic_30_case_router_fixture,150,Measures safe Track 1/Track 2 routing only. It is not a full media/OCR/dish/place benchmark and cannot support exact-place or dish-accuracy claims.,
final,c1007231c2bf1dc77091bb381df5462de3dd6b6f,shorts-address-router-seed-v1,shorts_023,https://www.youtube.com/shorts/Gv5Kcox1gIQ,TRACK_2,,,TRACK_2,... có một quán ăn nhỏ... địa chỉ mỳ ...,... có một quán ăn nhỏ... địa chỉ mỳ ...,,,,,1,0,0,0,0,0,0.035900,,,,,,,,,,,0,0,0,,5,measured_warm,deterministic_30_case_router_fixture,150,Measures safe Track 1/Track 2 routing only. It is not a full media/OCR/dish/place benchmark and cannot support exact-place or dish-accuracy claims.,
final,c1007231c2bf1dc77091bb381df5462de3dd6b6f,shorts-address-router-seed-v1,shorts_024,https://www.youtube.com/shorts/MFJYWsgZ3gA,TRACK_2,,,TRACK_2,,,,,,,1,0,0,0,0,0,0.022200,,,,,,,,,,,0,0,0,,5,measured_warm,deterministic_30_case_router_fixture,150,Measures safe Track 1/Track 2 routing only. It is not a full media/OCR/dish/place benchmark and cannot support exact-place or dish-accuracy claims.,
final,c1007231c2bf1dc77091bb381df5462de3dd6b6f,shorts-address-router-seed-v1,shorts_025,https://www.youtube.com/shorts/QdAGUbaZj0U,TRACK_2,,,TRACK_2,Top món ngon ở Quận 5 không phải ai cũng biết | Đi Đâu Sài Gòn,Top món ngon ở Quận 5 không phải ai cũng biết | Đi Đâu Sài Gòn,,,,,1,0,0,0,0,0,0.029500,,,,,,,,,,,0,0,0,,5,measured_warm,deterministic_30_case_router_fixture,150,Measures safe Track 1/Track 2 routing only. It is not a full media/OCR/dish/place benchmark and cannot support exact-place or dish-accuracy claims.,
final,c1007231c2bf1dc77091bb381df5462de3dd6b6f,shorts-address-router-seed-v1,shorts_026,https://www.youtube.com/shorts/9BZ8f4B300E,TRACK_2,,,TRACK_2,Địa chỉ các nơi trong video: ...,Địa chỉ các nơi trong video: ...,,,,,1,0,0,0,0,0,0.028900,,,,,,,,,,,0,0,0,,5,measured_warm,deterministic_30_case_router_fixture,150,Measures safe Track 1/Track 2 routing only. It is not a full media/OCR/dish/place benchmark and cannot support exact-place or dish-accuracy claims.,
final,c1007231c2bf1dc77091bb381df5462de3dd6b6f,shorts-address-router-seed-v1,shorts_027,https://www.youtube.com/shorts/qONsGB7T-Ig,TRACK_2,,,TRACK_2,,,,,,,1,0,0,0,0,0,0.017700,,,,,,,,,,,0,0,0,,5,measured_warm,deterministic_30_case_router_fixture,150,Measures safe Track 1/Track 2 routing only. It is not a full media/OCR/dish/place benchmark and cannot support exact-place or dish-accuracy claims.,
final,c1007231c2bf1dc77091bb381df5462de3dd6b6f,shorts-address-router-seed-v1,shorts_028,https://www.youtube.com/shorts/tTXYvs45-yk,TRACK_2,,,TRACK_2,,,,,,,1,0,0,0,0,0,0.194600,,,,,,,,,,,0,0,0,,5,measured_warm,deterministic_30_case_router_fixture,150,Measures safe Track 1/Track 2 routing only. It is not a full media/OCR/dish/place benchmark and cannot support exact-place or dish-accuracy claims.,
final,c1007231c2bf1dc77091bb381df5462de3dd6b6f,shorts-address-router-seed-v1,shorts_029,https://www.youtube.com/shorts/qr_LgJ2N3Ro,TRACK_2,,,TRACK_2,,,,,,,1,0,0,0,0,0,0.047100,,,,,,,,,,,0,0,0,,5,measured_warm,deterministic_30_case_router_fixture,150,Measures safe Track 1/Track 2 routing only. It is not a full media/OCR/dish/place benchmark and cannot support exact-place or dish-accuracy claims.,
final,c1007231c2bf1dc77091bb381df5462de3dd6b6f,shorts-address-router-seed-v1,shorts_030,https://www.youtube.com/shorts/eM_uLz7n0Qs,TRACK_2,,,TRACK_2,"... tại địa chỉ số 1 Đông Thái, Chợ Gạo...","... tại địa chỉ số 1 Đông Thái, Chợ Gạo...",,,,,1,0,0,0,0,0,0.038300,,,,,,,,,,,0,0,0,,5,measured_warm,deterministic_30_case_router_fixture,150,Measures safe Track 1/Track 2 routing only. It is not a full media/OCR/dish/place benchmark and cannot support exact-place or dish-accuracy claims.,
